origen,tipo,destino,fecha,nota,fuente
co:cc:c-221:1992,interpreta,co:constitucion:1991:art:1,,,http://www.secretariasenado.gov.co/senado/basedoc/constitucion_politica_1991.html
co:cc:c-478:1992,interpreta,co:constitucion:1991:art:1,,,http://www.secretariasenado.gov.co/senado/basedoc/constitucion_politica_1991.html
co:cc:c-479:1992,interpreta,co:constitucion:1991:art:1,,,http://www.secretariasenado.gov.co/senado/basedoc/constitucion_politica_1991.html
co:cc:c-517:1992,interpreta,co:constitucion:1991:art:1,,,http://www.secretariasenado.gov.co/senado/basedoc/constitucion_politica_1991.html
co:cc:c-541:1992,interpreta,co:constitucion:1991:art:1,,,http://www.secretariasenado.gov.co/senado/basedoc/constitucion_politica_1991.html
co:cc:c-543:1992,interpreta,co:constitucion:1991:art:1,,,http://www.secretariasenado.gov.co/senado/basedoc/constitucion_politica_1991.html
co:cc:c-544:1992,interpreta,co:constitucion:1991:art:1,,,http://www.secretariasenado.gov.co/senado/basedoc/constitucion_politica_1991.html
co:cc:c-546:1992,interpreta,co:constitucion:1991:art:1,,,http://www.secretariasenado.gov.co/senado/basedoc/constitucion_politica_1991.html
co:cc:c-556:1992,interpreta,co:constitucion:1991:art:1,,,http://www.secretariasenado.gov.co/senado/basedoc/constitucion_politica_1991.html
co:cc:c-561:1992,interpreta,co:constitucion:1991:art:1,,,http://www.secretariasenado.gov.co/senado/basedoc/constitucion_politica_1991.html
co:cc:c-575:1992,interpreta,co:constitucion:1991:art:1,,,http://www.secretariasenado.gov.co/senado/basedoc/constitucion_politica_1991.html
co:cc:c-587:1992,interpreta,co:constitucion:1991:art:1,,,http://www.secretariasenado.gov.co/senado/basedoc/constitucion_politica_1991.html
co:cc:c-588:1992,interpreta,co:constitucion:1991:art:1,,,http://www.secretariasenado.gov.co/senado/basedoc/constitucion_politica_1991.html
co:cc:c-590:1992,interpreta,co:constitucion:1991:art:1,,,http://www.secretariasenado.gov.co/senado/basedoc/constitucion_politica_1991.html
co:cc:c-263:1996,interpreta,co:constitucion:1991:art:1,,,http://www.secretariasenado.gov.co/senado/basedoc/constitucion_politica_1991.html
co:cc:c-284:1997,interpreta,co:constitucion:1991:art:1,,,http://www.secretariasenado.gov.co/senado/basedoc/constitucion_politica_1991.html
co:cc:c-702:1999,interpreta,co:constitucion:1991:art:1,,,http://www.secretariasenado.gov.co/senado/basedoc/constitucion_politica_1991.html
co:cc:c-1064:2001,interpreta,co:constitucion:1991:art:1,,,http://www.secretariasenado.gov.co/senado/basedoc/constitucion_politica_1991.html
co:cc:c-034:2003,interpreta,co:constitucion:1991:art:1,,,http://www.secretariasenado.gov.co/senado/basedoc/constitucion_politica_1991.html
co:cc:c-041:2003,interpreta,co:constitucion:1991:art:1,,,http://www.secretariasenado.gov.co/senado/basedoc/constitucion_politica_1991.html
co:cc:c-068:2003,interpreta,co:constitucion:1991:art:1,,,http://www.secretariasenado.gov.co/senado/basedoc/constitucion_politica_1991.html
co:cc:c-102:2003,interpreta,co:constitucion:1991:art:1,,,http://www.secretariasenado.gov.co/senado/basedoc/constitucion_politica_1991.html
co:cc:c-127:2003,interpreta,co:constitucion:1991:art:1,,,http://www.secretariasenado.gov.co/senado/basedoc/constitucion_politica_1991.html
co:cc:c-128:2003,interpreta,co:constitucion:1991:art:1,,,http://www.secretariasenado.gov.co/senado/basedoc/constitucion_politica_1991.html
co:cc:c-129:2003,interpreta,co:constitucion:1991:art:1,,,http://www.secretariasenado.gov.co/senado/basedoc/constitucion_politica_1991.html
co:cc:c-151:2003,interpreta,co:constitucion:1991:art:1,,,http://www.secretariasenado.gov.co/senado/basedoc/constitucion_politica_1991.html
co:cc:c-152:2003,interpreta,co:constitucion:1991:art:1,,,http://www.secretariasenado.gov.co/senado/basedoc/constitucion_politica_1991.html
co:cc:c-181:2003,interpreta,co:constitucion:1991:art:1,,,http://www.secretariasenado.gov.co/senado/basedoc/constitucion_politica_1991.html
co:cc:c-356:2003,interpreta,co:constitucion:1991:art:1,,,http://www.secretariasenado.gov.co/senado/basedoc/constitucion_politica_1991.html
co:cc:c-402:2003,interpreta,co:constitucion:1991:art:1,,,http://www.secretariasenado.gov.co/senado/basedoc/constitucion_politica_1991.html
co:cc:c-408:2003,interpreta,co:constitucion:1991:art:1,,,http://www.secretariasenado.gov.co/senado/basedoc/constitucion_politica_1991.html
co:cc:c-450:2003,interpreta,co:constitucion:1991:art:1,,,http://www.secretariasenado.gov.co/senado/basedoc/constitucion_politica_1991.html
co:cc:c-572:2003,interpreta,co:constitucion:1991:art:1,,,http://www.secretariasenado.gov.co/senado/basedoc/constitucion_politica_1991.html
co:cc:c-1003:2003,interpreta,co:constitucion:1991:art:1,,,http://www.secretariasenado.gov.co/senado/basedoc/constitucion_politica_1991.html
co:cc:c-1017:2003,interpreta,co:constitucion:1991:art:1,,,http://www.secretariasenado.gov.co/senado/basedoc/constitucion_politica_1991.html
co:cc:c-1055:2003,interpreta,co:constitucion:1991:art:1,,,http://www.secretariasenado.gov.co/senado/basedoc/constitucion_politica_1991.html
co:cc:c-022:2004,interpreta,co:constitucion:1991:art:1,,,http://www.secretariasenado.gov.co/senado/basedoc/constitucion_politica_1991.html
co:cc:c-038:2004,interpreta,co:constitucion:1991:art:1,,,http://www.secretariasenado.gov.co/senado/basedoc/constitucion_politica_1991.html
co:cc:c-047:2004,interpreta,co:constitucion:1991:art:1,,,http://www.secretariasenado.gov.co/senado/basedoc/constitucion_politica_1991.html
co:cc:c-105:2004,interpreta,co:constitucion:1991:art:1,,,http://www.secretariasenado.gov.co/senado/basedoc/constitucion_politica_1991.html
co:cc:c-150:2004,interpreta,co:constitucion:1991:art:1,,,http://www.secretariasenado.gov.co/senado/basedoc/constitucion_politica_1991.html
co:cc:c-151:2004,interpreta,co:constitucion:1991:art:1,,,http://www.secretariasenado.gov.co/senado/basedoc/constitucion_politica_1991.html
co:cc:c-157:2004,interpreta,co:constitucion:1991:art:1,,,http://www.secretariasenado.gov.co/senado/basedoc/constitucion_politica_1991.html
co:cc:c-171:2004,interpreta,co:constitucion:1991:art:1,,,http://www.secretariasenado.gov.co/senado/basedoc/constitucion_politica_1991.html
co:cc:c-176:2004,interpreta,co:constitucion:1991:art:1,,,http://www.secretariasenado.gov.co/senado/basedoc/constitucion_politica_1991.html
co:cc:c-224:2004,interpreta,co:constitucion:1991:art:1,,,http://www.secretariasenado.gov.co/senado/basedoc/constitucion_politica_1991.html
co:cc:c-227:2004,interpreta,co:constitucion:1991:art:1,,,http://www.secretariasenado.gov.co/senado/basedoc/constitucion_politica_1991.html
co:cc:c-314:2004,interpreta,co:constitucion:1991:art:1,,,http://www.secretariasenado.gov.co/senado/basedoc/constitucion_politica_1991.html
co:cc:c-352:2004,interpreta,co:constitucion:1991:art:1,,,http://www.secretariasenado.gov.co/senado/basedoc/constitucion_politica_1991.html
co:cc:c-355:2004,interpreta,co:constitucion:1991:art:1,,,http://www.secretariasenado.gov.co/senado/basedoc/constitucion_politica_1991.html
co:cc:c-369:2004,interpreta,co:constitucion:1991:art:1,,,http://www.secretariasenado.gov.co/senado/basedoc/constitucion_politica_1991.html
co:cc:c-379:2004,interpreta,co:constitucion:1991:art:1,,,http://www.secretariasenado.gov.co/senado/basedoc/constitucion_politica_1991.html
co:cc:c-431:2004,interpreta,co:constitucion:1991:art:1,,,http://www.secretariasenado.gov.co/senado/basedoc/constitucion_politica_1991.html
co:cc:c-432:2004,interpreta,co:constitucion:1991:art:1,,,http://www.secretariasenado.gov.co/senado/basedoc/constitucion_politica_1991.html
co:cc:c-457:2004,interpreta,co:constitucion:1991:art:1,,,http://www.secretariasenado.gov.co/senado/basedoc/constitucion_politica_1991.html
co:cc:c-458:2004,interpreta,co:constitucion:1991:art:1,,,http://www.secretariasenado.gov.co/senado/basedoc/constitucion_politica_1991.html
co:cc:c-459:2004,interpreta,co:constitucion:1991:art:1,,,http://www.secretariasenado.gov.co/senado/basedoc/constitucion_politica_1991.html
co:cc:c-474:2004,interpreta,co:constitucion:1991:art:1,,,http://www.secretariasenado.gov.co/senado/basedoc/constitucion_politica_1991.html
co:cc:c-508:2004,interpreta,co:constitucion:1991:art:1,,,http://www.secretariasenado.gov.co/senado/basedoc/constitucion_politica_1991.html
co:cc:c-512:2004,interpreta,co:constitucion:1991:art:1,,,http://www.secretariasenado.gov.co/senado/basedoc/constitucion_politica_1991.html
co:cc:c-513:2004,interpreta,co:constitucion:1991:art:1,,,http://www.secretariasenado.gov.co/senado/basedoc/constitucion_politica_1991.html
co:cc:c-448:2005,interpreta,co:constitucion:1991:art:1,,,http://www.secretariasenado.gov.co/senado/basedoc/constitucion_politica_1991.html
co:cc:c-822:2005,interpreta,co:constitucion:1991:art:1,,,http://www.secretariasenado.gov.co/senado/basedoc/constitucion_politica_1991.html
co:cc:c-121:2006,interpreta,co:constitucion:1991:art:1,,,http://www.secretariasenado.gov.co/senado/basedoc/constitucion_politica_1991.html
co:cc:c-319:2007,interpreta,co:constitucion:1991:art:1,,,http://www.secretariasenado.gov.co/senado/basedoc/constitucion_politica_1991.html
co:cc:c-272:2016,interpreta,co:constitucion:1991:art:1,,,http://www.secretariasenado.gov.co/senado/basedoc/constitucion_politica_1991.html
co:cc:c-221:1992,interpreta,co:constitucion:1991:art:2,,,http://www.secretariasenado.gov.co/senado/basedoc/constitucion_politica_1991.html
co:cc:c-478:1992,interpreta,co:constitucion:1991:art:2,,,http://www.secretariasenado.gov.co/senado/basedoc/constitucion_politica_1991.html
co:cc:c-479:1992,interpreta,co:constitucion:1991:art:2,,,http://www.secretariasenado.gov.co/senado/basedoc/constitucion_politica_1991.html
co:cc:c-517:1992,interpreta,co:constitucion:1991:art:2,,,http://www.secretariasenado.gov.co/senado/basedoc/constitucion_politica_1991.html
co:cc:c-541:1992,interpreta,co:constitucion:1991:art:2,,,http://www.secretariasenado.gov.co/senado/basedoc/constitucion_politica_1991.html
co:cc:c-543:1992,interpreta,co:constitucion:1991:art:2,,,http://www.secretariasenado.gov.co/senado/basedoc/constitucion_politica_1991.html
co:cc:c-544:1992,interpreta,co:constitucion:1991:art:2,,,http://www.secretariasenado.gov.co/senado/basedoc/constitucion_politica_1991.html
co:cc:c-546:1992,interpreta,co:constitucion:1991:art:2,,,http://www.secretariasenado.gov.co/senado/basedoc/constitucion_politica_1991.html
co:cc:c-556:1992,interpreta,co:constitucion:1991:art:2,,,http://www.secretariasenado.gov.co/senado/basedoc/constitucion_politica_1991.html
co:cc:c-561:1992,interpreta,co:constitucion:1991:art:2,,,http://www.secretariasenado.gov.co/senado/basedoc/constitucion_politica_1991.html
co:cc:c-575:1992,interpreta,co:constitucion:1991:art:2,,,http://www.secretariasenado.gov.co/senado/basedoc/constitucion_politica_1991.html
co:cc:c-587:1992,interpreta,co:constitucion:1991:art:2,,,http://www.secretariasenado.gov.co/senado/basedoc/constitucion_politica_1991.html
co:cc:c-588:1992,interpreta,co:constitucion:1991:art:2,,,http://www.secretariasenado.gov.co/senado/basedoc/constitucion_politica_1991.html
co:cc:c-590:1992,interpreta,co:constitucion:1991:art:2,,,http://www.secretariasenado.gov.co/senado/basedoc/constitucion_politica_1991.html
co:cc:c-180:1994,interpreta,co:constitucion:1991:art:2,,,http://www.secretariasenado.gov.co/senado/basedoc/constitucion_politica_1991.html
co:cc:c-263:1996,interpreta,co:constitucion:1991:art:2,,,http://www.secretariasenado.gov.co/senado/basedoc/constitucion_politica_1991.html
co:cc:c-284:1997,interpreta,co:constitucion:1991:art:2,,,http://www.secretariasenado.gov.co/senado/basedoc/constitucion_politica_1991.html
co:cc:c-702:1999,interpreta,co:constitucion:1991:art:2,,,http://www.secretariasenado.gov.co/senado/basedoc/constitucion_politica_1991.html
co:cc:c-041:2003,interpreta,co:constitucion:1991:art:2,,,http://www.secretariasenado.gov.co/senado/basedoc/constitucion_politica_1991.html
co:cc:c-102:2003,interpreta,co:constitucion:1991:art:2,,,http://www.secretariasenado.gov.co/senado/basedoc/constitucion_politica_1991.html
co:cc:c-103:2003,interpreta,co:constitucion:1991:art:2,,,http://www.secretariasenado.gov.co/senado/basedoc/constitucion_politica_1991.html
co:cc:c-152:2003,interpreta,co:constitucion:1991:art:2,,,http://www.secretariasenado.gov.co/senado/basedoc/constitucion_politica_1991.html
co:cc:c-181:2003,interpreta,co:constitucion:1991:art:2,,,http://www.secretariasenado.gov.co/senado/basedoc/constitucion_politica_1991.html
co:cc:c-204:2003,interpreta,co:constitucion:1991:art:2,,,http://www.secretariasenado.gov.co/senado/basedoc/constitucion_politica_1991.html
co:cc:c-317:2003,interpreta,co:constitucion:1991:art:2,,,http://www.secretariasenado.gov.co/senado/basedoc/constitucion_politica_1991.html
co:cc:c-329:2003,interpreta,co:constitucion:1991:art:2,,,http://www.secretariasenado.gov.co/senado/basedoc/constitucion_politica_1991.html
co:cc:c-356:2003,interpreta,co:constitucion:1991:art:2,,,http://www.secretariasenado.gov.co/senado/basedoc/constitucion_politica_1991.html
co:cc:c-385:2003,interpreta,co:constitucion:1991:art:2,,,http://www.secretariasenado.gov.co/senado/basedoc/constitucion_politica_1991.html
co:cc:c-402:2003,interpreta,co:constitucion:1991:art:2,,,http://www.secretariasenado.gov.co/senado/basedoc/constitucion_politica_1991.html
co:cc:c-408:2003,interpreta,co:constitucion:1991:art:2,,,http://www.secretariasenado.gov.co/senado/basedoc/constitucion_politica_1991.html
co:cc:c-431:2003,interpreta,co:constitucion:1991:art:2,,,http://www.secretariasenado.gov.co/senado/basedoc/constitucion_politica_1991.html
co:cc:c-572:2003,interpreta,co:constitucion:1991:art:2,,,http://www.secretariasenado.gov.co/senado/basedoc/constitucion_politica_1991.html
co:cc:c-573:2003,interpreta,co:constitucion:1991:art:2,,,http://www.secretariasenado.gov.co/senado/basedoc/constitucion_politica_1991.html
co:cc:c-902:2003,interpreta,co:constitucion:1991:art:2,,,http://www.secretariasenado.gov.co/senado/basedoc/constitucion_politica_1991.html
co:cc:c-941:2003,interpreta,co:constitucion:1991:art:2,,,http://www.secretariasenado.gov.co/senado/basedoc/constitucion_politica_1991.html
co:cc:c-1017:2003,interpreta,co:constitucion:1991:art:2,,,http://www.secretariasenado.gov.co/senado/basedoc/constitucion_politica_1991.html
co:cc:c-1055:2003,interpreta,co:constitucion:1991:art:2,,,http://www.secretariasenado.gov.co/senado/basedoc/constitucion_politica_1991.html
co:cc:c-014:2004,interpreta,co:constitucion:1991:art:2,,,http://www.secretariasenado.gov.co/senado/basedoc/constitucion_politica_1991.html
co:cc:c-018:2004,interpreta,co:constitucion:1991:art:2,,,http://www.secretariasenado.gov.co/senado/basedoc/constitucion_politica_1991.html
co:cc:c-019:2004,interpreta,co:constitucion:1991:art:2,,,http://www.secretariasenado.gov.co/senado/basedoc/constitucion_politica_1991.html
co:cc:c-023:2004,interpreta,co:constitucion:1991:art:2,,,http://www.secretariasenado.gov.co/senado/basedoc/constitucion_politica_1991.html
co:cc:c-037:2004,interpreta,co:constitucion:1991:art:2,,,http://www.secretariasenado.gov.co/senado/basedoc/constitucion_politica_1991.html
co:cc:c-038:2004,interpreta,co:constitucion:1991:art:2,,,http://www.secretariasenado.gov.co/senado/basedoc/constitucion_politica_1991.html
co:cc:c-041:2004,interpreta,co:constitucion:1991:art:2,,,http://www.secretariasenado.gov.co/senado/basedoc/constitucion_politica_1991.html
co:cc:c-042:2004,interpreta,co:constitucion:1991:art:2,,,http://www.secretariasenado.gov.co/senado/basedoc/constitucion_politica_1991.html
co:cc:c-047:2004,interpreta,co:constitucion:1991:art:2,,,http://www.secretariasenado.gov.co/senado/basedoc/constitucion_politica_1991.html
co:cc:c-075:2004,interpreta,co:constitucion:1991:art:2,,,http://www.secretariasenado.gov.co/senado/basedoc/constitucion_politica_1991.html
co:cc:c-077:2004,interpreta,co:constitucion:1991:art:2,,,http://www.secretariasenado.gov.co/senado/basedoc/constitucion_politica_1991.html
co:cc:c-108:2004,interpreta,co:constitucion:1991:art:2,,,http://www.secretariasenado.gov.co/senado/basedoc/constitucion_politica_1991.html
co:cc:c-150:2004,interpreta,co:constitucion:1991:art:2,,,http://www.secretariasenado.gov.co/senado/basedoc/constitucion_politica_1991.html
co:cc:c-153:2004,interpreta,co:constitucion:1991:art:2,,,http://www.secretariasenado.gov.co/senado/basedoc/constitucion_politica_1991.html
co:cc:c-171:2004,interpreta,co:constitucion:1991:art:2,,,http://www.secretariasenado.gov.co/senado/basedoc/constitucion_politica_1991.html
co:cc:c-173:2004,interpreta,co:constitucion:1991:art:2,,,http://www.secretariasenado.gov.co/senado/basedoc/constitucion_politica_1991.html
co:cc:c-174:2004,interpreta,co:constitucion:1991:art:2,,,http://www.secretariasenado.gov.co/senado/basedoc/constitucion_politica_1991.html
co:cc:c-224:2004,interpreta,co:constitucion:1991:art:2,,,http://www.secretariasenado.gov.co/senado/basedoc/constitucion_politica_1991.html
co:cc:c-249:2004,interpreta,co:constitucion:1991:art:2,,,http://www.secretariasenado.gov.co/senado/basedoc/constitucion_politica_1991.html
co:cc:c-250:2004,interpreta,co:constitucion:1991:art:2,,,http://www.secretariasenado.gov.co/senado/basedoc/constitucion_politica_1991.html
co:cc:c-347:2004,interpreta,co:constitucion:1991:art:2,,,http://www.secretariasenado.gov.co/senado/basedoc/constitucion_politica_1991.html
co:cc:c-352:2004,interpreta,co:constitucion:1991:art:2,,,http://www.secretariasenado.gov.co/senado/basedoc/constitucion_politica_1991.html
co:cc:c-355:2004,interpreta,co:constitucion:1991:art:2,,,http://www.secretariasenado.gov.co/senado/basedoc/constitucion_politica_1991.html
co:cc:c-369:2004,interpreta,co:constitucion:1991:art:2,,,http://www.secretariasenado.gov.co/senado/basedoc/constitucion_politica_1991.html
co:cc:c-376:2004,interpreta,co:constitucion:1991:art:2,,,http://www.secretariasenado.gov.co/senado/basedoc/constitucion_politica_1991.html
co:cc:c-379:2004,interpreta,co:constitucion:1991:art:2,,,http://www.secretariasenado.gov.co/senado/basedoc/constitucion_politica_1991.html
co:cc:c-431:2004,interpreta,co:constitucion:1991:art:2,,,http://www.secretariasenado.gov.co/senado/basedoc/constitucion_politica_1991.html
co:cc:c-432:2004,interpreta,co:constitucion:1991:art:2,,,http://www.secretariasenado.gov.co/senado/basedoc/constitucion_politica_1991.html
co:cc:c-457:2004,interpreta,co:constitucion:1991:art:2,,,http://www.secretariasenado.gov.co/senado/basedoc/constitucion_politica_1991.html
co:cc:c-458:2004,interpreta,co:constitucion:1991:art:2,,,http://www.secretariasenado.gov.co/senado/basedoc/constitucion_politica_1991.html
co:cc:c-474:2004,interpreta,co:constitucion:1991:art:2,,,http://www.secretariasenado.gov.co/senado/basedoc/constitucion_politica_1991.html
co:cc:c-508:2004,interpreta,co:constitucion:1991:art:2,,,http://www.secretariasenado.gov.co/senado/basedoc/constitucion_politica_1991.html
co:cc:c-513:2004,interpreta,co:constitucion:1991:art:2,,,http://www.secretariasenado.gov.co/senado/basedoc/constitucion_politica_1991.html
co:cc:c-569:2004,interpreta,co:constitucion:1991:art:2,,,http://www.secretariasenado.gov.co/senado/basedoc/constitucion_politica_1991.html
co:cc:c-471:2006,interpreta,co:constitucion:1991:art:2,,,http://www.secretariasenado.gov.co/senado/basedoc/constitucion_politica_1991.html
co:cc:c-278:2007,interpreta,co:constitucion:1991:art:2,,,http://www.secretariasenado.gov.co/senado/basedoc/constitucion_politica_1991.html
co:cc:c-885:2007,interpreta,co:constitucion:1991:art:2,,,http://www.secretariasenado.gov.co/senado/basedoc/constitucion_politica_1991.html
co:cc:c-415:2012,interpreta,co:constitucion:1991:art:2,,,http://www.secretariasenado.gov.co/senado/basedoc/constitucion_politica_1991.html
co:cc:c-1051:2012,interpreta,co:constitucion:1991:art:2,,,http://www.secretariasenado.gov.co/senado/basedoc/constitucion_politica_1991.html
co:cc:c-224:2013,interpreta,co:constitucion:1991:art:2,,,http://www.secretariasenado.gov.co/senado/basedoc/constitucion_politica_1991.html
co:cc:c-101:2018,interpreta,co:constitucion:1991:art:2,,,http://www.secretariasenado.gov.co/senado/basedoc/constitucion_politica_1991.html
co:cc:c-295:2019,interpreta,co:constitucion:1991:art:2,,,http://www.secretariasenado.gov.co/senado/basedoc/constitucion_politica_1991.html
co:cc:c-030:2023,interpreta,co:constitucion:1991:art:2,,,http://www.secretariasenado.gov.co/senado/basedoc/constitucion_politica_1991.html
co:cc:c-525:2023,interpreta,co:constitucion:1991:art:2,,,http://www.secretariasenado.gov.co/senado/basedoc/constitucion_politica_1991.html
co:cc:c-449:1992,interpreta,co:constitucion:1991:art:3,,,http://www.secretariasenado.gov.co/senado/basedoc/constitucion_politica_1991.html
co:cc:c-479:1992,interpreta,co:constitucion:1991:art:3,,,http://www.secretariasenado.gov.co/senado/basedoc/constitucion_politica_1991.html
co:cc:c-514:1992,interpreta,co:constitucion:1991:art:3,,,http://www.secretariasenado.gov.co/senado/basedoc/constitucion_politica_1991.html
co:cc:c-543:1992,interpreta,co:constitucion:1991:art:3,,,http://www.secretariasenado.gov.co/senado/basedoc/constitucion_politica_1991.html
co:cc:c-544:1992,interpreta,co:constitucion:1991:art:3,,,http://www.secretariasenado.gov.co/senado/basedoc/constitucion_politica_1991.html
co:cc:c-599:1992,interpreta,co:constitucion:1991:art:3,,,http://www.secretariasenado.gov.co/senado/basedoc/constitucion_politica_1991.html
co:cc:c-572:2003,interpreta,co:constitucion:1991:art:3,,,http://www.secretariasenado.gov.co/senado/basedoc/constitucion_politica_1991.html
co:cc:c-014:2004,interpreta,co:constitucion:1991:art:3,,,http://www.secretariasenado.gov.co/senado/basedoc/constitucion_politica_1991.html
co:cc:c-150:2004,interpreta,co:constitucion:1991:art:3,,,http://www.secretariasenado.gov.co/senado/basedoc/constitucion_politica_1991.html
co:cc:c-432:2004,interpreta,co:constitucion:1991:art:3,,,http://www.secretariasenado.gov.co/senado/basedoc/constitucion_politica_1991.html
co:cc:c-458:2004,interpreta,co:constitucion:1991:art:3,,,http://www.secretariasenado.gov.co/senado/basedoc/constitucion_politica_1991.html
co:cc:c-434:1992,interpreta,co:constitucion:1991:art:4,,,http://www.secretariasenado.gov.co/senado/basedoc/constitucion_politica_1991.html
co:cc:c-477:1992,interpreta,co:constitucion:1991:art:4,,,http://www.secretariasenado.gov.co/senado/basedoc/constitucion_politica_1991.html
co:cc:c-479:1992,interpreta,co:constitucion:1991:art:4,,,http://www.secretariasenado.gov.co/senado/basedoc/constitucion_politica_1991.html
co:cc:c-504:1992,interpreta,co:constitucion:1991:art:4,,,http://www.secretariasenado.gov.co/senado/basedoc/constitucion_politica_1991.html
co:cc:c-543:1992,interpreta,co:constitucion:1991:art:4,,,http://www.secretariasenado.gov.co/senado/basedoc/constitucion_politica_1991.html
co:cc:c-546:1992,interpreta,co:constitucion:1991:art:4,,,http://www.secretariasenado.gov.co/senado/basedoc/constitucion_politica_1991.html
co:cc:c-556:1992,interpreta,co:constitucion:1991:art:4,,,http://www.secretariasenado.gov.co/senado/basedoc/constitucion_politica_1991.html
co:cc:c-574:1992,interpreta,co:constitucion:1991:art:4,,,http://www.secretariasenado.gov.co/senado/basedoc/constitucion_politica_1991.html
co:cc:c-037:1996,interpreta,co:constitucion:1991:art:4,,,http://www.secretariasenado.gov.co/senado/basedoc/constitucion_politica_1991.html
co:cc:c-600:1998,interpreta,co:constitucion:1991:art:4,,,http://www.secretariasenado.gov.co/senado/basedoc/constitucion_politica_1991.html
co:cc:c-179:1999,interpreta,co:constitucion:1991:art:4,,,http://www.secretariasenado.gov.co/senado/basedoc/constitucion_politica_1991.html
co:cc:c-067:2003,interpreta,co:constitucion:1991:art:4,,,http://www.secretariasenado.gov.co/senado/basedoc/constitucion_politica_1991.html
co:cc:c-068:2003,interpreta,co:constitucion:1991:art:4,,,http://www.secretariasenado.gov.co/senado/basedoc/constitucion_politica_1991.html
co:cc:c-204:2003,interpreta,co:constitucion:1991:art:4,,,http://www.secretariasenado.gov.co/senado/basedoc/constitucion_politica_1991.html
co:cc:c-207:2003,interpreta,co:constitucion:1991:art:4,,,http://www.secretariasenado.gov.co/senado/basedoc/constitucion_politica_1991.html
co:cc:c-234:2003,interpreta,co:constitucion:1991:art:4,,,http://www.secretariasenado.gov.co/senado/basedoc/constitucion_politica_1991.html
co:cc:c-402:2003,interpreta,co:constitucion:1991:art:4,,,http://www.secretariasenado.gov.co/senado/basedoc/constitucion_politica_1991.html
co:cc:c-408:2003,interpreta,co:constitucion:1991:art:4,,,http://www.secretariasenado.gov.co/senado/basedoc/constitucion_politica_1991.html
co:cc:c-450:2003,interpreta,co:constitucion:1991:art:4,,,http://www.secretariasenado.gov.co/senado/basedoc/constitucion_politica_1991.html
co:cc:c-901:2003,interpreta,co:constitucion:1991:art:4,,,http://www.secretariasenado.gov.co/senado/basedoc/constitucion_politica_1991.html
co:cc:c-941:2003,interpreta,co:constitucion:1991:art:4,,,http://www.secretariasenado.gov.co/senado/basedoc/constitucion_politica_1991.html
co:cc:c-017:2004,interpreta,co:constitucion:1991:art:4,,,http://www.secretariasenado.gov.co/senado/basedoc/constitucion_politica_1991.html
co:cc:c-018:2004,interpreta,co:constitucion:1991:art:4,,,http://www.secretariasenado.gov.co/senado/basedoc/constitucion_politica_1991.html
co:cc:c-046:2004,interpreta,co:constitucion:1991:art:4,,,http://www.secretariasenado.gov.co/senado/basedoc/constitucion_politica_1991.html
co:cc:c-074:2004,interpreta,co:constitucion:1991:art:4,,,http://www.secretariasenado.gov.co/senado/basedoc/constitucion_politica_1991.html
co:cc:c-108:2004,interpreta,co:constitucion:1991:art:4,,,http://www.secretariasenado.gov.co/senado/basedoc/constitucion_politica_1991.html
co:cc:c-128:2004,interpreta,co:constitucion:1991:art:4,,,http://www.secretariasenado.gov.co/senado/basedoc/constitucion_politica_1991.html
co:cc:c-150:2004,interpreta,co:constitucion:1991:art:4,,,http://www.secretariasenado.gov.co/senado/basedoc/constitucion_politica_1991.html
co:cc:c-173:2004,interpreta,co:constitucion:1991:art:4,,,http://www.secretariasenado.gov.co/senado/basedoc/constitucion_politica_1991.html
co:cc:c-249:2004,interpreta,co:constitucion:1991:art:4,,,http://www.secretariasenado.gov.co/senado/basedoc/constitucion_politica_1991.html
co:cc:c-356:2004,interpreta,co:constitucion:1991:art:4,,,http://www.secretariasenado.gov.co/senado/basedoc/constitucion_politica_1991.html
co:cc:c-369:2004,interpreta,co:constitucion:1991:art:4,,,http://www.secretariasenado.gov.co/senado/basedoc/constitucion_politica_1991.html
co:cc:c-379:2004,interpreta,co:constitucion:1991:art:4,,,http://www.secretariasenado.gov.co/senado/basedoc/constitucion_politica_1991.html
co:cc:c-432:2004,interpreta,co:constitucion:1991:art:4,,,http://www.secretariasenado.gov.co/senado/basedoc/constitucion_politica_1991.html
co:cc:c-457:2004,interpreta,co:constitucion:1991:art:4,,,http://www.secretariasenado.gov.co/senado/basedoc/constitucion_politica_1991.html
co:cc:c-459:2004,interpreta,co:constitucion:1991:art:4,,,http://www.secretariasenado.gov.co/senado/basedoc/constitucion_politica_1991.html
co:cc:c-474:2004,interpreta,co:constitucion:1991:art:4,,,http://www.secretariasenado.gov.co/senado/basedoc/constitucion_politica_1991.html
co:cc:c-512:2004,interpreta,co:constitucion:1991:art:4,,,http://www.secretariasenado.gov.co/senado/basedoc/constitucion_politica_1991.html
co:cc:c-513:2004,interpreta,co:constitucion:1991:art:4,,,http://www.secretariasenado.gov.co/senado/basedoc/constitucion_politica_1991.html
co:cc:c-532:2006,interpreta,co:constitucion:1991:art:4,,,http://www.secretariasenado.gov.co/senado/basedoc/constitucion_politica_1991.html
co:cc:c-501:2006,interpreta,co:constitucion:1991:art:4,,,http://www.secretariasenado.gov.co/senado/basedoc/constitucion_politica_1991.html
co:cc:c-820:2006,interpreta,co:constitucion:1991:art:4,,,http://www.secretariasenado.gov.co/senado/basedoc/constitucion_politica_1991.html
co:cc:c-119:2008,interpreta,co:constitucion:1991:art:4,,,http://www.secretariasenado.gov.co/senado/basedoc/constitucion_politica_1991.html
co:cc:c-122:2011,interpreta,co:constitucion:1991:art:4,,,http://www.secretariasenado.gov.co/senado/basedoc/constitucion_politica_1991.html
co:cc:c-325:2021,interpreta,co:constitucion:1991:art:4,,,http://www.secretariasenado.gov.co/senado/basedoc/constitucion_politica_1991.html
co:cc:c-080:2024,interpreta,co:constitucion:1991:art:4,,,http://www.secretariasenado.gov.co/senado/basedoc/constitucion_politica_1991.html
co:cc:c-036:2025,interpreta,co:constitucion:1991:art:4,,,http://www.secretariasenado.gov.co/senado/basedoc/constitucion_politica_1991.html
co:cc:c-254:2025,interpreta,co:constitucion:1991:art:4,,,http://www.secretariasenado.gov.co/senado/basedoc/constitucion_politica_1991.html
co:cc:c-221:1992,interpreta,co:constitucion:1991:art:5,,,http://www.secretariasenado.gov.co/senado/basedoc/constitucion_politica_1991.html
co:cc:c-479:1992,interpreta,co:constitucion:1991:art:5,,,http://www.secretariasenado.gov.co/senado/basedoc/constitucion_politica_1991.html
co:cc:c-546:1992,interpreta,co:constitucion:1991:art:5,,,http://www.secretariasenado.gov.co/senado/basedoc/constitucion_politica_1991.html
co:cc:c-574:1992,interpreta,co:constitucion:1991:art:5,,,http://www.secretariasenado.gov.co/senado/basedoc/constitucion_politica_1991.html
co:cc:c-587:1992,interpreta,co:constitucion:1991:art:5,,,http://www.secretariasenado.gov.co/senado/basedoc/constitucion_politica_1991.html
co:cc:c-588:1992,interpreta,co:constitucion:1991:art:5,,,http://www.secretariasenado.gov.co/senado/basedoc/constitucion_politica_1991.html
co:cc:c-154:2003,interpreta,co:constitucion:1991:art:5,,,http://www.secretariasenado.gov.co/senado/basedoc/constitucion_politica_1991.html
co:cc:c-400:2003,interpreta,co:constitucion:1991:art:5,,,http://www.secretariasenado.gov.co/senado/basedoc/constitucion_politica_1991.html
co:cc:c-408:2003,interpreta,co:constitucion:1991:art:5,,,http://www.secretariasenado.gov.co/senado/basedoc/constitucion_politica_1991.html
co:cc:c-016:2004,interpreta,co:constitucion:1991:art:5,,,http://www.secretariasenado.gov.co/senado/basedoc/constitucion_politica_1991.html
co:cc:c-038:2004,interpreta,co:constitucion:1991:art:5,,,http://www.secretariasenado.gov.co/senado/basedoc/constitucion_politica_1991.html
co:cc:c-044:2004,interpreta,co:constitucion:1991:art:5,,,http://www.secretariasenado.gov.co/senado/basedoc/constitucion_politica_1991.html
co:cc:c-102:2004,interpreta,co:constitucion:1991:art:5,,,http://www.secretariasenado.gov.co/senado/basedoc/constitucion_politica_1991.html
co:cc:c-108:2004,interpreta,co:constitucion:1991:art:5,,,http://www.secretariasenado.gov.co/senado/basedoc/constitucion_politica_1991.html
co:cc:c-171:2004,interpreta,co:constitucion:1991:art:5,,,http://www.secretariasenado.gov.co/senado/basedoc/constitucion_politica_1991.html
co:cc:c-173:2004,interpreta,co:constitucion:1991:art:5,,,http://www.secretariasenado.gov.co/senado/basedoc/constitucion_politica_1991.html
co:cc:c-247:2004,interpreta,co:constitucion:1991:art:5,,,http://www.secretariasenado.gov.co/senado/basedoc/constitucion_politica_1991.html
co:cc:c-301:2004,interpreta,co:constitucion:1991:art:5,,,http://www.secretariasenado.gov.co/senado/basedoc/constitucion_politica_1991.html
co:cc:c-431:2004,interpreta,co:constitucion:1991:art:5,,,http://www.secretariasenado.gov.co/senado/basedoc/constitucion_politica_1991.html
co:cc:c-474:2004,interpreta,co:constitucion:1991:art:5,,,http://www.secretariasenado.gov.co/senado/basedoc/constitucion_politica_1991.html
co:cc:c-569:2004,interpreta,co:constitucion:1991:art:5,,,http://www.secretariasenado.gov.co/senado/basedoc/constitucion_politica_1991.html
co:cc:c-822:2005,interpreta,co:constitucion:1991:art:5,,,http://www.secretariasenado.gov.co/senado/basedoc/constitucion_politica_1991.html
co:cc:c-283:2011,interpreta,co:constitucion:1991:art:5,,,http://www.secretariasenado.gov.co/senado/basedoc/constitucion_politica_1991.html
co:cc:c-238:2012,interpreta,co:constitucion:1991:art:5,,,http://www.secretariasenado.gov.co/senado/basedoc/constitucion_politica_1991.html
co:cc:c-141:2018,interpreta,co:constitucion:1991:art:5,,,http://www.secretariasenado.gov.co/senado/basedoc/constitucion_politica_1991.html
co:cc:c-449:1992,interpreta,co:constitucion:1991:art:6,,,http://www.secretariasenado.gov.co/senado/basedoc/constitucion_politica_1991.html
co:cc:c-472:1992,interpreta,co:constitucion:1991:art:6,,,http://www.secretariasenado.gov.co/senado/basedoc/constitucion_politica_1991.html
co:cc:c-479:1992,interpreta,co:constitucion:1991:art:6,,,http://www.secretariasenado.gov.co/senado/basedoc/constitucion_politica_1991.html
co:cc:c-541:1992,interpreta,co:constitucion:1991:art:6,,,http://www.secretariasenado.gov.co/senado/basedoc/constitucion_politica_1991.html
co:cc:c-543:1992,interpreta,co:constitucion:1991:art:6,,,http://www.secretariasenado.gov.co/senado/basedoc/constitucion_politica_1991.html
co:cc:c-549:1992,interpreta,co:constitucion:1991:art:6,,,http://www.secretariasenado.gov.co/senado/basedoc/constitucion_politica_1991.html
co:cc:c-556:1992,interpreta,co:constitucion:1991:art:6,,,http://www.secretariasenado.gov.co/senado/basedoc/constitucion_politica_1991.html
co:cc:c-557:1992,interpreta,co:constitucion:1991:art:6,,,http://www.secretariasenado.gov.co/senado/basedoc/constitucion_politica_1991.html
co:cc:c-599:1992,interpreta,co:constitucion:1991:art:6,,,http://www.secretariasenado.gov.co/senado/basedoc/constitucion_politica_1991.html
co:cc:c-066:2003,interpreta,co:constitucion:1991:art:6,,,http://www.secretariasenado.gov.co/senado/basedoc/constitucion_politica_1991.html
co:cc:c-128:2003,interpreta,co:constitucion:1991:art:6,,,http://www.secretariasenado.gov.co/senado/basedoc/constitucion_politica_1991.html
co:cc:c-129:2003,interpreta,co:constitucion:1991:art:6,,,http://www.secretariasenado.gov.co/senado/basedoc/constitucion_politica_1991.html
co:cc:c-183:2003,interpreta,co:constitucion:1991:art:6,,,http://www.secretariasenado.gov.co/senado/basedoc/constitucion_politica_1991.html
co:cc:c-252:2003,interpreta,co:constitucion:1991:art:6,,,http://www.secretariasenado.gov.co/senado/basedoc/constitucion_politica_1991.html
co:cc:c-1055:2003,interpreta,co:constitucion:1991:art:6,,,http://www.secretariasenado.gov.co/senado/basedoc/constitucion_politica_1991.html
co:cc:c-1061:2003,interpreta,co:constitucion:1991:art:6,,,http://www.secretariasenado.gov.co/senado/basedoc/constitucion_politica_1991.html
co:cc:c-018:2004,interpreta,co:constitucion:1991:art:6,,,http://www.secretariasenado.gov.co/senado/basedoc/constitucion_politica_1991.html
co:cc:c-071:2004,interpreta,co:constitucion:1991:art:6,,,http://www.secretariasenado.gov.co/senado/basedoc/constitucion_politica_1991.html
co:cc:c-128:2004,interpreta,co:constitucion:1991:art:6,,,http://www.secretariasenado.gov.co/senado/basedoc/constitucion_politica_1991.html
co:cc:c-171:2004,interpreta,co:constitucion:1991:art:6,,,http://www.secretariasenado.gov.co/senado/basedoc/constitucion_politica_1991.html
co:cc:c-350:2004,interpreta,co:constitucion:1991:art:6,,,http://www.secretariasenado.gov.co/senado/basedoc/constitucion_politica_1991.html
co:cc:c-380:2004,interpreta,co:constitucion:1991:art:6,,,http://www.secretariasenado.gov.co/senado/basedoc/constitucion_politica_1991.html
co:cc:c-431:2004,interpreta,co:constitucion:1991:art:6,,,http://www.secretariasenado.gov.co/senado/basedoc/constitucion_politica_1991.html
co:cc:c-432:2004,interpreta,co:constitucion:1991:art:6,,,http://www.secretariasenado.gov.co/senado/basedoc/constitucion_politica_1991.html
co:cc:c-458:2004,interpreta,co:constitucion:1991:art:6,,,http://www.secretariasenado.gov.co/senado/basedoc/constitucion_politica_1991.html
co:cc:c-593:2005,interpreta,co:constitucion:1991:art:6,,,http://www.secretariasenado.gov.co/senado/basedoc/constitucion_politica_1991.html
co:cc:c-822:2005,interpreta,co:constitucion:1991:art:6,,,http://www.secretariasenado.gov.co/senado/basedoc/constitucion_politica_1991.html
co:cc:c-562:1992,interpreta,co:constitucion:1991:art:7,,,http://www.secretariasenado.gov.co/senado/basedoc/constitucion_politica_1991.html
co:cc:c-377:1994,interpreta,co:constitucion:1991:art:7,,,http://www.secretariasenado.gov.co/senado/basedoc/constitucion_politica_1991.html
co:cc:c-394:1995,interpreta,co:constitucion:1991:art:7,,,http://www.secretariasenado.gov.co/senado/basedoc/constitucion_politica_1991.html
co:cc:c-454:1999,interpreta,co:constitucion:1991:art:7,,,http://www.secretariasenado.gov.co/senado/basedoc/constitucion_politica_1991.html
co:cc:c-370:2002,interpreta,co:constitucion:1991:art:7,,,http://www.secretariasenado.gov.co/senado/basedoc/constitucion_politica_1991.html
co:cc:c-151:2003,interpreta,co:constitucion:1991:art:7,,,http://www.secretariasenado.gov.co/senado/basedoc/constitucion_politica_1991.html
co:cc:c-152:2003,interpreta,co:constitucion:1991:art:7,,,http://www.secretariasenado.gov.co/senado/basedoc/constitucion_politica_1991.html
co:cc:c-461:2008,interpreta,co:constitucion:1991:art:7,,,http://www.secretariasenado.gov.co/senado/basedoc/constitucion_politica_1991.html
co:cc:c-924:2009,interpreta,co:constitucion:1991:art:7,,,http://www.secretariasenado.gov.co/senado/basedoc/constitucion_politica_1991.html
co:cc:c-666:2010,interpreta,co:constitucion:1991:art:7,,,http://www.secretariasenado.gov.co/senado/basedoc/constitucion_politica_1991.html
co:cc:c-915:2010,interpreta,co:constitucion:1991:art:7,,,http://www.secretariasenado.gov.co/senado/basedoc/constitucion_politica_1991.html
co:cc:c-882:2011,interpreta,co:constitucion:1991:art:7,,,http://www.secretariasenado.gov.co/senado/basedoc/constitucion_politica_1991.html
co:cc:c-767:2012,interpreta,co:constitucion:1991:art:7,,,http://www.secretariasenado.gov.co/senado/basedoc/constitucion_politica_1991.html
co:cc:c-1051:2012,interpreta,co:constitucion:1991:art:7,,,http://www.secretariasenado.gov.co/senado/basedoc/constitucion_politica_1991.html
co:cc:c-295:2019,interpreta,co:constitucion:1991:art:7,,,http://www.secretariasenado.gov.co/senado/basedoc/constitucion_politica_1991.html
co:cc:c-480:2019,interpreta,co:constitucion:1991:art:7,,,http://www.secretariasenado.gov.co/senado/basedoc/constitucion_politica_1991.html
co:cc:c-103:2023,interpreta,co:constitucion:1991:art:7,,,http://www.secretariasenado.gov.co/senado/basedoc/constitucion_politica_1991.html
co:cc:c-204:1993,interpreta,co:constitucion:1991:art:8,,,http://www.secretariasenado.gov.co/senado/basedoc/constitucion_politica_1991.html
co:cc:c-216:1993,interpreta,co:constitucion:1991:art:8,,,http://www.secretariasenado.gov.co/senado/basedoc/constitucion_politica_1991.html
co:cc:c-246:1993,interpreta,co:constitucion:1991:art:8,,,http://www.secretariasenado.gov.co/senado/basedoc/constitucion_politica_1991.html
co:cc:c-276:1993,interpreta,co:constitucion:1991:art:8,,,http://www.secretariasenado.gov.co/senado/basedoc/constitucion_politica_1991.html
co:cc:c-530:1993,interpreta,co:constitucion:1991:art:8,,,http://www.secretariasenado.gov.co/senado/basedoc/constitucion_politica_1991.html
co:cc:c-474:2003,interpreta,co:constitucion:1991:art:8,,,http://www.secretariasenado.gov.co/senado/basedoc/constitucion_politica_1991.html
co:cc:c-1042:2003,interpreta,co:constitucion:1991:art:8,,,http://www.secretariasenado.gov.co/senado/basedoc/constitucion_politica_1991.html
co:cc:c-245:2004,interpreta,co:constitucion:1991:art:8,,,http://www.secretariasenado.gov.co/senado/basedoc/constitucion_politica_1991.html
co:cc:c-742:2006,interpreta,co:constitucion:1991:art:8,,,http://www.secretariasenado.gov.co/senado/basedoc/constitucion_politica_1991.html
co:cc:c-350:2013,interpreta,co:constitucion:1991:art:8,,,http://www.secretariasenado.gov.co/senado/basedoc/constitucion_politica_1991.html
co:cc:c-553:2014,interpreta,co:constitucion:1991:art:8,,,http://www.secretariasenado.gov.co/senado/basedoc/constitucion_politica_1991.html
co:cc:c-148:2022,interpreta,co:constitucion:1991:art:8,,,http://www.secretariasenado.gov.co/senado/basedoc/constitucion_politica_1991.html
co:cc:c-477:1992,interpreta,co:constitucion:1991:art:9,,,http://www.secretariasenado.gov.co/senado/basedoc/constitucion_politica_1991.html
co:cc:c-504:1992,interpreta,co:constitucion:1991:art:9,,,http://www.secretariasenado.gov.co/senado/basedoc/constitucion_politica_1991.html
co:cc:c-067:2003,interpreta,co:constitucion:1991:art:9,,,http://www.secretariasenado.gov.co/senado/basedoc/constitucion_politica_1991.html
co:cc:c-037:2004,interpreta,co:constitucion:1991:art:9,,,http://www.secretariasenado.gov.co/senado/basedoc/constitucion_politica_1991.html
co:cc:c-074:2004,interpreta,co:constitucion:1991:art:9,,,http://www.secretariasenado.gov.co/senado/basedoc/constitucion_politica_1991.html
co:cc:c-315:2004,interpreta,co:constitucion:1991:art:9,,,http://www.secretariasenado.gov.co/senado/basedoc/constitucion_politica_1991.html
co:cc:c-533:2004,interpreta,co:constitucion:1991:art:9,,,http://www.secretariasenado.gov.co/senado/basedoc/constitucion_politica_1991.html
co:cc:c-542:2005,interpreta,co:constitucion:1991:art:9,,,http://www.secretariasenado.gov.co/senado/basedoc/constitucion_politica_1991.html
co:cc:c-291:2007,interpreta,co:constitucion:1991:art:9,,,http://www.secretariasenado.gov.co/senado/basedoc/constitucion_politica_1991.html
co:cc:c-027:1993,interpreta,co:constitucion:1991:art:10,,,http://www.secretariasenado.gov.co/senado/basedoc/constitucion_politica_1991.html
co:cc:c-488:1993,interpreta,co:constitucion:1991:art:10,,,http://www.secretariasenado.gov.co/senado/basedoc/constitucion_politica_1991.html
co:cc:c-370:2002,interpreta,co:constitucion:1991:art:10,,,http://www.secretariasenado.gov.co/senado/basedoc/constitucion_politica_1991.html
co:cc:c-958:2007,interpreta,co:constitucion:1991:art:10,,,http://www.secretariasenado.gov.co/senado/basedoc/constitucion_politica_1991.html
co:cc:c-587:1992,interpreta,co:constitucion:1991:art:11,,,http://www.secretariasenado.gov.co/senado/basedoc/constitucion_politica_1991.html
co:cc:c-003:1993,interpreta,co:constitucion:1991:art:11,,,http://www.secretariasenado.gov.co/senado/basedoc/constitucion_politica_1991.html
co:cc:c-052:1993,interpreta,co:constitucion:1991:art:11,,,http://www.secretariasenado.gov.co/senado/basedoc/constitucion_politica_1991.html
co:cc:c-096:1993,interpreta,co:constitucion:1991:art:11,,,http://www.secretariasenado.gov.co/senado/basedoc/constitucion_politica_1991.html
co:cc:c-127:1993,interpreta,co:constitucion:1991:art:11,,,http://www.secretariasenado.gov.co/senado/basedoc/constitucion_politica_1991.html
co:cc:c-134:1993,interpreta,co:constitucion:1991:art:11,,,http://www.secretariasenado.gov.co/senado/basedoc/constitucion_politica_1991.html
co:cc:c-239:1997,interpreta,co:constitucion:1991:art:11,,,http://www.secretariasenado.gov.co/senado/basedoc/constitucion_politica_1991.html
co:cc:c-1055:2003,interpreta,co:constitucion:1991:art:11,,,http://www.secretariasenado.gov.co/senado/basedoc/constitucion_politica_1991.html
co:cc:c-171:2004,interpreta,co:constitucion:1991:art:11,,,http://www.secretariasenado.gov.co/senado/basedoc/constitucion_politica_1991.html
co:cc:c-431:2004,interpreta,co:constitucion:1991:art:11,,,http://www.secretariasenado.gov.co/senado/basedoc/constitucion_politica_1991.html
co:cc:c-1299:2005,interpreta,co:constitucion:1991:art:11,,,http://www.secretariasenado.gov.co/senado/basedoc/constitucion_politica_1991.html
co:cc:c-1300:2005,interpreta,co:constitucion:1991:art:11,,,http://www.secretariasenado.gov.co/senado/basedoc/constitucion_politica_1991.html
co:cc:c-355:2006,interpreta,co:constitucion:1991:art:11,,,http://www.secretariasenado.gov.co/senado/basedoc/constitucion_politica_1991.html
co:cc:c-327:2016,interpreta,co:constitucion:1991:art:11,,,http://www.secretariasenado.gov.co/senado/basedoc/constitucion_politica_1991.html
co:cc:c-233:2021,interpreta,co:constitucion:1991:art:11,,,http://www.secretariasenado.gov.co/senado/basedoc/constitucion_politica_1991.html
co:cc:c-055:2022,interpreta,co:constitucion:1991:art:11,,,http://www.secretariasenado.gov.co/senado/basedoc/constitucion_politica_1991.html
co:cc:c-574:1992,interpreta,co:constitucion:1991:art:12,,,http://www.secretariasenado.gov.co/senado/basedoc/constitucion_politica_1991.html
co:cc:c-587:1992,interpreta,co:constitucion:1991:art:12,,,http://www.secretariasenado.gov.co/senado/basedoc/constitucion_politica_1991.html
co:cc:c-171:2004,interpreta,co:constitucion:1991:art:12,,,http://www.secretariasenado.gov.co/senado/basedoc/constitucion_politica_1991.html
co:cc:c-431:2004,interpreta,co:constitucion:1991:art:12,,,http://www.secretariasenado.gov.co/senado/basedoc/constitucion_politica_1991.html
co:cc:c-148:2005,interpreta,co:constitucion:1991:art:12,,,http://www.secretariasenado.gov.co/senado/basedoc/constitucion_politica_1991.html
co:cc:c-473:2005,interpreta,co:constitucion:1991:art:12,,,http://www.secretariasenado.gov.co/senado/basedoc/constitucion_politica_1991.html
co:cc:c-1299:2005,interpreta,co:constitucion:1991:art:12,,,http://www.secretariasenado.gov.co/senado/basedoc/constitucion_politica_1991.html
co:cc:c-1300:2005,interpreta,co:constitucion:1991:art:12,,,http://www.secretariasenado.gov.co/senado/basedoc/constitucion_politica_1991.html
co:cc:c-355:2006,interpreta,co:constitucion:1991:art:12,,,http://www.secretariasenado.gov.co/senado/basedoc/constitucion_politica_1991.html
co:cc:c-233:2021,interpreta,co:constitucion:1991:art:12,,,http://www.secretariasenado.gov.co/senado/basedoc/constitucion_politica_1991.html
co:cc:c-055:2022,interpreta,co:constitucion:1991:art:12,,,http://www.secretariasenado.gov.co/senado/basedoc/constitucion_politica_1991.html
co:cc:c-066:2022,interpreta,co:constitucion:1991:art:12,,,http://www.secretariasenado.gov.co/senado/basedoc/constitucion_politica_1991.html
co:cc:c-221:1992,interpreta,co:constitucion:1991:art:13,,,http://www.secretariasenado.gov.co/senado/basedoc/constitucion_politica_1991.html
co:cc:c-472:1992,interpreta,co:constitucion:1991:art:13,,,http://www.secretariasenado.gov.co/senado/basedoc/constitucion_politica_1991.html
co:cc:c-478:1992,interpreta,co:constitucion:1991:art:13,,,http://www.secretariasenado.gov.co/senado/basedoc/constitucion_politica_1991.html
co:cc:c-479:1992,interpreta,co:constitucion:1991:art:13,,,http://www.secretariasenado.gov.co/senado/basedoc/constitucion_politica_1991.html
co:cc:c-511:1992,interpreta,co:constitucion:1991:art:13,,,http://www.secretariasenado.gov.co/senado/basedoc/constitucion_politica_1991.html
co:cc:c-541:1992,interpreta,co:constitucion:1991:art:13,,,http://www.secretariasenado.gov.co/senado/basedoc/constitucion_politica_1991.html
co:cc:c-546:1992,interpreta,co:constitucion:1991:art:13,,,http://www.secretariasenado.gov.co/senado/basedoc/constitucion_politica_1991.html
co:cc:c-562:1992,interpreta,co:constitucion:1991:art:13,,,http://www.secretariasenado.gov.co/senado/basedoc/constitucion_politica_1991.html
co:cc:c-574:1992,interpreta,co:constitucion:1991:art:13,,,http://www.secretariasenado.gov.co/senado/basedoc/constitucion_politica_1991.html
co:cc:c-575:1992,interpreta,co:constitucion:1991:art:13,,,http://www.secretariasenado.gov.co/senado/basedoc/constitucion_politica_1991.html
co:cc:c-587:1992,interpreta,co:constitucion:1991:art:13,,,http://www.secretariasenado.gov.co/senado/basedoc/constitucion_politica_1991.html
co:cc:c-588:1992,interpreta,co:constitucion:1991:art:13,,,http://www.secretariasenado.gov.co/senado/basedoc/constitucion_politica_1991.html
co:cc:c-599:1992,interpreta,co:constitucion:1991:art:13,,,http://www.secretariasenado.gov.co/senado/basedoc/constitucion_politica_1991.html
co:cc:c-606:1992,interpreta,co:constitucion:1991:art:13,,,http://www.secretariasenado.gov.co/senado/basedoc/constitucion_politica_1991.html
co:cc:c-530:1993,interpreta,co:constitucion:1991:art:13,,,http://www.secretariasenado.gov.co/senado/basedoc/constitucion_politica_1991.html
co:cc:c-318:1995,interpreta,co:constitucion:1991:art:13,,,http://www.secretariasenado.gov.co/senado/basedoc/constitucion_politica_1991.html
co:cc:c-445:1995,interpreta,co:constitucion:1991:art:13,,,http://www.secretariasenado.gov.co/senado/basedoc/constitucion_politica_1991.html
co:cc:c-022:1996,interpreta,co:constitucion:1991:art:13,,,http://www.secretariasenado.gov.co/senado/basedoc/constitucion_politica_1991.html
co:cc:c-337:1997,interpreta,co:constitucion:1991:art:13,,,http://www.secretariasenado.gov.co/senado/basedoc/constitucion_politica_1991.html
co:cc:c-004:2003,interpreta,co:constitucion:1991:art:13,,,http://www.secretariasenado.gov.co/senado/basedoc/constitucion_politica_1991.html
co:cc:c-006:2003,interpreta,co:constitucion:1991:art:13,,,http://www.secretariasenado.gov.co/senado/basedoc/constitucion_politica_1991.html
co:cc:c-007:2003,interpreta,co:constitucion:1991:art:13,,,http://www.secretariasenado.gov.co/senado/basedoc/constitucion_politica_1991.html
co:cc:c-034:2003,interpreta,co:constitucion:1991:art:13,,,http://www.secretariasenado.gov.co/senado/basedoc/constitucion_politica_1991.html
co:cc:c-042:2003,interpreta,co:constitucion:1991:art:13,,,http://www.secretariasenado.gov.co/senado/basedoc/constitucion_politica_1991.html
co:cc:c-065:2003,interpreta,co:constitucion:1991:art:13,,,http://www.secretariasenado.gov.co/senado/basedoc/constitucion_politica_1991.html
co:cc:c-066:2003,interpreta,co:constitucion:1991:art:13,,,http://www.secretariasenado.gov.co/senado/basedoc/constitucion_politica_1991.html
co:cc:c-072:2003,interpreta,co:constitucion:1991:art:13,,,http://www.secretariasenado.gov.co/senado/basedoc/constitucion_politica_1991.html
co:cc:c-073:2003,interpreta,co:constitucion:1991:art:13,,,http://www.secretariasenado.gov.co/senado/basedoc/constitucion_politica_1991.html
co:cc:c-100:2003,interpreta,co:constitucion:1991:art:13,,,http://www.secretariasenado.gov.co/senado/basedoc/constitucion_politica_1991.html
co:cc:c-101:2003,interpreta,co:constitucion:1991:art:13,,,http://www.secretariasenado.gov.co/senado/basedoc/constitucion_politica_1991.html
co:cc:c-102:2003,interpreta,co:constitucion:1991:art:13,,,http://www.secretariasenado.gov.co/senado/basedoc/constitucion_politica_1991.html
co:cc:c-104:2003,interpreta,co:constitucion:1991:art:13,,,http://www.secretariasenado.gov.co/senado/basedoc/constitucion_politica_1991.html
co:cc:c-128:2003,interpreta,co:constitucion:1991:art:13,,,http://www.secretariasenado.gov.co/senado/basedoc/constitucion_politica_1991.html
co:cc:c-129:2003,interpreta,co:constitucion:1991:art:13,,,http://www.secretariasenado.gov.co/senado/basedoc/constitucion_politica_1991.html
co:cc:c-152:2003,interpreta,co:constitucion:1991:art:13,,,http://www.secretariasenado.gov.co/senado/basedoc/constitucion_politica_1991.html
co:cc:c-153:2003,interpreta,co:constitucion:1991:art:13,,,http://www.secretariasenado.gov.co/senado/basedoc/constitucion_politica_1991.html
co:cc:c-181:2003,interpreta,co:constitucion:1991:art:13,,,http://www.secretariasenado.gov.co/senado/basedoc/constitucion_politica_1991.html
co:cc:c-186:2003,interpreta,co:constitucion:1991:art:13,,,http://www.secretariasenado.gov.co/senado/basedoc/constitucion_politica_1991.html
co:cc:c-187:2003,interpreta,co:constitucion:1991:art:13,,,http://www.secretariasenado.gov.co/senado/basedoc/constitucion_politica_1991.html
co:cc:c-230:2003,interpreta,co:constitucion:1991:art:13,,,http://www.secretariasenado.gov.co/senado/basedoc/constitucion_politica_1991.html
co:cc:c-250:2003,interpreta,co:constitucion:1991:art:13,,,http://www.secretariasenado.gov.co/senado/basedoc/constitucion_politica_1991.html
co:cc:c-273:2003,interpreta,co:constitucion:1991:art:13,,,http://www.secretariasenado.gov.co/senado/basedoc/constitucion_politica_1991.html
co:cc:c-317:2003,interpreta,co:constitucion:1991:art:13,,,http://www.secretariasenado.gov.co/senado/basedoc/constitucion_politica_1991.html
co:cc:c-333:2003,interpreta,co:constitucion:1991:art:13,,,http://www.secretariasenado.gov.co/senado/basedoc/constitucion_politica_1991.html
co:cc:c-356:2003,interpreta,co:constitucion:1991:art:13,,,http://www.secretariasenado.gov.co/senado/basedoc/constitucion_politica_1991.html
co:cc:c-434:2003,interpreta,co:constitucion:1991:art:13,,,http://www.secretariasenado.gov.co/senado/basedoc/constitucion_politica_1991.html
co:cc:c-450:2003,interpreta,co:constitucion:1991:art:13,,,http://www.secretariasenado.gov.co/senado/basedoc/constitucion_politica_1991.html
co:cc:c-475:2003,interpreta,co:constitucion:1991:art:13,,,http://www.secretariasenado.gov.co/senado/basedoc/constitucion_politica_1991.html
co:cc:c-480:2003,interpreta,co:constitucion:1991:art:13,,,http://www.secretariasenado.gov.co/senado/basedoc/constitucion_politica_1991.html
co:cc:c-483:2003,interpreta,co:constitucion:1991:art:13,,,http://www.secretariasenado.gov.co/senado/basedoc/constitucion_politica_1991.html
co:cc:c-531:2003,interpreta,co:constitucion:1991:art:13,,,http://www.secretariasenado.gov.co/senado/basedoc/constitucion_politica_1991.html
co:cc:c-566:2003,interpreta,co:constitucion:1991:art:13,,,http://www.secretariasenado.gov.co/senado/basedoc/constitucion_politica_1991.html
co:cc:c-567:2003,interpreta,co:constitucion:1991:art:13,,,http://www.secretariasenado.gov.co/senado/basedoc/constitucion_politica_1991.html
co:cc:c-776:2003,interpreta,co:constitucion:1991:art:13,,,http://www.secretariasenado.gov.co/senado/basedoc/constitucion_politica_1991.html
co:cc:c-900:2003,interpreta,co:constitucion:1991:art:13,,,http://www.secretariasenado.gov.co/senado/basedoc/constitucion_politica_1991.html
co:cc:c-941:2003,interpreta,co:constitucion:1991:art:13,,,http://www.secretariasenado.gov.co/senado/basedoc/constitucion_politica_1991.html
co:cc:c-942:2003,interpreta,co:constitucion:1991:art:13,,,http://www.secretariasenado.gov.co/senado/basedoc/constitucion_politica_1991.html
co:cc:c-944:2003,interpreta,co:constitucion:1991:art:13,,,http://www.secretariasenado.gov.co/senado/basedoc/constitucion_politica_1991.html
co:cc:c-968:2003,interpreta,co:constitucion:1991:art:13,,,http://www.secretariasenado.gov.co/senado/basedoc/constitucion_politica_1991.html
co:cc:c-1035:2003,interpreta,co:constitucion:1991:art:13,,,http://www.secretariasenado.gov.co/senado/basedoc/constitucion_politica_1991.html
co:cc:c-1039:2003,interpreta,co:constitucion:1991:art:13,,,http://www.secretariasenado.gov.co/senado/basedoc/constitucion_politica_1991.html
co:cc:c-1061:2003,interpreta,co:constitucion:1991:art:13,,,http://www.secretariasenado.gov.co/senado/basedoc/constitucion_politica_1991.html
co:cc:c-015:2004,interpreta,co:constitucion:1991:art:13,,,http://www.secretariasenado.gov.co/senado/basedoc/constitucion_politica_1991.html
co:cc:c-016:2004,interpreta,co:constitucion:1991:art:13,,,http://www.secretariasenado.gov.co/senado/basedoc/constitucion_politica_1991.html
co:cc:c-019:2004,interpreta,co:constitucion:1991:art:13,,,http://www.secretariasenado.gov.co/senado/basedoc/constitucion_politica_1991.html
co:cc:c-020:2004,interpreta,co:constitucion:1991:art:13,,,http://www.secretariasenado.gov.co/senado/basedoc/constitucion_politica_1991.html
co:cc:c-023:2004,interpreta,co:constitucion:1991:art:13,,,http://www.secretariasenado.gov.co/senado/basedoc/constitucion_politica_1991.html
co:cc:c-038:2004,interpreta,co:constitucion:1991:art:13,,,http://www.secretariasenado.gov.co/senado/basedoc/constitucion_politica_1991.html
co:cc:c-039:2004,interpreta,co:constitucion:1991:art:13,,,http://www.secretariasenado.gov.co/senado/basedoc/constitucion_politica_1991.html
co:cc:c-041:2004,interpreta,co:constitucion:1991:art:13,,,http://www.secretariasenado.gov.co/senado/basedoc/constitucion_politica_1991.html
co:cc:c-044:2004,interpreta,co:constitucion:1991:art:13,,,http://www.secretariasenado.gov.co/senado/basedoc/constitucion_politica_1991.html
co:cc:c-047:2004,interpreta,co:constitucion:1991:art:13,,,http://www.secretariasenado.gov.co/senado/basedoc/constitucion_politica_1991.html
co:cc:c-070:2004,interpreta,co:constitucion:1991:art:13,,,http://www.secretariasenado.gov.co/senado/basedoc/constitucion_politica_1991.html
co:cc:c-071:2004,interpreta,co:constitucion:1991:art:13,,,http://www.secretariasenado.gov.co/senado/basedoc/constitucion_politica_1991.html
co:cc:c-075:2004,interpreta,co:constitucion:1991:art:13,,,http://www.secretariasenado.gov.co/senado/basedoc/constitucion_politica_1991.html
co:cc:c-077:2004,interpreta,co:constitucion:1991:art:13,,,http://www.secretariasenado.gov.co/senado/basedoc/constitucion_politica_1991.html
co:cc:c-100:2004,interpreta,co:constitucion:1991:art:13,,,http://www.secretariasenado.gov.co/senado/basedoc/constitucion_politica_1991.html
co:cc:c-101:2004,interpreta,co:constitucion:1991:art:13,,,http://www.secretariasenado.gov.co/senado/basedoc/constitucion_politica_1991.html
co:cc:c-102:2004,interpreta,co:constitucion:1991:art:13,,,http://www.secretariasenado.gov.co/senado/basedoc/constitucion_politica_1991.html
co:cc:c-103:2004,interpreta,co:constitucion:1991:art:13,,,http://www.secretariasenado.gov.co/senado/basedoc/constitucion_politica_1991.html
co:cc:c-105:2004,interpreta,co:constitucion:1991:art:13,,,http://www.secretariasenado.gov.co/senado/basedoc/constitucion_politica_1991.html
co:cc:c-106:2004,interpreta,co:constitucion:1991:art:13,,,http://www.secretariasenado.gov.co/senado/basedoc/constitucion_politica_1991.html
co:cc:c-122:2004,interpreta,co:constitucion:1991:art:13,,,http://www.secretariasenado.gov.co/senado/basedoc/constitucion_politica_1991.html
co:cc:c-124:2004,interpreta,co:constitucion:1991:art:13,,,http://www.secretariasenado.gov.co/senado/basedoc/constitucion_politica_1991.html
co:cc:c-125:2004,interpreta,co:constitucion:1991:art:13,,,http://www.secretariasenado.gov.co/senado/basedoc/constitucion_politica_1991.html
co:cc:c-129:2004,interpreta,co:constitucion:1991:art:13,,,http://www.secretariasenado.gov.co/senado/basedoc/constitucion_politica_1991.html
co:cc:c-130:2004,interpreta,co:constitucion:1991:art:13,,,http://www.secretariasenado.gov.co/senado/basedoc/constitucion_politica_1991.html
co:cc:c-153:2004,interpreta,co:constitucion:1991:art:13,,,http://www.secretariasenado.gov.co/senado/basedoc/constitucion_politica_1991.html
co:cc:c-154:2004,interpreta,co:constitucion:1991:art:13,,,http://www.secretariasenado.gov.co/senado/basedoc/constitucion_politica_1991.html
co:cc:c-156:2004,interpreta,co:constitucion:1991:art:13,,,http://www.secretariasenado.gov.co/senado/basedoc/constitucion_politica_1991.html
co:cc:c-169:2004,interpreta,co:constitucion:1991:art:13,,,http://www.secretariasenado.gov.co/senado/basedoc/constitucion_politica_1991.html
co:cc:c-171:2004,interpreta,co:constitucion:1991:art:13,,,http://www.secretariasenado.gov.co/senado/basedoc/constitucion_politica_1991.html
co:cc:c-173:2004,interpreta,co:constitucion:1991:art:13,,,http://www.secretariasenado.gov.co/senado/basedoc/constitucion_politica_1991.html
co:cc:c-174:2004,interpreta,co:constitucion:1991:art:13,,,http://www.secretariasenado.gov.co/senado/basedoc/constitucion_politica_1991.html
co:cc:c-176:2004,interpreta,co:constitucion:1991:art:13,,,http://www.secretariasenado.gov.co/senado/basedoc/constitucion_politica_1991.html
co:cc:c-177:2004,interpreta,co:constitucion:1991:art:13,,,http://www.secretariasenado.gov.co/senado/basedoc/constitucion_politica_1991.html
co:cc:c-224:2004,interpreta,co:constitucion:1991:art:13,,,http://www.secretariasenado.gov.co/senado/basedoc/constitucion_politica_1991.html
co:cc:c-227:2004,interpreta,co:constitucion:1991:art:13,,,http://www.secretariasenado.gov.co/senado/basedoc/constitucion_politica_1991.html
co:cc:c-237:2004,interpreta,co:constitucion:1991:art:13,,,http://www.secretariasenado.gov.co/senado/basedoc/constitucion_politica_1991.html
co:cc:c-247:2004,interpreta,co:constitucion:1991:art:13,,,http://www.secretariasenado.gov.co/senado/basedoc/constitucion_politica_1991.html
co:cc:c-249:2004,interpreta,co:constitucion:1991:art:13,,,http://www.secretariasenado.gov.co/senado/basedoc/constitucion_politica_1991.html
co:cc:c-250:2004,interpreta,co:constitucion:1991:art:13,,,http://www.secretariasenado.gov.co/senado/basedoc/constitucion_politica_1991.html
co:cc:c-252:2004,interpreta,co:constitucion:1991:art:13,,,http://www.secretariasenado.gov.co/senado/basedoc/constitucion_politica_1991.html
co:cc:c-281:2004,interpreta,co:constitucion:1991:art:13,,,http://www.secretariasenado.gov.co/senado/basedoc/constitucion_politica_1991.html
co:cc:c-306:2004,interpreta,co:constitucion:1991:art:13,,,http://www.secretariasenado.gov.co/senado/basedoc/constitucion_politica_1991.html
co:cc:c-308:2004,interpreta,co:constitucion:1991:art:13,,,http://www.secretariasenado.gov.co/senado/basedoc/constitucion_politica_1991.html
co:cc:c-301:2004,interpreta,co:constitucion:1991:art:13,,,http://www.secretariasenado.gov.co/senado/basedoc/constitucion_politica_1991.html
co:cc:c-314:2004,interpreta,co:constitucion:1991:art:13,,,http://www.secretariasenado.gov.co/senado/basedoc/constitucion_politica_1991.html
co:cc:c-348:2004,interpreta,co:constitucion:1991:art:13,,,http://www.secretariasenado.gov.co/senado/basedoc/constitucion_politica_1991.html
co:cc:c-352:2004,interpreta,co:constitucion:1991:art:13,,,http://www.secretariasenado.gov.co/senado/basedoc/constitucion_politica_1991.html
co:cc:c-354:2004,interpreta,co:constitucion:1991:art:13,,,http://www.secretariasenado.gov.co/senado/basedoc/constitucion_politica_1991.html
co:cc:c-369:2004,interpreta,co:constitucion:1991:art:13,,,http://www.secretariasenado.gov.co/senado/basedoc/constitucion_politica_1991.html
co:cc:c-374:2004,interpreta,co:constitucion:1991:art:13,,,http://www.secretariasenado.gov.co/senado/basedoc/constitucion_politica_1991.html
co:cc:c-375:2004,interpreta,co:constitucion:1991:art:13,,,http://www.secretariasenado.gov.co/senado/basedoc/constitucion_politica_1991.html
co:cc:c-378:2004,interpreta,co:constitucion:1991:art:13,,,http://www.secretariasenado.gov.co/senado/basedoc/constitucion_politica_1991.html
co:cc:c-379:2004,interpreta,co:constitucion:1991:art:13,,,http://www.secretariasenado.gov.co/senado/basedoc/constitucion_politica_1991.html
co:cc:c-407:2004,interpreta,co:constitucion:1991:art:13,,,http://www.secretariasenado.gov.co/senado/basedoc/constitucion_politica_1991.html
co:cc:c-431:2004,interpreta,co:constitucion:1991:art:13,,,http://www.secretariasenado.gov.co/senado/basedoc/constitucion_politica_1991.html
co:cc:c-432:2004,interpreta,co:constitucion:1991:art:13,,,http://www.secretariasenado.gov.co/senado/basedoc/constitucion_politica_1991.html
co:cc:c-457:2004,interpreta,co:constitucion:1991:art:13,,,http://www.secretariasenado.gov.co/senado/basedoc/constitucion_politica_1991.html
co:cc:c-458:2004,interpreta,co:constitucion:1991:art:13,,,http://www.secretariasenado.gov.co/senado/basedoc/constitucion_politica_1991.html
co:cc:c-459:2004,interpreta,co:constitucion:1991:art:13,,,http://www.secretariasenado.gov.co/senado/basedoc/constitucion_politica_1991.html
co:cc:c-461:2004,interpreta,co:constitucion:1991:art:13,,,http://www.secretariasenado.gov.co/senado/basedoc/constitucion_politica_1991.html
co:cc:c-464:2004,interpreta,co:constitucion:1991:art:13,,,http://www.secretariasenado.gov.co/senado/basedoc/constitucion_politica_1991.html
co:cc:c-474:2004,interpreta,co:constitucion:1991:art:13,,,http://www.secretariasenado.gov.co/senado/basedoc/constitucion_politica_1991.html
co:cc:c-508:2004,interpreta,co:constitucion:1991:art:13,,,http://www.secretariasenado.gov.co/senado/basedoc/constitucion_politica_1991.html
co:cc:c-509:2004,interpreta,co:constitucion:1991:art:13,,,http://www.secretariasenado.gov.co/senado/basedoc/constitucion_politica_1991.html
co:cc:c-510:2004,interpreta,co:constitucion:1991:art:13,,,http://www.secretariasenado.gov.co/senado/basedoc/constitucion_politica_1991.html
co:cc:c-512:2004,interpreta,co:constitucion:1991:art:13,,,http://www.secretariasenado.gov.co/senado/basedoc/constitucion_politica_1991.html
co:cc:c-514:2004,interpreta,co:constitucion:1991:art:13,,,http://www.secretariasenado.gov.co/senado/basedoc/constitucion_politica_1991.html
co:cc:c-516:2004,interpreta,co:constitucion:1991:art:13,,,http://www.secretariasenado.gov.co/senado/basedoc/constitucion_politica_1991.html
co:cc:c-517:2004,interpreta,co:constitucion:1991:art:13,,,http://www.secretariasenado.gov.co/senado/basedoc/constitucion_politica_1991.html
co:cc:c-569:2004,interpreta,co:constitucion:1991:art:13,,,http://www.secretariasenado.gov.co/senado/basedoc/constitucion_politica_1991.html
co:cc:c-576:2004,interpreta,co:constitucion:1991:art:13,,,http://www.secretariasenado.gov.co/senado/basedoc/constitucion_politica_1991.html
co:cc:c-578:2004,interpreta,co:constitucion:1991:art:13,,,http://www.secretariasenado.gov.co/senado/basedoc/constitucion_politica_1991.html
co:cc:c-034:2005,interpreta,co:constitucion:1991:art:13,,,http://www.secretariasenado.gov.co/senado/basedoc/constitucion_politica_1991.html
co:cc:c-101:2005,interpreta,co:constitucion:1991:art:13,,,http://www.secretariasenado.gov.co/senado/basedoc/constitucion_politica_1991.html
co:cc:c-204:2005,interpreta,co:constitucion:1991:art:13,,,http://www.secretariasenado.gov.co/senado/basedoc/constitucion_politica_1991.html
co:cc:c-799:2005,interpreta,co:constitucion:1991:art:13,,,http://www.secretariasenado.gov.co/senado/basedoc/constitucion_politica_1991.html
co:cc:c-1187:2005,interpreta,co:constitucion:1991:art:13,,,http://www.secretariasenado.gov.co/senado/basedoc/constitucion_politica_1991.html
co:cc:c-1299:2005,interpreta,co:constitucion:1991:art:13,,,http://www.secretariasenado.gov.co/senado/basedoc/constitucion_politica_1991.html
co:cc:c-1300:2005,interpreta,co:constitucion:1991:art:13,,,http://www.secretariasenado.gov.co/senado/basedoc/constitucion_politica_1991.html
co:cc:c-040:2006,interpreta,co:constitucion:1991:art:13,,,http://www.secretariasenado.gov.co/senado/basedoc/constitucion_politica_1991.html
co:cc:c-076:2006,interpreta,co:constitucion:1991:art:13,,,http://www.secretariasenado.gov.co/senado/basedoc/constitucion_politica_1991.html
co:cc:c-078:2006,interpreta,co:constitucion:1991:art:13,,,http://www.secretariasenado.gov.co/senado/basedoc/constitucion_politica_1991.html
co:cc:c-118:2006,interpreta,co:constitucion:1991:art:13,,,http://www.secretariasenado.gov.co/senado/basedoc/constitucion_politica_1991.html
co:cc:c-242:2006,interpreta,co:constitucion:1991:art:13,,,http://www.secretariasenado.gov.co/senado/basedoc/constitucion_politica_1991.html
co:cc:c-243:2006,interpreta,co:constitucion:1991:art:13,,,http://www.secretariasenado.gov.co/senado/basedoc/constitucion_politica_1991.html
co:cc:c-355:2006,interpreta,co:constitucion:1991:art:13,,,http://www.secretariasenado.gov.co/senado/basedoc/constitucion_politica_1991.html
co:cc:c-507:2006,interpreta,co:constitucion:1991:art:13,,,http://www.secretariasenado.gov.co/senado/basedoc/constitucion_politica_1991.html
co:cc:c-501:2006,interpreta,co:constitucion:1991:art:13,,,http://www.secretariasenado.gov.co/senado/basedoc/constitucion_politica_1991.html
co:cc:c-667:2006,interpreta,co:constitucion:1991:art:13,,,http://www.secretariasenado.gov.co/senado/basedoc/constitucion_politica_1991.html
co:cc:c-154:2007,interpreta,co:constitucion:1991:art:13,,,http://www.secretariasenado.gov.co/senado/basedoc/constitucion_politica_1991.html
co:cc:c-182:2007,interpreta,co:constitucion:1991:art:13,,,http://www.secretariasenado.gov.co/senado/basedoc/constitucion_politica_1991.html
co:cc:c-290:2007,interpreta,co:constitucion:1991:art:13,,,http://www.secretariasenado.gov.co/senado/basedoc/constitucion_politica_1991.html
co:cc:c-393:2007,interpreta,co:constitucion:1991:art:13,,,http://www.secretariasenado.gov.co/senado/basedoc/constitucion_politica_1991.html
co:cc:c-521:2007,interpreta,co:constitucion:1991:art:13,,,http://www.secretariasenado.gov.co/senado/basedoc/constitucion_politica_1991.html
co:cc:c-834:2007,interpreta,co:constitucion:1991:art:13,,,http://www.secretariasenado.gov.co/senado/basedoc/constitucion_politica_1991.html
co:cc:c-060:2008,interpreta,co:constitucion:1991:art:13,,,http://www.secretariasenado.gov.co/senado/basedoc/constitucion_politica_1991.html
co:cc:c-292:2008,interpreta,co:constitucion:1991:art:13,,,http://www.secretariasenado.gov.co/senado/basedoc/constitucion_politica_1991.html
co:cc:c-336:2008,interpreta,co:constitucion:1991:art:13,,,http://www.secretariasenado.gov.co/senado/basedoc/constitucion_politica_1991.html
co:cc:c-862:2008,interpreta,co:constitucion:1991:art:13,,,http://www.secretariasenado.gov.co/senado/basedoc/constitucion_politica_1991.html
co:cc:c-864:2008,interpreta,co:constitucion:1991:art:13,,,http://www.secretariasenado.gov.co/senado/basedoc/constitucion_politica_1991.html
co:cc:c-174:2009,interpreta,co:constitucion:1991:art:13,,,http://www.secretariasenado.gov.co/senado/basedoc/constitucion_politica_1991.html
co:cc:c-804:2009,interpreta,co:constitucion:1991:art:13,,,http://www.secretariasenado.gov.co/senado/basedoc/constitucion_politica_1991.html
co:cc:c-293:2010,interpreta,co:constitucion:1991:art:13,,,http://www.secretariasenado.gov.co/senado/basedoc/constitucion_politica_1991.html
co:cc:c-885:2010,interpreta,co:constitucion:1991:art:13,,,http://www.secretariasenado.gov.co/senado/basedoc/constitucion_politica_1991.html
co:cc:c-101:2011,interpreta,co:constitucion:1991:art:13,,,http://www.secretariasenado.gov.co/senado/basedoc/constitucion_politica_1991.html
co:cc:c-283:2011,interpreta,co:constitucion:1991:art:13,,,http://www.secretariasenado.gov.co/senado/basedoc/constitucion_politica_1991.html
co:cc:c-600:2011,interpreta,co:constitucion:1991:art:13,,,http://www.secretariasenado.gov.co/senado/basedoc/constitucion_politica_1991.html
co:cc:c-250:2012,interpreta,co:constitucion:1991:art:13,,,http://www.secretariasenado.gov.co/senado/basedoc/constitucion_politica_1991.html
co:cc:c-288:2012,interpreta,co:constitucion:1991:art:13,,,http://www.secretariasenado.gov.co/senado/basedoc/constitucion_politica_1991.html
co:cc:c-892:2012,interpreta,co:constitucion:1991:art:13,,,http://www.secretariasenado.gov.co/senado/basedoc/constitucion_politica_1991.html
co:cc:c-120:2013,interpreta,co:constitucion:1991:art:13,,,http://www.secretariasenado.gov.co/senado/basedoc/constitucion_politica_1991.html
co:cc:c-123:2013,interpreta,co:constitucion:1991:art:13,,,http://www.secretariasenado.gov.co/senado/basedoc/constitucion_politica_1991.html
co:cc:c-194:2013,interpreta,co:constitucion:1991:art:13,,,http://www.secretariasenado.gov.co/senado/basedoc/constitucion_politica_1991.html
co:cc:c-258:2013,interpreta,co:constitucion:1991:art:13,,,http://www.secretariasenado.gov.co/senado/basedoc/constitucion_politica_1991.html
co:cc:c-613:2013,interpreta,co:constitucion:1991:art:13,,,http://www.secretariasenado.gov.co/senado/basedoc/constitucion_politica_1991.html
co:cc:c-504:2014,interpreta,co:constitucion:1991:art:13,,,http://www.secretariasenado.gov.co/senado/basedoc/constitucion_politica_1991.html
co:cc:c-035:2015,interpreta,co:constitucion:1991:art:13,,,http://www.secretariasenado.gov.co/senado/basedoc/constitucion_politica_1991.html
co:cc:c-451:2016,interpreta,co:constitucion:1991:art:13,,,http://www.secretariasenado.gov.co/senado/basedoc/constitucion_politica_1991.html
co:cc:c-248:2019,interpreta,co:constitucion:1991:art:13,,,http://www.secretariasenado.gov.co/senado/basedoc/constitucion_politica_1991.html
co:cc:c-289:2019,interpreta,co:constitucion:1991:art:13,,,http://www.secretariasenado.gov.co/senado/basedoc/constitucion_politica_1991.html
co:cc:c-296:2019,interpreta,co:constitucion:1991:art:13,,,http://www.secretariasenado.gov.co/senado/basedoc/constitucion_politica_1991.html
co:cc:c-329:2019,interpreta,co:constitucion:1991:art:13,,,http://www.secretariasenado.gov.co/senado/basedoc/constitucion_politica_1991.html
co:cc:c-480:2019,interpreta,co:constitucion:1991:art:13,,,http://www.secretariasenado.gov.co/senado/basedoc/constitucion_politica_1991.html
co:cc:c-432:2020,interpreta,co:constitucion:1991:art:13,,,http://www.secretariasenado.gov.co/senado/basedoc/constitucion_politica_1991.html
co:cc:c-116:2021,interpreta,co:constitucion:1991:art:13,,,http://www.secretariasenado.gov.co/senado/basedoc/constitucion_politica_1991.html
co:cc:c-117:2021,interpreta,co:constitucion:1991:art:13,,,http://www.secretariasenado.gov.co/senado/basedoc/constitucion_politica_1991.html
co:cc:c-433:2021,interpreta,co:constitucion:1991:art:13,,,http://www.secretariasenado.gov.co/senado/basedoc/constitucion_politica_1991.html
co:cc:c-055:2022,interpreta,co:constitucion:1991:art:13,,,http://www.secretariasenado.gov.co/senado/basedoc/constitucion_politica_1991.html
co:cc:c-091:2022,interpreta,co:constitucion:1991:art:13,,,http://www.secretariasenado.gov.co/senado/basedoc/constitucion_politica_1991.html
co:cc:c-098:2022,interpreta,co:constitucion:1991:art:13,,,http://www.secretariasenado.gov.co/senado/basedoc/constitucion_politica_1991.html
co:cc:c-197:2023,interpreta,co:constitucion:1991:art:13,,,http://www.secretariasenado.gov.co/senado/basedoc/constitucion_politica_1991.html
co:cc:c-437:2023,interpreta,co:constitucion:1991:art:13,,,http://www.secretariasenado.gov.co/senado/basedoc/constitucion_politica_1991.html
co:cc:c-537:2023,interpreta,co:constitucion:1991:art:13,,,http://www.secretariasenado.gov.co/senado/basedoc/constitucion_politica_1991.html
co:cc:c-028:2024,interpreta,co:constitucion:1991:art:13,,,http://www.secretariasenado.gov.co/senado/basedoc/constitucion_politica_1991.html
co:cc:c-054:2024,interpreta,co:constitucion:1991:art:13,,,http://www.secretariasenado.gov.co/senado/basedoc/constitucion_politica_1991.html
co:cc:c-098:2025,interpreta,co:constitucion:1991:art:13,,,http://www.secretariasenado.gov.co/senado/basedoc/constitucion_politica_1991.html
co:cc:t-002:1992,interpreta,co:constitucion:1991:art:13,,,http://www.secretariasenado.gov.co/senado/basedoc/constitucion_politica_1991.html
co:cc:t-006:1992,interpreta,co:constitucion:1991:art:13,,,http://www.secretariasenado.gov.co/senado/basedoc/constitucion_politica_1991.html
co:cc:t-008:1992,interpreta,co:constitucion:1991:art:13,,,http://www.secretariasenado.gov.co/senado/basedoc/constitucion_politica_1991.html
co:cc:t-009:1992,interpreta,co:constitucion:1991:art:13,,,http://www.secretariasenado.gov.co/senado/basedoc/constitucion_politica_1991.html
co:cc:t-015:1992,interpreta,co:constitucion:1991:art:13,,,http://www.secretariasenado.gov.co/senado/basedoc/constitucion_politica_1991.html
co:cc:t-401:1992,interpreta,co:constitucion:1991:art:13,,,http://www.secretariasenado.gov.co/senado/basedoc/constitucion_politica_1991.html
co:cc:t-402:1992,interpreta,co:constitucion:1991:art:13,,,http://www.secretariasenado.gov.co/senado/basedoc/constitucion_politica_1991.html
co:cc:t-406:1992,interpreta,co:constitucion:1991:art:13,,,http://www.secretariasenado.gov.co/senado/basedoc/constitucion_politica_1991.html
co:cc:t-408:1992,interpreta,co:constitucion:1991:art:13,,,http://www.secretariasenado.gov.co/senado/basedoc/constitucion_politica_1991.html
co:cc:t-409:1992,interpreta,co:constitucion:1991:art:13,,,http://www.secretariasenado.gov.co/senado/basedoc/constitucion_politica_1991.html
co:cc:t-410:1992,interpreta,co:constitucion:1991:art:13,,,http://www.secretariasenado.gov.co/senado/basedoc/constitucion_politica_1991.html
co:cc:t-412:1992,interpreta,co:constitucion:1991:art:13,,,http://www.secretariasenado.gov.co/senado/basedoc/constitucion_politica_1991.html
co:cc:t-418:1992,interpreta,co:constitucion:1991:art:13,,,http://www.secretariasenado.gov.co/senado/basedoc/constitucion_politica_1991.html
co:cc:t-420:1992,interpreta,co:constitucion:1991:art:13,,,http://www.secretariasenado.gov.co/senado/basedoc/constitucion_politica_1991.html
co:cc:t-421:1992,interpreta,co:constitucion:1991:art:13,,,http://www.secretariasenado.gov.co/senado/basedoc/constitucion_politica_1991.html
co:cc:t-422:1992,interpreta,co:constitucion:1991:art:13,,,http://www.secretariasenado.gov.co/senado/basedoc/constitucion_politica_1991.html
co:cc:t-424:1992,interpreta,co:constitucion:1991:art:13,,,http://www.secretariasenado.gov.co/senado/basedoc/constitucion_politica_1991.html
co:cc:t-426:1992,interpreta,co:constitucion:1991:art:13,,,http://www.secretariasenado.gov.co/senado/basedoc/constitucion_politica_1991.html
co:cc:t-427:1992,interpreta,co:constitucion:1991:art:13,,,http://www.secretariasenado.gov.co/senado/basedoc/constitucion_politica_1991.html
co:cc:t-429:1992,interpreta,co:constitucion:1991:art:13,,,http://www.secretariasenado.gov.co/senado/basedoc/constitucion_politica_1991.html
co:cc:t-432:1992,interpreta,co:constitucion:1991:art:13,,,http://www.secretariasenado.gov.co/senado/basedoc/constitucion_politica_1991.html
co:cc:t-439:1992,interpreta,co:constitucion:1991:art:13,,,http://www.secretariasenado.gov.co/senado/basedoc/constitucion_politica_1991.html
co:cc:t-441:1992,interpreta,co:constitucion:1991:art:13,,,http://www.secretariasenado.gov.co/senado/basedoc/constitucion_politica_1991.html
co:cc:t-444:1992,interpreta,co:constitucion:1991:art:13,,,http://www.secretariasenado.gov.co/senado/basedoc/constitucion_politica_1991.html
co:cc:t-446:1992,interpreta,co:constitucion:1991:art:13,,,http://www.secretariasenado.gov.co/senado/basedoc/constitucion_politica_1991.html
co:cc:t-450:1992,interpreta,co:constitucion:1991:art:13,,,http://www.secretariasenado.gov.co/senado/basedoc/constitucion_politica_1991.html
co:cc:t-467:1992,interpreta,co:constitucion:1991:art:13,,,http://www.secretariasenado.gov.co/senado/basedoc/constitucion_politica_1991.html
co:cc:t-469:1992,interpreta,co:constitucion:1991:art:13,,,http://www.secretariasenado.gov.co/senado/basedoc/constitucion_politica_1991.html
co:cc:t-470:1992,interpreta,co:constitucion:1991:art:13,,,http://www.secretariasenado.gov.co/senado/basedoc/constitucion_politica_1991.html
co:cc:t-484:1992,interpreta,co:constitucion:1991:art:13,,,http://www.secretariasenado.gov.co/senado/basedoc/constitucion_politica_1991.html
co:cc:t-487:1992,interpreta,co:constitucion:1991:art:13,,,http://www.secretariasenado.gov.co/senado/basedoc/constitucion_politica_1991.html
co:cc:t-489:1992,interpreta,co:constitucion:1991:art:13,,,http://www.secretariasenado.gov.co/senado/basedoc/constitucion_politica_1991.html
co:cc:t-491:1992,interpreta,co:constitucion:1991:art:13,,,http://www.secretariasenado.gov.co/senado/basedoc/constitucion_politica_1991.html
co:cc:t-494:1992,interpreta,co:constitucion:1991:art:13,,,http://www.secretariasenado.gov.co/senado/basedoc/constitucion_politica_1991.html
co:cc:t-499:1992,interpreta,co:constitucion:1991:art:13,,,http://www.secretariasenado.gov.co/senado/basedoc/constitucion_politica_1991.html
co:cc:t-500:1992,interpreta,co:constitucion:1991:art:13,,,http://www.secretariasenado.gov.co/senado/basedoc/constitucion_politica_1991.html
co:cc:t-505:1992,interpreta,co:constitucion:1991:art:13,,,http://www.secretariasenado.gov.co/senado/basedoc/constitucion_politica_1991.html
co:cc:t-512:1992,interpreta,co:constitucion:1991:art:13,,,http://www.secretariasenado.gov.co/senado/basedoc/constitucion_politica_1991.html
co:cc:t-523:1992,interpreta,co:constitucion:1991:art:13,,,http://www.secretariasenado.gov.co/senado/basedoc/constitucion_politica_1991.html
co:cc:t-524:1992,interpreta,co:constitucion:1991:art:13,,,http://www.secretariasenado.gov.co/senado/basedoc/constitucion_politica_1991.html
co:cc:t-526:1992,interpreta,co:constitucion:1991:art:13,,,http://www.secretariasenado.gov.co/senado/basedoc/constitucion_politica_1991.html
co:cc:t-527:1992,interpreta,co:constitucion:1991:art:13,,,http://www.secretariasenado.gov.co/senado/basedoc/constitucion_politica_1991.html
co:cc:t-533:1992,interpreta,co:constitucion:1991:art:13,,,http://www.secretariasenado.gov.co/senado/basedoc/constitucion_politica_1991.html
co:cc:t-534:1992,interpreta,co:constitucion:1991:art:13,,,http://www.secretariasenado.gov.co/senado/basedoc/constitucion_politica_1991.html
co:cc:t-539:1992,interpreta,co:constitucion:1991:art:13,,,http://www.secretariasenado.gov.co/senado/basedoc/constitucion_politica_1991.html
co:cc:t-540:1992,interpreta,co:constitucion:1991:art:13,,,http://www.secretariasenado.gov.co/senado/basedoc/constitucion_politica_1991.html
co:cc:t-547:1992,interpreta,co:constitucion:1991:art:13,,,http://www.secretariasenado.gov.co/senado/basedoc/constitucion_politica_1991.html
co:cc:t-554:1992,interpreta,co:constitucion:1991:art:13,,,http://www.secretariasenado.gov.co/senado/basedoc/constitucion_politica_1991.html
co:cc:t-567:1992,interpreta,co:constitucion:1991:art:13,,,http://www.secretariasenado.gov.co/senado/basedoc/constitucion_politica_1991.html
co:cc:t-568:1992,interpreta,co:constitucion:1991:art:13,,,http://www.secretariasenado.gov.co/senado/basedoc/constitucion_politica_1991.html
co:cc:t-571:1992,interpreta,co:constitucion:1991:art:13,,,http://www.secretariasenado.gov.co/senado/basedoc/constitucion_politica_1991.html
co:cc:t-591:1992,interpreta,co:constitucion:1991:art:13,,,http://www.secretariasenado.gov.co/senado/basedoc/constitucion_politica_1991.html
co:cc:t-598:1992,interpreta,co:constitucion:1991:art:13,,,http://www.secretariasenado.gov.co/senado/basedoc/constitucion_politica_1991.html
co:cc:t-601:1992,interpreta,co:constitucion:1991:art:13,,,http://www.secretariasenado.gov.co/senado/basedoc/constitucion_politica_1991.html
co:cc:t-604:1992,interpreta,co:constitucion:1991:art:13,,,http://www.secretariasenado.gov.co/senado/basedoc/constitucion_politica_1991.html
co:cc:t-605:1992,interpreta,co:constitucion:1991:art:13,,,http://www.secretariasenado.gov.co/senado/basedoc/constitucion_politica_1991.html
co:cc:t-611:1992,interpreta,co:constitucion:1991:art:13,,,http://www.secretariasenado.gov.co/senado/basedoc/constitucion_politica_1991.html
co:cc:t-613:1992,interpreta,co:constitucion:1991:art:13,,,http://www.secretariasenado.gov.co/senado/basedoc/constitucion_politica_1991.html
co:cc:t-230:1994,interpreta,co:constitucion:1991:art:13,,,http://www.secretariasenado.gov.co/senado/basedoc/constitucion_politica_1991.html
co:cc:t-735:2001,interpreta,co:constitucion:1991:art:13,,,http://www.secretariasenado.gov.co/senado/basedoc/constitucion_politica_1991.html
co:cc:t-117:2003,interpreta,co:constitucion:1991:art:13,,,http://www.secretariasenado.gov.co/senado/basedoc/constitucion_politica_1991.html
co:cc:t-397:2004,interpreta,co:constitucion:1991:art:13,,,http://www.secretariasenado.gov.co/senado/basedoc/constitucion_politica_1991.html
co:cc:t-903:2004,interpreta,co:constitucion:1991:art:13,,,http://www.secretariasenado.gov.co/senado/basedoc/constitucion_politica_1991.html
co:cc:t-1095:2004,interpreta,co:constitucion:1991:art:13,,,http://www.secretariasenado.gov.co/senado/basedoc/constitucion_politica_1991.html
co:cc:t-170:2005,interpreta,co:constitucion:1991:art:13,,,http://www.secretariasenado.gov.co/senado/basedoc/constitucion_politica_1991.html
co:cc:t-061:2006,interpreta,co:constitucion:1991:art:13,,,http://www.secretariasenado.gov.co/senado/basedoc/constitucion_politica_1991.html
co:cc:t-131:2006,interpreta,co:constitucion:1991:art:13,,,http://www.secretariasenado.gov.co/senado/basedoc/constitucion_politica_1991.html
co:cc:t-349:2006,interpreta,co:constitucion:1991:art:13,,,http://www.secretariasenado.gov.co/senado/basedoc/constitucion_politica_1991.html
co:cc:t-171:2007,interpreta,co:constitucion:1991:art:13,,,http://www.secretariasenado.gov.co/senado/basedoc/constitucion_politica_1991.html
co:cc:t-646:2007,interpreta,co:constitucion:1991:art:13,,,http://www.secretariasenado.gov.co/senado/basedoc/constitucion_politica_1991.html
co:cc:t-988:2007,interpreta,co:constitucion:1991:art:13,,,http://www.secretariasenado.gov.co/senado/basedoc/constitucion_politica_1991.html
co:cc:t-209:2008,interpreta,co:constitucion:1991:art:13,,,http://www.secretariasenado.gov.co/senado/basedoc/constitucion_politica_1991.html
co:cc:t-946:2008,interpreta,co:constitucion:1991:art:13,,,http://www.secretariasenado.gov.co/senado/basedoc/constitucion_politica_1991.html
co:cc:t-1258:2008,interpreta,co:constitucion:1991:art:13,,,http://www.secretariasenado.gov.co/senado/basedoc/constitucion_politica_1991.html
co:cc:t-388:2009,interpreta,co:constitucion:1991:art:13,,,http://www.secretariasenado.gov.co/senado/basedoc/constitucion_politica_1991.html
co:cc:t-515:2009,interpreta,co:constitucion:1991:art:13,,,http://www.secretariasenado.gov.co/senado/basedoc/constitucion_politica_1991.html
co:cc:t-051:2010,interpreta,co:constitucion:1991:art:13,,,http://www.secretariasenado.gov.co/senado/basedoc/constitucion_politica_1991.html
co:cc:t-629:2010,interpreta,co:constitucion:1991:art:13,,,http://www.secretariasenado.gov.co/senado/basedoc/constitucion_politica_1991.html
co:cc:t-636:2010,interpreta,co:constitucion:1991:art:13,,,http://www.secretariasenado.gov.co/senado/basedoc/constitucion_politica_1991.html
co:cc:t-974:2010,interpreta,co:constitucion:1991:art:13,,,http://www.secretariasenado.gov.co/senado/basedoc/constitucion_politica_1991.html
co:cc:t-051:2011,interpreta,co:constitucion:1991:art:13,,,http://www.secretariasenado.gov.co/senado/basedoc/constitucion_politica_1991.html
co:cc:t-628:2012,interpreta,co:constitucion:1991:art:13,,,http://www.secretariasenado.gov.co/senado/basedoc/constitucion_politica_1991.html
co:cc:t-933:2013,interpreta,co:constitucion:1991:art:13,,,http://www.secretariasenado.gov.co/senado/basedoc/constitucion_politica_1991.html
co:cc:t-102:2014,interpreta,co:constitucion:1991:art:13,,,http://www.secretariasenado.gov.co/senado/basedoc/constitucion_politica_1991.html
co:cc:t-119:2014,interpreta,co:constitucion:1991:art:13,,,http://www.secretariasenado.gov.co/senado/basedoc/constitucion_politica_1991.html
co:cc:t-747:2015,interpreta,co:constitucion:1991:art:13,,,http://www.secretariasenado.gov.co/senado/basedoc/constitucion_politica_1991.html
co:cc:t-303:2016,interpreta,co:constitucion:1991:art:13,,,http://www.secretariasenado.gov.co/senado/basedoc/constitucion_politica_1991.html
co:cc:t-141:2017,interpreta,co:constitucion:1991:art:13,,,http://www.secretariasenado.gov.co/senado/basedoc/constitucion_politica_1991.html
co:cc:c-063:2018,interpreta,co:constitucion:1991:art:13,,,http://www.secretariasenado.gov.co/senado/basedoc/constitucion_politica_1991.html
co:cc:c-575:1992,interpreta,co:constitucion:1991:art:14,,,http://www.secretariasenado.gov.co/senado/basedoc/constitucion_politica_1991.html
co:cc:c-096:1993,interpreta,co:constitucion:1991:art:14,,,http://www.secretariasenado.gov.co/senado/basedoc/constitucion_politica_1991.html
co:cc:c-412:1993,interpreta,co:constitucion:1991:art:14,,,http://www.secretariasenado.gov.co/senado/basedoc/constitucion_politica_1991.html
co:cc:c-486:1993,interpreta,co:constitucion:1991:art:14,,,http://www.secretariasenado.gov.co/senado/basedoc/constitucion_politica_1991.html
co:cc:c-230:2003,interpreta,co:constitucion:1991:art:14,,,http://www.secretariasenado.gov.co/senado/basedoc/constitucion_politica_1991.html
co:cc:c-173:2004,interpreta,co:constitucion:1991:art:14,,,http://www.secretariasenado.gov.co/senado/basedoc/constitucion_politica_1991.html
co:cc:c-431:2004,interpreta,co:constitucion:1991:art:14,,,http://www.secretariasenado.gov.co/senado/basedoc/constitucion_politica_1991.html
co:cc:c-569:2004,interpreta,co:constitucion:1991:art:14,,,http://www.secretariasenado.gov.co/senado/basedoc/constitucion_politica_1991.html
co:cc:c-114:2017,interpreta,co:constitucion:1991:art:14,,,http://www.secretariasenado.gov.co/senado/basedoc/constitucion_politica_1991.html
co:cc:c-489:1995,interpreta,co:constitucion:1991:art:15,,,http://www.secretariasenado.gov.co/senado/basedoc/constitucion_politica_1991.html
co:cc:c-489:2002,interpreta,co:constitucion:1991:art:15,,,http://www.secretariasenado.gov.co/senado/basedoc/constitucion_politica_1991.html
co:cc:c-1011:2008,interpreta,co:constitucion:1991:art:15,,,http://www.secretariasenado.gov.co/senado/basedoc/constitucion_politica_1991.html
co:cc:c-640:2010,interpreta,co:constitucion:1991:art:15,,,http://www.secretariasenado.gov.co/senado/basedoc/constitucion_politica_1991.html
co:cc:c-913:2010,interpreta,co:constitucion:1991:art:15,,,http://www.secretariasenado.gov.co/senado/basedoc/constitucion_politica_1991.html
co:cc:c-748:2011,interpreta,co:constitucion:1991:art:15,,,http://www.secretariasenado.gov.co/senado/basedoc/constitucion_politica_1991.html
co:cc:c-881:2014,interpreta,co:constitucion:1991:art:15,,,http://www.secretariasenado.gov.co/senado/basedoc/constitucion_politica_1991.html
co:cc:c-442:2011,interpreta,co:constitucion:1991:art:15,,,http://www.secretariasenado.gov.co/senado/basedoc/constitucion_politica_1991.html
co:cc:c-308:2019,interpreta,co:constitucion:1991:art:15,,,http://www.secretariasenado.gov.co/senado/basedoc/constitucion_politica_1991.html
co:cc:c-094:2020,interpreta,co:constitucion:1991:art:15,,,http://www.secretariasenado.gov.co/senado/basedoc/constitucion_politica_1991.html
co:cc:c-098:2022,interpreta,co:constitucion:1991:art:15,,,http://www.secretariasenado.gov.co/senado/basedoc/constitucion_politica_1991.html
co:cc:c-030:2024,interpreta,co:constitucion:1991:art:15,,,http://www.secretariasenado.gov.co/senado/basedoc/constitucion_politica_1991.html
co:cc:t-011:1992,interpreta,co:constitucion:1991:art:15,,,http://www.secretariasenado.gov.co/senado/basedoc/constitucion_politica_1991.html
co:cc:t-414:1992,interpreta,co:constitucion:1991:art:15,,,http://www.secretariasenado.gov.co/senado/basedoc/constitucion_politica_1991.html
co:cc:t-261:1995,interpreta,co:constitucion:1991:art:15,,,http://www.secretariasenado.gov.co/senado/basedoc/constitucion_politica_1991.html
co:cc:t-729:2002,interpreta,co:constitucion:1991:art:15,,,http://www.secretariasenado.gov.co/senado/basedoc/constitucion_politica_1991.html
co:cc:t-592:2003,interpreta,co:constitucion:1991:art:15,,,http://www.secretariasenado.gov.co/senado/basedoc/constitucion_politica_1991.html
co:cc:t-437:2004,interpreta,co:constitucion:1991:art:15,,,http://www.secretariasenado.gov.co/senado/basedoc/constitucion_politica_1991.html
co:cc:t-787:2004,interpreta,co:constitucion:1991:art:15,,,http://www.secretariasenado.gov.co/senado/basedoc/constitucion_politica_1991.html
co:cc:t-453:2005,interpreta,co:constitucion:1991:art:15,,,http://www.secretariasenado.gov.co/senado/basedoc/constitucion_politica_1991.html
co:cc:t-705:2007,interpreta,co:constitucion:1991:art:15,,,http://www.secretariasenado.gov.co/senado/basedoc/constitucion_politica_1991.html
co:cc:t-421:2009,interpreta,co:constitucion:1991:art:15,,,http://www.secretariasenado.gov.co/senado/basedoc/constitucion_politica_1991.html
co:cc:t-439:2009,interpreta,co:constitucion:1991:art:15,,,http://www.secretariasenado.gov.co/senado/basedoc/constitucion_politica_1991.html
co:cc:t-142:2010,interpreta,co:constitucion:1991:art:15,,,http://www.secretariasenado.gov.co/senado/basedoc/constitucion_politica_1991.html
co:cc:t-164:2010,interpreta,co:constitucion:1991:art:15,,,http://www.secretariasenado.gov.co/senado/basedoc/constitucion_politica_1991.html
co:cc:t-632:2010,interpreta,co:constitucion:1991:art:15,,,http://www.secretariasenado.gov.co/senado/basedoc/constitucion_politica_1991.html
co:cc:t-803:2010,interpreta,co:constitucion:1991:art:15,,,http://www.secretariasenado.gov.co/senado/basedoc/constitucion_politica_1991.html
co:cc:t-847:2010,interpreta,co:constitucion:1991:art:15,,,http://www.secretariasenado.gov.co/senado/basedoc/constitucion_politica_1991.html
co:cc:t-407:2012,interpreta,co:constitucion:1991:art:15,,,http://www.secretariasenado.gov.co/senado/basedoc/constitucion_politica_1991.html
co:cc:t-585:2012,interpreta,co:constitucion:1991:art:15,,,http://www.secretariasenado.gov.co/senado/basedoc/constitucion_politica_1991.html
co:cc:t-628:2012,interpreta,co:constitucion:1991:art:15,,,http://www.secretariasenado.gov.co/senado/basedoc/constitucion_politica_1991.html
co:cc:t-592:2013,interpreta,co:constitucion:1991:art:15,,,http://www.secretariasenado.gov.co/senado/basedoc/constitucion_politica_1991.html
co:cc:t-110:2015,interpreta,co:constitucion:1991:art:15,,,http://www.secretariasenado.gov.co/senado/basedoc/constitucion_politica_1991.html
co:cc:t-246:2014,interpreta,co:constitucion:1991:art:15,,,http://www.secretariasenado.gov.co/senado/basedoc/constitucion_politica_1991.html
co:cc:t-058:2015,interpreta,co:constitucion:1991:art:15,,,http://www.secretariasenado.gov.co/senado/basedoc/constitucion_politica_1991.html
co:cc:t-276:2015,interpreta,co:constitucion:1991:art:15,,,http://www.secretariasenado.gov.co/senado/basedoc/constitucion_politica_1991.html
co:cc:t-277:2015,interpreta,co:constitucion:1991:art:15,,,http://www.secretariasenado.gov.co/senado/basedoc/constitucion_politica_1991.html
co:cc:t-036:2016,interpreta,co:constitucion:1991:art:15,,,http://www.secretariasenado.gov.co/senado/basedoc/constitucion_politica_1991.html
co:cc:t-050:2016,interpreta,co:constitucion:1991:art:15,,,http://www.secretariasenado.gov.co/senado/basedoc/constitucion_politica_1991.html
co:cc:t-099:2016,interpreta,co:constitucion:1991:art:15,,,http://www.secretariasenado.gov.co/senado/basedoc/constitucion_politica_1991.html
co:cc:t-546:2016,interpreta,co:constitucion:1991:art:15,,,http://www.secretariasenado.gov.co/senado/basedoc/constitucion_politica_1991.html
co:cc:t-574:2017,interpreta,co:constitucion:1991:art:15,,,http://www.secretariasenado.gov.co/senado/basedoc/constitucion_politica_1991.html
co:cc:t-054:2018,interpreta,co:constitucion:1991:art:15,,,http://www.secretariasenado.gov.co/senado/basedoc/constitucion_politica_1991.html
co:cc:t-277:2018,interpreta,co:constitucion:1991:art:15,,,http://www.secretariasenado.gov.co/senado/basedoc/constitucion_politica_1991.html
co:cc:t-293:2018,interpreta,co:constitucion:1991:art:15,,,http://www.secretariasenado.gov.co/senado/basedoc/constitucion_politica_1991.html
co:cc:t-102:2019,interpreta,co:constitucion:1991:art:15,,,http://www.secretariasenado.gov.co/senado/basedoc/constitucion_politica_1991.html
co:cc:t-155:2019,interpreta,co:constitucion:1991:art:15,,,http://www.secretariasenado.gov.co/senado/basedoc/constitucion_politica_1991.html
co:cc:t-520:2025,interpreta,co:constitucion:1991:art:15,,,http://www.secretariasenado.gov.co/senado/basedoc/constitucion_politica_1991.html
co:cc:t-202:2026,interpreta,co:constitucion:1991:art:15,,,http://www.secretariasenado.gov.co/senado/basedoc/constitucion_politica_1991.html
co:acto-legislativo:2:2003:art:1,modifica,co:constitucion:1991:art:15,2003-12-19,la fuente marca INEXEQUIBLE sobre esta reforma — verificar si surtió efecto,http://www.secretariasenado.gov.co/senado/basedoc/constitucion_politica_1991.html
co:cc:c-541:1992,interpreta,co:constitucion:1991:art:15,,,http://www.secretariasenado.gov.co/senado/basedoc/constitucion_politica_1991.html
co:cc:c-033:1993,interpreta,co:constitucion:1991:art:15,,,http://www.secretariasenado.gov.co/senado/basedoc/constitucion_politica_1991.html
co:cc:c-040:1993,interpreta,co:constitucion:1991:art:15,,,http://www.secretariasenado.gov.co/senado/basedoc/constitucion_politica_1991.html
co:cc:c-053:1993,interpreta,co:constitucion:1991:art:15,,,http://www.secretariasenado.gov.co/senado/basedoc/constitucion_politica_1991.html
co:cc:c-114:1993,interpreta,co:constitucion:1991:art:15,,,http://www.secretariasenado.gov.co/senado/basedoc/constitucion_politica_1991.html
co:cc:c-127:1993,interpreta,co:constitucion:1991:art:15,,,http://www.secretariasenado.gov.co/senado/basedoc/constitucion_politica_1991.html
co:cc:c-150:1993,interpreta,co:constitucion:1991:art:15,,,http://www.secretariasenado.gov.co/senado/basedoc/constitucion_politica_1991.html
co:cc:c-411:1993,interpreta,co:constitucion:1991:art:15,,,http://www.secretariasenado.gov.co/senado/basedoc/constitucion_politica_1991.html
co:cc:c-466:1993,interpreta,co:constitucion:1991:art:15,,,http://www.secretariasenado.gov.co/senado/basedoc/constitucion_politica_1991.html
co:cc:c-529:1993,interpreta,co:constitucion:1991:art:15,,,http://www.secretariasenado.gov.co/senado/basedoc/constitucion_politica_1991.html
co:cc:c-540:1993,interpreta,co:constitucion:1991:art:15,,,http://www.secretariasenado.gov.co/senado/basedoc/constitucion_politica_1991.html
co:cc:c-542:1993,interpreta,co:constitucion:1991:art:15,,,http://www.secretariasenado.gov.co/senado/basedoc/constitucion_politica_1991.html
co:cc:c-565:1993,interpreta,co:constitucion:1991:art:15,,,http://www.secretariasenado.gov.co/senado/basedoc/constitucion_politica_1991.html
co:cc:c-154:2003,interpreta,co:constitucion:1991:art:15,,,http://www.secretariasenado.gov.co/senado/basedoc/constitucion_politica_1991.html
co:cc:c-182:2003,interpreta,co:constitucion:1991:art:15,,,http://www.secretariasenado.gov.co/senado/basedoc/constitucion_politica_1991.html
co:cc:c-185:2003,interpreta,co:constitucion:1991:art:15,,,http://www.secretariasenado.gov.co/senado/basedoc/constitucion_politica_1991.html
co:cc:c-452:2003,interpreta,co:constitucion:1991:art:15,,,http://www.secretariasenado.gov.co/senado/basedoc/constitucion_politica_1991.html
co:cc:c-037:2004,interpreta,co:constitucion:1991:art:15,,,http://www.secretariasenado.gov.co/senado/basedoc/constitucion_politica_1991.html
co:cc:c-355:2004,interpreta,co:constitucion:1991:art:15,,,http://www.secretariasenado.gov.co/senado/basedoc/constitucion_politica_1991.html
co:cc:c-431:2004,interpreta,co:constitucion:1991:art:15,,,http://www.secretariasenado.gov.co/senado/basedoc/constitucion_politica_1991.html
co:cc:c-993:2004,interpreta,co:constitucion:1991:art:15,,,http://www.secretariasenado.gov.co/senado/basedoc/constitucion_politica_1991.html
co:cc:c-421:2005,interpreta,co:constitucion:1991:art:15,,,http://www.secretariasenado.gov.co/senado/basedoc/constitucion_politica_1991.html
co:cc:c-523:2005,interpreta,co:constitucion:1991:art:15,,,http://www.secretariasenado.gov.co/senado/basedoc/constitucion_politica_1991.html
co:cc:c-981:2005,interpreta,co:constitucion:1991:art:15,,,http://www.secretariasenado.gov.co/senado/basedoc/constitucion_politica_1991.html
co:cc:c-355:2006,interpreta,co:constitucion:1991:art:15,,,http://www.secretariasenado.gov.co/senado/basedoc/constitucion_politica_1991.html
co:cc:c-536:2006,interpreta,co:constitucion:1991:art:15,,,http://www.secretariasenado.gov.co/senado/basedoc/constitucion_politica_1991.html
co:cc:c-062:2008,interpreta,co:constitucion:1991:art:15,,,http://www.secretariasenado.gov.co/senado/basedoc/constitucion_politica_1991.html
co:cc:c-417:2009,interpreta,co:constitucion:1991:art:15,,,http://www.secretariasenado.gov.co/senado/basedoc/constitucion_politica_1991.html
co:cc:c-540:2012,interpreta,co:constitucion:1991:art:15,,,http://www.secretariasenado.gov.co/senado/basedoc/constitucion_politica_1991.html
co:cc:c-156:2016,interpreta,co:constitucion:1991:art:15,,,http://www.secretariasenado.gov.co/senado/basedoc/constitucion_politica_1991.html
co:cc:c-564:1992,interpreta,co:constitucion:1991:art:16,,,http://www.secretariasenado.gov.co/senado/basedoc/constitucion_politica_1991.html
co:cc:c-588:1992,interpreta,co:constitucion:1991:art:16,,,http://www.secretariasenado.gov.co/senado/basedoc/constitucion_politica_1991.html
co:cc:c-355:2003,interpreta,co:constitucion:1991:art:16,,,http://www.secretariasenado.gov.co/senado/basedoc/constitucion_politica_1991.html
co:cc:c-449:2003,interpreta,co:constitucion:1991:art:16,,,http://www.secretariasenado.gov.co/senado/basedoc/constitucion_politica_1991.html
co:cc:c-482:2003,interpreta,co:constitucion:1991:art:16,,,http://www.secretariasenado.gov.co/senado/basedoc/constitucion_politica_1991.html
co:cc:c-531:2003,interpreta,co:constitucion:1991:art:16,,,http://www.secretariasenado.gov.co/senado/basedoc/constitucion_politica_1991.html
co:cc:c-071:2004,interpreta,co:constitucion:1991:art:16,,,http://www.secretariasenado.gov.co/senado/basedoc/constitucion_politica_1991.html
co:cc:c-281:2004,interpreta,co:constitucion:1991:art:16,,,http://www.secretariasenado.gov.co/senado/basedoc/constitucion_politica_1991.html
co:cc:c-355:2004,interpreta,co:constitucion:1991:art:16,,,http://www.secretariasenado.gov.co/senado/basedoc/constitucion_politica_1991.html
co:cc:c-375:2004,interpreta,co:constitucion:1991:art:16,,,http://www.secretariasenado.gov.co/senado/basedoc/constitucion_politica_1991.html
co:cc:c-431:2004,interpreta,co:constitucion:1991:art:16,,,http://www.secretariasenado.gov.co/senado/basedoc/constitucion_politica_1991.html
co:cc:c-464:2004,interpreta,co:constitucion:1991:art:16,,,http://www.secretariasenado.gov.co/senado/basedoc/constitucion_politica_1991.html
co:cc:c-508:2004,interpreta,co:constitucion:1991:art:16,,,http://www.secretariasenado.gov.co/senado/basedoc/constitucion_politica_1991.html
co:cc:c-569:2004,interpreta,co:constitucion:1991:art:16,,,http://www.secretariasenado.gov.co/senado/basedoc/constitucion_politica_1991.html
co:cc:c-101:2005,interpreta,co:constitucion:1991:art:16,,,http://www.secretariasenado.gov.co/senado/basedoc/constitucion_politica_1991.html
co:cc:c-1299:2005,interpreta,co:constitucion:1991:art:16,,,http://www.secretariasenado.gov.co/senado/basedoc/constitucion_politica_1991.html
co:cc:c-1300:2005,interpreta,co:constitucion:1991:art:16,,,http://www.secretariasenado.gov.co/senado/basedoc/constitucion_politica_1991.html
co:cc:c-040:2006,interpreta,co:constitucion:1991:art:16,,,http://www.secretariasenado.gov.co/senado/basedoc/constitucion_politica_1991.html
co:cc:c-355:2006,interpreta,co:constitucion:1991:art:16,,,http://www.secretariasenado.gov.co/senado/basedoc/constitucion_politica_1991.html
co:cc:c-435:2013,interpreta,co:constitucion:1991:art:16,,,http://www.secretariasenado.gov.co/senado/basedoc/constitucion_politica_1991.html
co:cc:c-513:2013,interpreta,co:constitucion:1991:art:16,,,http://www.secretariasenado.gov.co/senado/basedoc/constitucion_politica_1991.html
co:cc:c-387:2014,interpreta,co:constitucion:1991:art:16,,,http://www.secretariasenado.gov.co/senado/basedoc/constitucion_politica_1991.html
co:cc:c-114:2017,interpreta,co:constitucion:1991:art:16,,,http://www.secretariasenado.gov.co/senado/basedoc/constitucion_politica_1991.html
co:cc:c-246:2017,interpreta,co:constitucion:1991:art:16,,,http://www.secretariasenado.gov.co/senado/basedoc/constitucion_politica_1991.html
co:cc:c-141:2018,interpreta,co:constitucion:1991:art:16,,,http://www.secretariasenado.gov.co/senado/basedoc/constitucion_politica_1991.html
co:cc:c-248:2019,interpreta,co:constitucion:1991:art:16,,,http://www.secretariasenado.gov.co/senado/basedoc/constitucion_politica_1991.html
co:cc:c-253:2019,interpreta,co:constitucion:1991:art:16,,,http://www.secretariasenado.gov.co/senado/basedoc/constitucion_politica_1991.html
co:cc:c-233:2021,interpreta,co:constitucion:1991:art:16,,,http://www.secretariasenado.gov.co/senado/basedoc/constitucion_politica_1991.html
co:cc:c-055:2022,interpreta,co:constitucion:1991:art:16,,,http://www.secretariasenado.gov.co/senado/basedoc/constitucion_politica_1991.html
co:cc:c-504:1993,interpreta,co:constitucion:1991:art:17,,,http://www.secretariasenado.gov.co/senado/basedoc/constitucion_politica_1991.html
co:cc:c-565:1993,interpreta,co:constitucion:1991:art:17,,,http://www.secretariasenado.gov.co/senado/basedoc/constitucion_politica_1991.html
co:cc:c-356:1994,interpreta,co:constitucion:1991:art:17,,,http://www.secretariasenado.gov.co/senado/basedoc/constitucion_politica_1991.html
co:cc:c-425:1994,interpreta,co:constitucion:1991:art:17,,,http://www.secretariasenado.gov.co/senado/basedoc/constitucion_politica_1991.html
co:cc:c-562:1994,interpreta,co:constitucion:1991:art:17,,,http://www.secretariasenado.gov.co/senado/basedoc/constitucion_politica_1991.html
co:cc:c-003:1993,interpreta,co:constitucion:1991:art:18,,,http://www.secretariasenado.gov.co/senado/basedoc/constitucion_politica_1991.html
co:cc:c-027:1993,interpreta,co:constitucion:1991:art:18,,,http://www.secretariasenado.gov.co/senado/basedoc/constitucion_politica_1991.html
co:cc:c-033:1993,interpreta,co:constitucion:1991:art:18,,,http://www.secretariasenado.gov.co/senado/basedoc/constitucion_politica_1991.html
co:cc:c-127:1993,interpreta,co:constitucion:1991:art:18,,,http://www.secretariasenado.gov.co/senado/basedoc/constitucion_politica_1991.html
co:cc:c-150:1993,interpreta,co:constitucion:1991:art:18,,,http://www.secretariasenado.gov.co/senado/basedoc/constitucion_politica_1991.html
co:cc:c-344:1993,interpreta,co:constitucion:1991:art:18,,,http://www.secretariasenado.gov.co/senado/basedoc/constitucion_politica_1991.html
co:cc:c-456:1993,interpreta,co:constitucion:1991:art:18,,,http://www.secretariasenado.gov.co/senado/basedoc/constitucion_politica_1991.html
co:cc:c-535:1993,interpreta,co:constitucion:1991:art:18,,,http://www.secretariasenado.gov.co/senado/basedoc/constitucion_politica_1991.html
co:cc:c-128:2003,interpreta,co:constitucion:1991:art:18,,,http://www.secretariasenado.gov.co/senado/basedoc/constitucion_politica_1991.html
co:cc:c-352:2004,interpreta,co:constitucion:1991:art:18,,,http://www.secretariasenado.gov.co/senado/basedoc/constitucion_politica_1991.html
co:cc:c-728:2009,interpreta,co:constitucion:1991:art:18,,,http://www.secretariasenado.gov.co/senado/basedoc/constitucion_politica_1991.html
co:cc:c-900:2011,interpreta,co:constitucion:1991:art:18,,,http://www.secretariasenado.gov.co/senado/basedoc/constitucion_politica_1991.html
co:cc:c-055:2022,interpreta,co:constitucion:1991:art:18,,,http://www.secretariasenado.gov.co/senado/basedoc/constitucion_politica_1991.html
co:cc:c-027:1993,interpreta,co:constitucion:1991:art:19,,,http://www.secretariasenado.gov.co/senado/basedoc/constitucion_politica_1991.html
co:cc:c-127:1993,interpreta,co:constitucion:1991:art:19,,,http://www.secretariasenado.gov.co/senado/basedoc/constitucion_politica_1991.html
co:cc:c-456:1993,interpreta,co:constitucion:1991:art:19,,,http://www.secretariasenado.gov.co/senado/basedoc/constitucion_politica_1991.html
co:cc:c-535:1993,interpreta,co:constitucion:1991:art:19,,,http://www.secretariasenado.gov.co/senado/basedoc/constitucion_politica_1991.html
co:cc:c-566:1993,interpreta,co:constitucion:1991:art:19,,,http://www.secretariasenado.gov.co/senado/basedoc/constitucion_politica_1991.html
co:cc:c-567:1993,interpreta,co:constitucion:1991:art:19,,,http://www.secretariasenado.gov.co/senado/basedoc/constitucion_politica_1991.html
co:cc:c-568:1993,interpreta,co:constitucion:1991:art:19,,,http://www.secretariasenado.gov.co/senado/basedoc/constitucion_politica_1991.html
co:cc:c-350:1994,interpreta,co:constitucion:1991:art:19,,,http://www.secretariasenado.gov.co/senado/basedoc/constitucion_politica_1991.html
co:cc:c-152:2003,interpreta,co:constitucion:1991:art:19,,,http://www.secretariasenado.gov.co/senado/basedoc/constitucion_politica_1991.html
co:cc:c-715:2006,interpreta,co:constitucion:1991:art:19,,,http://www.secretariasenado.gov.co/senado/basedoc/constitucion_politica_1991.html
co:cc:c-766:2010,interpreta,co:constitucion:1991:art:19,,,http://www.secretariasenado.gov.co/senado/basedoc/constitucion_politica_1991.html
co:cc:c-817:2011,interpreta,co:constitucion:1991:art:19,,,http://www.secretariasenado.gov.co/senado/basedoc/constitucion_politica_1991.html
co:cc:c-948:2014,interpreta,co:constitucion:1991:art:19,,,http://www.secretariasenado.gov.co/senado/basedoc/constitucion_politica_1991.html
co:cc:c-224:2016,interpreta,co:constitucion:1991:art:19,,,http://www.secretariasenado.gov.co/senado/basedoc/constitucion_politica_1991.html
co:cc:c-441:2016,interpreta,co:constitucion:1991:art:19,,,http://www.secretariasenado.gov.co/senado/basedoc/constitucion_politica_1991.html
co:cc:c-567:2016,interpreta,co:constitucion:1991:art:19,,,http://www.secretariasenado.gov.co/senado/basedoc/constitucion_politica_1991.html
co:cc:c-111:2017,interpreta,co:constitucion:1991:art:19,,,http://www.secretariasenado.gov.co/senado/basedoc/constitucion_politica_1991.html
co:cc:c-288:2017,interpreta,co:constitucion:1991:art:19,,,http://www.secretariasenado.gov.co/senado/basedoc/constitucion_politica_1991.html
co:cc:c-054:2018,interpreta,co:constitucion:1991:art:19,,,http://www.secretariasenado.gov.co/senado/basedoc/constitucion_politica_1991.html
co:cc:c-033:2019,interpreta,co:constitucion:1991:art:19,,,http://www.secretariasenado.gov.co/senado/basedoc/constitucion_politica_1991.html
co:cc:c-034:2019,interpreta,co:constitucion:1991:art:19,,,http://www.secretariasenado.gov.co/senado/basedoc/constitucion_politica_1991.html
co:cc:c-088:2022,interpreta,co:constitucion:1991:art:19,,,http://www.secretariasenado.gov.co/senado/basedoc/constitucion_politica_1991.html
co:cc:c-019:1993,interpreta,co:constitucion:1991:art:20,,,http://www.secretariasenado.gov.co/senado/basedoc/constitucion_politica_1991.html
co:cc:c-027:1993,interpreta,co:constitucion:1991:art:20,,,http://www.secretariasenado.gov.co/senado/basedoc/constitucion_politica_1991.html
co:cc:c-033:1993,interpreta,co:constitucion:1991:art:20,,,http://www.secretariasenado.gov.co/senado/basedoc/constitucion_politica_1991.html
co:cc:c-454:1993,interpreta,co:constitucion:1991:art:20,,,http://www.secretariasenado.gov.co/senado/basedoc/constitucion_politica_1991.html
co:cc:c-456:1993,interpreta,co:constitucion:1991:art:20,,,http://www.secretariasenado.gov.co/senado/basedoc/constitucion_politica_1991.html
co:cc:c-488:1993,interpreta,co:constitucion:1991:art:20,,,http://www.secretariasenado.gov.co/senado/basedoc/constitucion_politica_1991.html
co:cc:c-529:1993,interpreta,co:constitucion:1991:art:20,,,http://www.secretariasenado.gov.co/senado/basedoc/constitucion_politica_1991.html
co:cc:c-535:1993,interpreta,co:constitucion:1991:art:20,,,http://www.secretariasenado.gov.co/senado/basedoc/constitucion_politica_1991.html
co:cc:c-542:1993,interpreta,co:constitucion:1991:art:20,,,http://www.secretariasenado.gov.co/senado/basedoc/constitucion_politica_1991.html
co:cc:c-154:2003,interpreta,co:constitucion:1991:art:20,,,http://www.secretariasenado.gov.co/senado/basedoc/constitucion_politica_1991.html
co:cc:c-185:2003,interpreta,co:constitucion:1991:art:20,,,http://www.secretariasenado.gov.co/senado/basedoc/constitucion_politica_1991.html
co:cc:c-650:2003,interpreta,co:constitucion:1991:art:20,,,http://www.secretariasenado.gov.co/senado/basedoc/constitucion_politica_1991.html
co:cc:c-070:2004,interpreta,co:constitucion:1991:art:20,,,http://www.secretariasenado.gov.co/senado/basedoc/constitucion_politica_1991.html
co:cc:c-417:2009,interpreta,co:constitucion:1991:art:20,,,http://www.secretariasenado.gov.co/senado/basedoc/constitucion_politica_1991.html
co:cc:c-442:2011,interpreta,co:constitucion:1991:art:20,,,http://www.secretariasenado.gov.co/senado/basedoc/constitucion_politica_1991.html
co:cc:c-592:2012,interpreta,co:constitucion:1991:art:20,,,http://www.secretariasenado.gov.co/senado/basedoc/constitucion_politica_1991.html
co:cc:c-794:2014,interpreta,co:constitucion:1991:art:20,,,http://www.secretariasenado.gov.co/senado/basedoc/constitucion_politica_1991.html
co:cc:c-452:2016,interpreta,co:constitucion:1991:art:20,,,http://www.secretariasenado.gov.co/senado/basedoc/constitucion_politica_1991.html
co:cc:c-253:2019,interpreta,co:constitucion:1991:art:20,,,http://www.secretariasenado.gov.co/senado/basedoc/constitucion_politica_1991.html
co:cc:c-127:2020,interpreta,co:constitucion:1991:art:20,,,http://www.secretariasenado.gov.co/senado/basedoc/constitucion_politica_1991.html
co:cc:c-487:2023,interpreta,co:constitucion:1991:art:20,,,http://www.secretariasenado.gov.co/senado/basedoc/constitucion_politica_1991.html
co:cc:c-030:2024,interpreta,co:constitucion:1991:art:20,,,http://www.secretariasenado.gov.co/senado/basedoc/constitucion_politica_1991.html
co:cc:c-206:2025,interpreta,co:constitucion:1991:art:20,,,http://www.secretariasenado.gov.co/senado/basedoc/constitucion_politica_1991.html
co:cc:c-033:1993,interpreta,co:constitucion:1991:art:21,,,http://www.secretariasenado.gov.co/senado/basedoc/constitucion_politica_1991.html
co:cc:c-114:1993,interpreta,co:constitucion:1991:art:21,,,http://www.secretariasenado.gov.co/senado/basedoc/constitucion_politica_1991.html
co:cc:c-540:1993,interpreta,co:constitucion:1991:art:21,,,http://www.secretariasenado.gov.co/senado/basedoc/constitucion_politica_1991.html
co:cc:c-182:2003,interpreta,co:constitucion:1991:art:21,,,http://www.secretariasenado.gov.co/senado/basedoc/constitucion_politica_1991.html
co:cc:c-230:2003,interpreta,co:constitucion:1991:art:21,,,http://www.secretariasenado.gov.co/senado/basedoc/constitucion_politica_1991.html
co:cc:c-442:2011,interpreta,co:constitucion:1991:art:21,,,http://www.secretariasenado.gov.co/senado/basedoc/constitucion_politica_1991.html
co:cc:c-452:2016,interpreta,co:constitucion:1991:art:21,,,http://www.secretariasenado.gov.co/senado/basedoc/constitucion_politica_1991.html
co:cc:c-556:1992,interpreta,co:constitucion:1991:art:22,,,http://www.secretariasenado.gov.co/senado/basedoc/constitucion_politica_1991.html
co:cc:c-037:2004,interpreta,co:constitucion:1991:art:22,,,http://www.secretariasenado.gov.co/senado/basedoc/constitucion_politica_1991.html
co:cc:c-432:2004,interpreta,co:constitucion:1991:art:22,,,http://www.secretariasenado.gov.co/senado/basedoc/constitucion_politica_1991.html
co:cc:c-269:2014,interpreta,co:constitucion:1991:art:22,,,http://www.secretariasenado.gov.co/senado/basedoc/constitucion_politica_1991.html
co:cc:c-525:2023,interpreta,co:constitucion:1991:art:22,,,http://www.secretariasenado.gov.co/senado/basedoc/constitucion_politica_1991.html
co:acto-legislativo:5:2017:art:1,adiciona,co:constitucion:1991:art:22,2017-11-29,,http://www.secretariasenado.gov.co/senado/basedoc/constitucion_politica_1991.html
co:cc:c-076:2018,declara_exequible,co:constitucion:1991:art:22,2018-07-25,,http://www.secretariasenado.gov.co/senado/basedoc/constitucion_politica_1991.html
co:cc:c-094:1993,interpreta,co:constitucion:1991:art:23,,,http://www.secretariasenado.gov.co/senado/basedoc/constitucion_politica_1991.html
co:cc:c-540:1993,interpreta,co:constitucion:1991:art:23,,,http://www.secretariasenado.gov.co/senado/basedoc/constitucion_politica_1991.html
co:cc:c-544:1993,interpreta,co:constitucion:1991:art:23,,,http://www.secretariasenado.gov.co/senado/basedoc/constitucion_politica_1991.html
co:cc:c-185:2003,interpreta,co:constitucion:1991:art:23,,,http://www.secretariasenado.gov.co/senado/basedoc/constitucion_politica_1991.html
co:cc:c-526:2003,interpreta,co:constitucion:1991:art:23,,,http://www.secretariasenado.gov.co/senado/basedoc/constitucion_politica_1991.html
co:cc:c-567:2003,interpreta,co:constitucion:1991:art:23,,,http://www.secretariasenado.gov.co/senado/basedoc/constitucion_politica_1991.html
co:cc:c-075:2004,interpreta,co:constitucion:1991:art:23,,,http://www.secretariasenado.gov.co/senado/basedoc/constitucion_politica_1991.html
co:cc:c-510:2004,interpreta,co:constitucion:1991:art:23,,,http://www.secretariasenado.gov.co/senado/basedoc/constitucion_politica_1991.html
co:cc:c-542:2005,interpreta,co:constitucion:1991:art:23,,,http://www.secretariasenado.gov.co/senado/basedoc/constitucion_politica_1991.html
co:cc:c-397:2006,interpreta,co:constitucion:1991:art:23,,,http://www.secretariasenado.gov.co/senado/basedoc/constitucion_politica_1991.html
co:cc:c-007:2017,interpreta,co:constitucion:1991:art:23,,,http://www.secretariasenado.gov.co/senado/basedoc/constitucion_politica_1991.html
co:cc:c-818:2011,interpreta,co:constitucion:1991:art:23,,,http://www.secretariasenado.gov.co/senado/basedoc/constitucion_politica_1991.html
co:cc:c-274:2013,interpreta,co:constitucion:1991:art:23,,,http://www.secretariasenado.gov.co/senado/basedoc/constitucion_politica_1991.html
co:cc:c-951:2014,interpreta,co:constitucion:1991:art:23,,,http://www.secretariasenado.gov.co/senado/basedoc/constitucion_politica_1991.html
co:acto-legislativo:2:2003:art:2,modifica,co:constitucion:1991:art:24,2003-12-19,la fuente marca INEXEQUIBLE sobre esta reforma — verificar si surtió efecto,http://www.secretariasenado.gov.co/senado/basedoc/constitucion_politica_1991.html
co:cc:c-027:1993,interpreta,co:constitucion:1991:art:24,,,http://www.secretariasenado.gov.co/senado/basedoc/constitucion_politica_1991.html
co:cc:c-114:1993,interpreta,co:constitucion:1991:art:24,,,http://www.secretariasenado.gov.co/senado/basedoc/constitucion_politica_1991.html
co:cc:c-529:2003,interpreta,co:constitucion:1991:art:24,,,http://www.secretariasenado.gov.co/senado/basedoc/constitucion_politica_1991.html
co:cc:c-530:2003,interpreta,co:constitucion:1991:art:24,,,http://www.secretariasenado.gov.co/senado/basedoc/constitucion_politica_1991.html
co:cc:c-017:2004,interpreta,co:constitucion:1991:art:24,,,http://www.secretariasenado.gov.co/senado/basedoc/constitucion_politica_1991.html
co:cc:c-018:2004,interpreta,co:constitucion:1991:art:24,,,http://www.secretariasenado.gov.co/senado/basedoc/constitucion_politica_1991.html
co:cc:c-042:2004,interpreta,co:constitucion:1991:art:24,,,http://www.secretariasenado.gov.co/senado/basedoc/constitucion_politica_1991.html
co:cc:c-104:2004,interpreta,co:constitucion:1991:art:24,,,http://www.secretariasenado.gov.co/senado/basedoc/constitucion_politica_1991.html
co:cc:c-292:2008,interpreta,co:constitucion:1991:art:24,,,http://www.secretariasenado.gov.co/senado/basedoc/constitucion_politica_1991.html
co:cc:c-511:2013,interpreta,co:constitucion:1991:art:24,,,http://www.secretariasenado.gov.co/senado/basedoc/constitucion_politica_1991.html
co:cc:c-141:2018,interpreta,co:constitucion:1991:art:24,,,http://www.secretariasenado.gov.co/senado/basedoc/constitucion_politica_1991.html
co:cc:c-221:1992,interpreta,co:constitucion:1991:art:25,,,http://www.secretariasenado.gov.co/senado/basedoc/constitucion_politica_1991.html
co:cc:c-434:1992,interpreta,co:constitucion:1991:art:25,,,http://www.secretariasenado.gov.co/senado/basedoc/constitucion_politica_1991.html
co:cc:c-479:1992,interpreta,co:constitucion:1991:art:25,,,http://www.secretariasenado.gov.co/senado/basedoc/constitucion_politica_1991.html
co:cc:c-504:1992,interpreta,co:constitucion:1991:art:25,,,http://www.secretariasenado.gov.co/senado/basedoc/constitucion_politica_1991.html
co:cc:c-546:1992,interpreta,co:constitucion:1991:art:25,,,http://www.secretariasenado.gov.co/senado/basedoc/constitucion_politica_1991.html
co:cc:c-562:1992,interpreta,co:constitucion:1991:art:25,,,http://www.secretariasenado.gov.co/senado/basedoc/constitucion_politica_1991.html
co:cc:c-575:1992,interpreta,co:constitucion:1991:art:25,,,http://www.secretariasenado.gov.co/senado/basedoc/constitucion_politica_1991.html
co:cc:c-588:1992,interpreta,co:constitucion:1991:art:25,,,http://www.secretariasenado.gov.co/senado/basedoc/constitucion_politica_1991.html
co:cc:c-606:1992,interpreta,co:constitucion:1991:art:25,,,http://www.secretariasenado.gov.co/senado/basedoc/constitucion_politica_1991.html
co:cc:c-079:1996,interpreta,co:constitucion:1991:art:25,,,http://www.secretariasenado.gov.co/senado/basedoc/constitucion_politica_1991.html
co:cc:c-470:1997,interpreta,co:constitucion:1991:art:25,,,http://www.secretariasenado.gov.co/senado/basedoc/constitucion_politica_1991.html
co:cc:c-016:1998,interpreta,co:constitucion:1991:art:25,,,http://www.secretariasenado.gov.co/senado/basedoc/constitucion_politica_1991.html
co:cc:c-531:2000,interpreta,co:constitucion:1991:art:25,,,http://www.secretariasenado.gov.co/senado/basedoc/constitucion_politica_1991.html
co:cc:c-034:2003,interpreta,co:constitucion:1991:art:25,,,http://www.secretariasenado.gov.co/senado/basedoc/constitucion_politica_1991.html
co:cc:c-043:2003,interpreta,co:constitucion:1991:art:25,,,http://www.secretariasenado.gov.co/senado/basedoc/constitucion_politica_1991.html
co:cc:c-073:2003,interpreta,co:constitucion:1991:art:25,,,http://www.secretariasenado.gov.co/senado/basedoc/constitucion_politica_1991.html
co:cc:c-102:2003,interpreta,co:constitucion:1991:art:25,,,http://www.secretariasenado.gov.co/senado/basedoc/constitucion_politica_1991.html
co:cc:c-355:2003,interpreta,co:constitucion:1991:art:25,,,http://www.secretariasenado.gov.co/senado/basedoc/constitucion_politica_1991.html
co:cc:c-402:2003,interpreta,co:constitucion:1991:art:25,,,http://www.secretariasenado.gov.co/senado/basedoc/constitucion_politica_1991.html
co:cc:c-450:2003,interpreta,co:constitucion:1991:art:25,,,http://www.secretariasenado.gov.co/senado/basedoc/constitucion_politica_1991.html
co:cc:c-475:2003,interpreta,co:constitucion:1991:art:25,,,http://www.secretariasenado.gov.co/senado/basedoc/constitucion_politica_1991.html
co:cc:c-531:2003,interpreta,co:constitucion:1991:art:25,,,http://www.secretariasenado.gov.co/senado/basedoc/constitucion_politica_1991.html
co:cc:c-941:2003,interpreta,co:constitucion:1991:art:25,,,http://www.secretariasenado.gov.co/senado/basedoc/constitucion_politica_1991.html
co:cc:c-1017:2003,interpreta,co:constitucion:1991:art:25,,,http://www.secretariasenado.gov.co/senado/basedoc/constitucion_politica_1991.html
co:cc:c-015:2004,interpreta,co:constitucion:1991:art:25,,,http://www.secretariasenado.gov.co/senado/basedoc/constitucion_politica_1991.html
co:cc:c-018:2004,interpreta,co:constitucion:1991:art:25,,,http://www.secretariasenado.gov.co/senado/basedoc/constitucion_politica_1991.html
co:cc:c-019:2004,interpreta,co:constitucion:1991:art:25,,,http://www.secretariasenado.gov.co/senado/basedoc/constitucion_politica_1991.html
co:cc:c-020:2004,interpreta,co:constitucion:1991:art:25,,,http://www.secretariasenado.gov.co/senado/basedoc/constitucion_politica_1991.html
co:cc:c-021:2004,interpreta,co:constitucion:1991:art:25,,,http://www.secretariasenado.gov.co/senado/basedoc/constitucion_politica_1991.html
co:cc:c-023:2004,interpreta,co:constitucion:1991:art:25,,,http://www.secretariasenado.gov.co/senado/basedoc/constitucion_politica_1991.html
co:cc:c-038:2004,interpreta,co:constitucion:1991:art:25,,,http://www.secretariasenado.gov.co/senado/basedoc/constitucion_politica_1991.html
co:cc:c-047:2004,interpreta,co:constitucion:1991:art:25,,,http://www.secretariasenado.gov.co/senado/basedoc/constitucion_politica_1991.html
co:cc:c-073:2004,interpreta,co:constitucion:1991:art:25,,,http://www.secretariasenado.gov.co/senado/basedoc/constitucion_politica_1991.html
co:cc:c-100:2004,interpreta,co:constitucion:1991:art:25,,,http://www.secretariasenado.gov.co/senado/basedoc/constitucion_politica_1991.html
co:cc:c-173:2004,interpreta,co:constitucion:1991:art:25,,,http://www.secretariasenado.gov.co/senado/basedoc/constitucion_politica_1991.html
co:cc:c-174:2004,interpreta,co:constitucion:1991:art:25,,,http://www.secretariasenado.gov.co/senado/basedoc/constitucion_politica_1991.html
co:cc:c-175:2004,interpreta,co:constitucion:1991:art:25,,,http://www.secretariasenado.gov.co/senado/basedoc/constitucion_politica_1991.html
co:cc:c-249:2004,interpreta,co:constitucion:1991:art:25,,,http://www.secretariasenado.gov.co/senado/basedoc/constitucion_politica_1991.html
co:cc:c-250:2004,interpreta,co:constitucion:1991:art:25,,,http://www.secretariasenado.gov.co/senado/basedoc/constitucion_politica_1991.html
co:cc:c-252:2004,interpreta,co:constitucion:1991:art:25,,,http://www.secretariasenado.gov.co/senado/basedoc/constitucion_politica_1991.html
co:cc:c-281:2004,interpreta,co:constitucion:1991:art:25,,,http://www.secretariasenado.gov.co/senado/basedoc/constitucion_politica_1991.html
co:cc:c-314:2004,interpreta,co:constitucion:1991:art:25,,,http://www.secretariasenado.gov.co/senado/basedoc/constitucion_politica_1991.html
co:cc:c-348:2004,interpreta,co:constitucion:1991:art:25,,,http://www.secretariasenado.gov.co/senado/basedoc/constitucion_politica_1991.html
co:cc:c-378:2004,interpreta,co:constitucion:1991:art:25,,,http://www.secretariasenado.gov.co/senado/basedoc/constitucion_politica_1991.html
co:cc:c-379:2004,interpreta,co:constitucion:1991:art:25,,,http://www.secretariasenado.gov.co/senado/basedoc/constitucion_politica_1991.html
co:cc:c-408:2004,interpreta,co:constitucion:1991:art:25,,,http://www.secretariasenado.gov.co/senado/basedoc/constitucion_politica_1991.html
co:cc:c-457:2004,interpreta,co:constitucion:1991:art:25,,,http://www.secretariasenado.gov.co/senado/basedoc/constitucion_politica_1991.html
co:cc:c-458:2004,interpreta,co:constitucion:1991:art:25,,,http://www.secretariasenado.gov.co/senado/basedoc/constitucion_politica_1991.html
co:cc:c-474:2004,interpreta,co:constitucion:1991:art:25,,,http://www.secretariasenado.gov.co/senado/basedoc/constitucion_politica_1991.html
co:cc:c-508:2004,interpreta,co:constitucion:1991:art:25,,,http://www.secretariasenado.gov.co/senado/basedoc/constitucion_politica_1991.html
co:cc:c-1172:2005,interpreta,co:constitucion:1991:art:25,,,http://www.secretariasenado.gov.co/senado/basedoc/constitucion_politica_1991.html
co:cc:c-397:2006,interpreta,co:constitucion:1991:art:25,,,http://www.secretariasenado.gov.co/senado/basedoc/constitucion_politica_1991.html
co:cc:c-473:2006,interpreta,co:constitucion:1991:art:25,,,http://www.secretariasenado.gov.co/senado/basedoc/constitucion_politica_1991.html
co:cc:c-257:2013,interpreta,co:constitucion:1991:art:25,,,http://www.secretariasenado.gov.co/senado/basedoc/constitucion_politica_1991.html
co:cc:c-090:2014,interpreta,co:constitucion:1991:art:25,,,http://www.secretariasenado.gov.co/senado/basedoc/constitucion_politica_1991.html
co:cc:c-200:2019,interpreta,co:constitucion:1991:art:25,,,http://www.secretariasenado.gov.co/senado/basedoc/constitucion_politica_1991.html
co:cc:c-432:2020,interpreta,co:constitucion:1991:art:25,,,http://www.secretariasenado.gov.co/senado/basedoc/constitucion_politica_1991.html
co:cc:c-027:2024,interpreta,co:constitucion:1991:art:25,,,http://www.secretariasenado.gov.co/senado/basedoc/constitucion_politica_1991.html
co:cc:c-038:2026,interpreta,co:constitucion:1991:art:25,,,http://www.secretariasenado.gov.co/senado/basedoc/constitucion_politica_1991.html
co:cc:t-006:1992,interpreta,co:constitucion:1991:art:25,,,http://www.secretariasenado.gov.co/senado/basedoc/constitucion_politica_1991.html
co:cc:t-007:1992,interpreta,co:constitucion:1991:art:25,,,http://www.secretariasenado.gov.co/senado/basedoc/constitucion_politica_1991.html
co:cc:t-008:1992,interpreta,co:constitucion:1991:art:25,,,http://www.secretariasenado.gov.co/senado/basedoc/constitucion_politica_1991.html
co:cc:t-014:1992,interpreta,co:constitucion:1991:art:25,,,http://www.secretariasenado.gov.co/senado/basedoc/constitucion_politica_1991.html
co:cc:t-222:1992,interpreta,co:constitucion:1991:art:25,,,http://www.secretariasenado.gov.co/senado/basedoc/constitucion_politica_1991.html
co:cc:t-224:1992,interpreta,co:constitucion:1991:art:25,,,http://www.secretariasenado.gov.co/senado/basedoc/constitucion_politica_1991.html
co:cc:t-407:1992,interpreta,co:constitucion:1991:art:25,,,http://www.secretariasenado.gov.co/senado/basedoc/constitucion_politica_1991.html
co:cc:t-410:1992,interpreta,co:constitucion:1991:art:25,,,http://www.secretariasenado.gov.co/senado/basedoc/constitucion_politica_1991.html
co:cc:t-411:1992,interpreta,co:constitucion:1991:art:25,,,http://www.secretariasenado.gov.co/senado/basedoc/constitucion_politica_1991.html
co:cc:t-415:1992,interpreta,co:constitucion:1991:art:25,,,http://www.secretariasenado.gov.co/senado/basedoc/constitucion_politica_1991.html
co:cc:t-418:1992,interpreta,co:constitucion:1991:art:25,,,http://www.secretariasenado.gov.co/senado/basedoc/constitucion_politica_1991.html
co:cc:t-422:1992,interpreta,co:constitucion:1991:art:25,,,http://www.secretariasenado.gov.co/senado/basedoc/constitucion_politica_1991.html
co:cc:t-426:1992,interpreta,co:constitucion:1991:art:25,,,http://www.secretariasenado.gov.co/senado/basedoc/constitucion_politica_1991.html
co:cc:t-427:1992,interpreta,co:constitucion:1991:art:25,,,http://www.secretariasenado.gov.co/senado/basedoc/constitucion_politica_1991.html
co:cc:t-441:1992,interpreta,co:constitucion:1991:art:25,,,http://www.secretariasenado.gov.co/senado/basedoc/constitucion_politica_1991.html
co:cc:t-446:1992,interpreta,co:constitucion:1991:art:25,,,http://www.secretariasenado.gov.co/senado/basedoc/constitucion_politica_1991.html
co:cc:t-451:1992,interpreta,co:constitucion:1991:art:25,,,http://www.secretariasenado.gov.co/senado/basedoc/constitucion_politica_1991.html
co:cc:t-453:1992,interpreta,co:constitucion:1991:art:25,,,http://www.secretariasenado.gov.co/senado/basedoc/constitucion_politica_1991.html
co:cc:t-454:1992,interpreta,co:constitucion:1991:art:25,,,http://www.secretariasenado.gov.co/senado/basedoc/constitucion_politica_1991.html
co:cc:t-457:1992,interpreta,co:constitucion:1991:art:25,,,http://www.secretariasenado.gov.co/senado/basedoc/constitucion_politica_1991.html
co:cc:t-462:1992,interpreta,co:constitucion:1991:art:25,,,http://www.secretariasenado.gov.co/senado/basedoc/constitucion_politica_1991.html
co:cc:t-475:1992,interpreta,co:constitucion:1991:art:25,,,http://www.secretariasenado.gov.co/senado/basedoc/constitucion_politica_1991.html
co:cc:t-481:1992,interpreta,co:constitucion:1991:art:25,,,http://www.secretariasenado.gov.co/senado/basedoc/constitucion_politica_1991.html
co:cc:t-494:1992,interpreta,co:constitucion:1991:art:25,,,http://www.secretariasenado.gov.co/senado/basedoc/constitucion_politica_1991.html
co:cc:t-499:1992,interpreta,co:constitucion:1991:art:25,,,http://www.secretariasenado.gov.co/senado/basedoc/constitucion_politica_1991.html
co:cc:t-505:1992,interpreta,co:constitucion:1991:art:25,,,http://www.secretariasenado.gov.co/senado/basedoc/constitucion_politica_1991.html
co:cc:t-526:1992,interpreta,co:constitucion:1991:art:25,,,http://www.secretariasenado.gov.co/senado/basedoc/constitucion_politica_1991.html
co:cc:t-554:1992,interpreta,co:constitucion:1991:art:25,,,http://www.secretariasenado.gov.co/senado/basedoc/constitucion_politica_1991.html
co:cc:t-568:1992,interpreta,co:constitucion:1991:art:25,,,http://www.secretariasenado.gov.co/senado/basedoc/constitucion_politica_1991.html
co:cc:t-581:1992,interpreta,co:constitucion:1991:art:25,,,http://www.secretariasenado.gov.co/senado/basedoc/constitucion_politica_1991.html
co:cc:t-593:1992,interpreta,co:constitucion:1991:art:25,,,http://www.secretariasenado.gov.co/senado/basedoc/constitucion_politica_1991.html
co:cc:t-601:1992,interpreta,co:constitucion:1991:art:25,,,http://www.secretariasenado.gov.co/senado/basedoc/constitucion_politica_1991.html
co:cc:t-604:1992,interpreta,co:constitucion:1991:art:25,,,http://www.secretariasenado.gov.co/senado/basedoc/constitucion_politica_1991.html
co:cc:t-610:1992,interpreta,co:constitucion:1991:art:25,,,http://www.secretariasenado.gov.co/senado/basedoc/constitucion_politica_1991.html
co:cc:t-615:1992,interpreta,co:constitucion:1991:art:25,,,http://www.secretariasenado.gov.co/senado/basedoc/constitucion_politica_1991.html
co:cc:t-876:2004,interpreta,co:constitucion:1991:art:25,,,http://www.secretariasenado.gov.co/senado/basedoc/constitucion_politica_1991.html
co:cc:t-1326:2006,interpreta,co:constitucion:1991:art:25,,,http://www.secretariasenado.gov.co/senado/basedoc/constitucion_politica_1991.html
co:cc:t-629:2010,interpreta,co:constitucion:1991:art:25,,,http://www.secretariasenado.gov.co/senado/basedoc/constitucion_politica_1991.html
co:cc:t-415:2011,interpreta,co:constitucion:1991:art:25,,,http://www.secretariasenado.gov.co/senado/basedoc/constitucion_politica_1991.html
co:cc:t-359:2014,interpreta,co:constitucion:1991:art:25,,,http://www.secretariasenado.gov.co/senado/basedoc/constitucion_politica_1991.html
co:cc:t-425:2019,interpreta,co:constitucion:1991:art:25,,,http://www.secretariasenado.gov.co/senado/basedoc/constitucion_politica_1991.html
co:cc:c-211:2017,interpreta,co:constitucion:1991:art:25,,,http://www.secretariasenado.gov.co/senado/basedoc/constitucion_politica_1991.html
co:cc:c-606:1992,interpreta,co:constitucion:1991:art:26,,,http://www.secretariasenado.gov.co/senado/basedoc/constitucion_politica_1991.html
co:cc:c-964:1999,interpreta,co:constitucion:1991:art:26,,,http://www.secretariasenado.gov.co/senado/basedoc/constitucion_politica_1991.html
co:cc:c-031:2003,interpreta,co:constitucion:1991:art:26,,,http://www.secretariasenado.gov.co/senado/basedoc/constitucion_politica_1991.html
co:cc:c-038:2003,interpreta,co:constitucion:1991:art:26,,,http://www.secretariasenado.gov.co/senado/basedoc/constitucion_politica_1991.html
co:cc:c-043:2003,interpreta,co:constitucion:1991:art:26,,,http://www.secretariasenado.gov.co/senado/basedoc/constitucion_politica_1991.html
co:cc:c-098:2003,interpreta,co:constitucion:1991:art:26,,,http://www.secretariasenado.gov.co/senado/basedoc/constitucion_politica_1991.html
co:cc:c-355:2003,interpreta,co:constitucion:1991:art:26,,,http://www.secretariasenado.gov.co/senado/basedoc/constitucion_politica_1991.html
co:cc:c-406:2003,interpreta,co:constitucion:1991:art:26,,,http://www.secretariasenado.gov.co/senado/basedoc/constitucion_politica_1991.html
co:cc:c-281:2004,interpreta,co:constitucion:1991:art:26,,,http://www.secretariasenado.gov.co/senado/basedoc/constitucion_politica_1991.html
co:cc:c-408:2004,interpreta,co:constitucion:1991:art:26,,,http://www.secretariasenado.gov.co/senado/basedoc/constitucion_politica_1991.html
co:cc:c-431:2004,interpreta,co:constitucion:1991:art:26,,,http://www.secretariasenado.gov.co/senado/basedoc/constitucion_politica_1991.html
co:cc:c-457:2004,interpreta,co:constitucion:1991:art:26,,,http://www.secretariasenado.gov.co/senado/basedoc/constitucion_politica_1991.html
co:cc:c-474:2004,interpreta,co:constitucion:1991:art:26,,,http://www.secretariasenado.gov.co/senado/basedoc/constitucion_politica_1991.html
co:cc:c-1172:2005,interpreta,co:constitucion:1991:art:26,,,http://www.secretariasenado.gov.co/senado/basedoc/constitucion_politica_1991.html
co:cc:c-076:2006,interpreta,co:constitucion:1991:art:26,,,http://www.secretariasenado.gov.co/senado/basedoc/constitucion_politica_1991.html
co:cc:c-340:2006,interpreta,co:constitucion:1991:art:26,,,http://www.secretariasenado.gov.co/senado/basedoc/constitucion_politica_1991.html
co:cc:c-212:2007,interpreta,co:constitucion:1991:art:26,,,http://www.secretariasenado.gov.co/senado/basedoc/constitucion_politica_1991.html
co:cc:c-884:2007,interpreta,co:constitucion:1991:art:26,,,http://www.secretariasenado.gov.co/senado/basedoc/constitucion_politica_1991.html
co:cc:c-620:2008,interpreta,co:constitucion:1991:art:26,,,http://www.secretariasenado.gov.co/senado/basedoc/constitucion_politica_1991.html
co:cc:c-756:2008,interpreta,co:constitucion:1991:art:26,,,http://www.secretariasenado.gov.co/senado/basedoc/constitucion_politica_1991.html
co:cc:c-1063:2008,interpreta,co:constitucion:1991:art:26,,,http://www.secretariasenado.gov.co/senado/basedoc/constitucion_politica_1991.html
co:cc:c-924:2009,interpreta,co:constitucion:1991:art:26,,,http://www.secretariasenado.gov.co/senado/basedoc/constitucion_politica_1991.html
co:cc:c-568:2010,interpreta,co:constitucion:1991:art:26,,,http://www.secretariasenado.gov.co/senado/basedoc/constitucion_politica_1991.html
co:cc:c-257:2013,interpreta,co:constitucion:1991:art:26,,,http://www.secretariasenado.gov.co/senado/basedoc/constitucion_politica_1991.html
co:cc:c-083:2004,interpreta,co:constitucion:1991:art:26,,,http://www.secretariasenado.gov.co/senado/basedoc/constitucion_politica_1991.html
co:cc:c-166:2015,interpreta,co:constitucion:1991:art:26,,,http://www.secretariasenado.gov.co/senado/basedoc/constitucion_politica_1991.html
co:cc:c-385:2015,interpreta,co:constitucion:1991:art:26,,,http://www.secretariasenado.gov.co/senado/basedoc/constitucion_politica_1991.html
co:cc:c-530:2015,interpreta,co:constitucion:1991:art:26,,,http://www.secretariasenado.gov.co/senado/basedoc/constitucion_politica_1991.html
co:cc:c-146:2021,interpreta,co:constitucion:1991:art:26,,,http://www.secretariasenado.gov.co/senado/basedoc/constitucion_politica_1991.html
co:cc:c-016:1993,interpreta,co:constitucion:1991:art:27,,,http://www.secretariasenado.gov.co/senado/basedoc/constitucion_politica_1991.html
co:cc:c-027:1993,interpreta,co:constitucion:1991:art:27,,,http://www.secretariasenado.gov.co/senado/basedoc/constitucion_politica_1991.html
co:cc:c-246:1993,interpreta,co:constitucion:1991:art:27,,,http://www.secretariasenado.gov.co/senado/basedoc/constitucion_politica_1991.html
co:cc:c-378:1993,interpreta,co:constitucion:1991:art:27,,,http://www.secretariasenado.gov.co/senado/basedoc/constitucion_politica_1991.html
co:cc:c-008:2001,interpreta,co:constitucion:1991:art:27,,,http://www.secretariasenado.gov.co/senado/basedoc/constitucion_politica_1991.html
co:cc:c-457:2004,interpreta,co:constitucion:1991:art:27,,,http://www.secretariasenado.gov.co/senado/basedoc/constitucion_politica_1991.html
co:cc:c-832:2007,interpreta,co:constitucion:1991:art:27,,,http://www.secretariasenado.gov.co/senado/basedoc/constitucion_politica_1991.html
co:acto-legislativo:2:2003:art:3,modifica,co:constitucion:1991:art:28,2003-12-19,la fuente marca INEXEQUIBLE sobre esta reforma — verificar si surtió efecto,http://www.secretariasenado.gov.co/senado/basedoc/constitucion_politica_1991.html
co:cc:c-541:1992,interpreta,co:constitucion:1991:art:28,,,http://www.secretariasenado.gov.co/senado/basedoc/constitucion_politica_1991.html
co:cc:c-549:1992,interpreta,co:constitucion:1991:art:28,,,http://www.secretariasenado.gov.co/senado/basedoc/constitucion_politica_1991.html
co:cc:c-557:1992,interpreta,co:constitucion:1991:art:28,,,http://www.secretariasenado.gov.co/senado/basedoc/constitucion_politica_1991.html
co:cc:c-301:1993,interpreta,co:constitucion:1991:art:28,,,http://www.secretariasenado.gov.co/senado/basedoc/constitucion_politica_1991.html
co:cc:c-530:1993,interpreta,co:constitucion:1991:art:28,,,http://www.secretariasenado.gov.co/senado/basedoc/constitucion_politica_1991.html
co:cc:c-327:1997,interpreta,co:constitucion:1991:art:28,,,http://www.secretariasenado.gov.co/senado/basedoc/constitucion_politica_1991.html
co:cc:c-110:2000,interpreta,co:constitucion:1991:art:28,,,http://www.secretariasenado.gov.co/senado/basedoc/constitucion_politica_1991.html
co:cc:c-634:2000,interpreta,co:constitucion:1991:art:28,,,http://www.secretariasenado.gov.co/senado/basedoc/constitucion_politica_1991.html
co:cc:c-1024:2002,interpreta,co:constitucion:1991:art:28,,,http://www.secretariasenado.gov.co/senado/basedoc/constitucion_politica_1991.html
co:cc:c-006:2003,interpreta,co:constitucion:1991:art:28,,,http://www.secretariasenado.gov.co/senado/basedoc/constitucion_politica_1991.html
co:cc:c-009:2003,interpreta,co:constitucion:1991:art:28,,,http://www.secretariasenado.gov.co/senado/basedoc/constitucion_politica_1991.html
co:cc:c-030:2003,interpreta,co:constitucion:1991:art:28,,,http://www.secretariasenado.gov.co/senado/basedoc/constitucion_politica_1991.html
co:cc:c-039:2003,interpreta,co:constitucion:1991:art:28,,,http://www.secretariasenado.gov.co/senado/basedoc/constitucion_politica_1991.html
co:cc:c-040:2003,interpreta,co:constitucion:1991:art:28,,,http://www.secretariasenado.gov.co/senado/basedoc/constitucion_politica_1991.html
co:cc:c-230:2003,interpreta,co:constitucion:1991:art:28,,,http://www.secretariasenado.gov.co/senado/basedoc/constitucion_politica_1991.html
co:cc:c-271:2003,interpreta,co:constitucion:1991:art:28,,,http://www.secretariasenado.gov.co/senado/basedoc/constitucion_politica_1991.html
co:cc:c-330:2003,interpreta,co:constitucion:1991:art:28,,,http://www.secretariasenado.gov.co/senado/basedoc/constitucion_politica_1991.html
co:cc:c-406:2003,interpreta,co:constitucion:1991:art:28,,,http://www.secretariasenado.gov.co/senado/basedoc/constitucion_politica_1991.html
co:cc:c-526:2003,interpreta,co:constitucion:1991:art:28,,,http://www.secretariasenado.gov.co/senado/basedoc/constitucion_politica_1991.html
co:cc:c-1062:2003,interpreta,co:constitucion:1991:art:28,,,http://www.secretariasenado.gov.co/senado/basedoc/constitucion_politica_1991.html
co:cc:c-037:2004,interpreta,co:constitucion:1991:art:28,,,http://www.secretariasenado.gov.co/senado/basedoc/constitucion_politica_1991.html
co:cc:c-123:2004,interpreta,co:constitucion:1991:art:28,,,http://www.secretariasenado.gov.co/senado/basedoc/constitucion_politica_1991.html
co:cc:c-156:2004,interpreta,co:constitucion:1991:art:28,,,http://www.secretariasenado.gov.co/senado/basedoc/constitucion_politica_1991.html
co:cc:c-730:2005,interpreta,co:constitucion:1991:art:28,,,http://www.secretariasenado.gov.co/senado/basedoc/constitucion_politica_1991.html
co:cc:c-850:2005,interpreta,co:constitucion:1991:art:28,,,http://www.secretariasenado.gov.co/senado/basedoc/constitucion_politica_1991.html
co:cc:c-1260:2005,interpreta,co:constitucion:1991:art:28,,,http://www.secretariasenado.gov.co/senado/basedoc/constitucion_politica_1991.html
co:cc:c-040:2006,interpreta,co:constitucion:1991:art:28,,,http://www.secretariasenado.gov.co/senado/basedoc/constitucion_politica_1991.html
co:cc:c-190:2006,interpreta,co:constitucion:1991:art:28,,,http://www.secretariasenado.gov.co/senado/basedoc/constitucion_politica_1991.html
co:cc:c-456:2006,interpreta,co:constitucion:1991:art:28,,,http://www.secretariasenado.gov.co/senado/basedoc/constitucion_politica_1991.html
co:cc:c-392:2006,interpreta,co:constitucion:1991:art:28,,,http://www.secretariasenado.gov.co/senado/basedoc/constitucion_politica_1991.html
co:cc:c-657:1996,interpreta,co:constitucion:1991:art:28,,,http://www.secretariasenado.gov.co/senado/basedoc/constitucion_politica_1991.html
co:cc:c-479:2007,interpreta,co:constitucion:1991:art:28,,,http://www.secretariasenado.gov.co/senado/basedoc/constitucion_politica_1991.html
co:cc:c-519:2007,interpreta,co:constitucion:1991:art:28,,,http://www.secretariasenado.gov.co/senado/basedoc/constitucion_politica_1991.html
co:cc:c-163:2008,interpreta,co:constitucion:1991:art:28,,,http://www.secretariasenado.gov.co/senado/basedoc/constitucion_politica_1991.html
co:cc:c-256:2008,interpreta,co:constitucion:1991:art:28,,,http://www.secretariasenado.gov.co/senado/basedoc/constitucion_politica_1991.html
co:cc:c-290:2008,interpreta,co:constitucion:1991:art:28,,,http://www.secretariasenado.gov.co/senado/basedoc/constitucion_politica_1991.html
co:cc:c-292:2008,interpreta,co:constitucion:1991:art:28,,,http://www.secretariasenado.gov.co/senado/basedoc/constitucion_politica_1991.html
co:cc:c-425:2008,interpreta,co:constitucion:1991:art:28,,,http://www.secretariasenado.gov.co/senado/basedoc/constitucion_politica_1991.html
co:cc:c-928:2009,interpreta,co:constitucion:1991:art:28,,,http://www.secretariasenado.gov.co/senado/basedoc/constitucion_politica_1991.html
co:cc:c-541:2011,interpreta,co:constitucion:1991:art:28,,,http://www.secretariasenado.gov.co/senado/basedoc/constitucion_politica_1991.html
co:cc:c-879:2011,interpreta,co:constitucion:1991:art:28,,,http://www.secretariasenado.gov.co/senado/basedoc/constitucion_politica_1991.html
co:cc:c-239:2012,interpreta,co:constitucion:1991:art:28,,,http://www.secretariasenado.gov.co/senado/basedoc/constitucion_politica_1991.html
co:cc:c-1016:2012,interpreta,co:constitucion:1991:art:28,,,http://www.secretariasenado.gov.co/senado/basedoc/constitucion_politica_1991.html
co:cc:c-366:2014,interpreta,co:constitucion:1991:art:28,,,http://www.secretariasenado.gov.co/senado/basedoc/constitucion_politica_1991.html
co:cc:c-516:2015,interpreta,co:constitucion:1991:art:28,,,http://www.secretariasenado.gov.co/senado/basedoc/constitucion_politica_1991.html
co:cc:c-329:2016,interpreta,co:constitucion:1991:art:28,,,http://www.secretariasenado.gov.co/senado/basedoc/constitucion_politica_1991.html
co:cc:c-212:2017,interpreta,co:constitucion:1991:art:28,,,http://www.secretariasenado.gov.co/senado/basedoc/constitucion_politica_1991.html
co:cc:c-223:2017,interpreta,co:constitucion:1991:art:28,,,http://www.secretariasenado.gov.co/senado/basedoc/constitucion_politica_1991.html
co:cc:c-308:2019,interpreta,co:constitucion:1991:art:28,,,http://www.secretariasenado.gov.co/senado/basedoc/constitucion_politica_1991.html
co:cc:c-350:2021,interpreta,co:constitucion:1991:art:28,,,http://www.secretariasenado.gov.co/senado/basedoc/constitucion_politica_1991.html
co:cc:c-422:2021,interpreta,co:constitucion:1991:art:28,,,http://www.secretariasenado.gov.co/senado/basedoc/constitucion_politica_1991.html
co:cc:c-021:2023,interpreta,co:constitucion:1991:art:28,,,http://www.secretariasenado.gov.co/senado/basedoc/constitucion_politica_1991.html
co:cc:c-922:2001,interpreta,co:constitucion:1991:art:29,,,http://www.secretariasenado.gov.co/senado/basedoc/constitucion_politica_1991.html
co:cc:c-692:2008,interpreta,co:constitucion:1991:art:29,,,http://www.secretariasenado.gov.co/senado/basedoc/constitucion_politica_1991.html
co:cc:c-331:2012,interpreta,co:constitucion:1991:art:29,,,http://www.secretariasenado.gov.co/senado/basedoc/constitucion_politica_1991.html
co:cc:c-034:2014,interpreta,co:constitucion:1991:art:29,,,http://www.secretariasenado.gov.co/senado/basedoc/constitucion_politica_1991.html
co:cc:c-479:1992,interpreta,co:constitucion:1991:art:29,,,http://www.secretariasenado.gov.co/senado/basedoc/constitucion_politica_1991.html
co:cc:c-541:1992,interpreta,co:constitucion:1991:art:29,,,http://www.secretariasenado.gov.co/senado/basedoc/constitucion_politica_1991.html
co:cc:c-543:1992,interpreta,co:constitucion:1991:art:29,,,http://www.secretariasenado.gov.co/senado/basedoc/constitucion_politica_1991.html
co:cc:c-549:1992,interpreta,co:constitucion:1991:art:29,,,http://www.secretariasenado.gov.co/senado/basedoc/constitucion_politica_1991.html
co:cc:c-556:1992,interpreta,co:constitucion:1991:art:29,,,http://www.secretariasenado.gov.co/senado/basedoc/constitucion_politica_1991.html
co:cc:c-557:1992,interpreta,co:constitucion:1991:art:29,,,http://www.secretariasenado.gov.co/senado/basedoc/constitucion_politica_1991.html
co:cc:c-561:1992,interpreta,co:constitucion:1991:art:29,,,http://www.secretariasenado.gov.co/senado/basedoc/constitucion_politica_1991.html
co:cc:c-587:1992,interpreta,co:constitucion:1991:art:29,,,http://www.secretariasenado.gov.co/senado/basedoc/constitucion_politica_1991.html
co:cc:c-599:1992,interpreta,co:constitucion:1991:art:29,,,http://www.secretariasenado.gov.co/senado/basedoc/constitucion_politica_1991.html
co:cc:c-606:1992,interpreta,co:constitucion:1991:art:29,,,http://www.secretariasenado.gov.co/senado/basedoc/constitucion_politica_1991.html
co:cc:c-096:1993,interpreta,co:constitucion:1991:art:29,,,http://www.secretariasenado.gov.co/senado/basedoc/constitucion_politica_1991.html
co:cc:c-214:1994,interpreta,co:constitucion:1991:art:29,,,http://www.secretariasenado.gov.co/senado/basedoc/constitucion_politica_1991.html
co:cc:c-264:1995,interpreta,co:constitucion:1991:art:29,,,http://www.secretariasenado.gov.co/senado/basedoc/constitucion_politica_1991.html
co:cc:c-272:1997,interpreta,co:constitucion:1991:art:29,,,http://www.secretariasenado.gov.co/senado/basedoc/constitucion_politica_1991.html
co:cc:c-200:2002,interpreta,co:constitucion:1991:art:29,,,http://www.secretariasenado.gov.co/senado/basedoc/constitucion_politica_1991.html
co:cc:c-870:2002,interpreta,co:constitucion:1991:art:29,,,http://www.secretariasenado.gov.co/senado/basedoc/constitucion_politica_1991.html
co:cc:c-004:2003,interpreta,co:constitucion:1991:art:29,,,http://www.secretariasenado.gov.co/senado/basedoc/constitucion_politica_1991.html
co:cc:c-006:2003,interpreta,co:constitucion:1991:art:29,,,http://www.secretariasenado.gov.co/senado/basedoc/constitucion_politica_1991.html
co:cc:c-009:2003,interpreta,co:constitucion:1991:art:29,,,http://www.secretariasenado.gov.co/senado/basedoc/constitucion_politica_1991.html
co:cc:c-010:2003,interpreta,co:constitucion:1991:art:29,,,http://www.secretariasenado.gov.co/senado/basedoc/constitucion_politica_1991.html
co:cc:c-030:2003,interpreta,co:constitucion:1991:art:29,,,http://www.secretariasenado.gov.co/senado/basedoc/constitucion_politica_1991.html
co:cc:c-033:2003,interpreta,co:constitucion:1991:art:29,,,http://www.secretariasenado.gov.co/senado/basedoc/constitucion_politica_1991.html
co:cc:c-036:2003,interpreta,co:constitucion:1991:art:29,,,http://www.secretariasenado.gov.co/senado/basedoc/constitucion_politica_1991.html
co:cc:c-039:2003,interpreta,co:constitucion:1991:art:29,,,http://www.secretariasenado.gov.co/senado/basedoc/constitucion_politica_1991.html
co:cc:c-040:2003,interpreta,co:constitucion:1991:art:29,,,http://www.secretariasenado.gov.co/senado/basedoc/constitucion_politica_1991.html
co:cc:c-091:2003,interpreta,co:constitucion:1991:art:29,,,http://www.secretariasenado.gov.co/senado/basedoc/constitucion_politica_1991.html
co:cc:c-096:2003,interpreta,co:constitucion:1991:art:29,,,http://www.secretariasenado.gov.co/senado/basedoc/constitucion_politica_1991.html
co:cc:c-099:2003,interpreta,co:constitucion:1991:art:29,,,http://www.secretariasenado.gov.co/senado/basedoc/constitucion_politica_1991.html
co:cc:c-100:2003,interpreta,co:constitucion:1991:art:29,,,http://www.secretariasenado.gov.co/senado/basedoc/constitucion_politica_1991.html
co:cc:c-123:2003,interpreta,co:constitucion:1991:art:29,,,http://www.secretariasenado.gov.co/senado/basedoc/constitucion_politica_1991.html
co:cc:c-124:2003,interpreta,co:constitucion:1991:art:29,,,http://www.secretariasenado.gov.co/senado/basedoc/constitucion_politica_1991.html
co:cc:c-125:2003,interpreta,co:constitucion:1991:art:29,,,http://www.secretariasenado.gov.co/senado/basedoc/constitucion_politica_1991.html
co:cc:c-128:2003,interpreta,co:constitucion:1991:art:29,,,http://www.secretariasenado.gov.co/senado/basedoc/constitucion_politica_1991.html
co:cc:c-131:2003,interpreta,co:constitucion:1991:art:29,,,http://www.secretariasenado.gov.co/senado/basedoc/constitucion_politica_1991.html
co:cc:c-182:2003,interpreta,co:constitucion:1991:art:29,,,http://www.secretariasenado.gov.co/senado/basedoc/constitucion_politica_1991.html
co:cc:c-205:2003,interpreta,co:constitucion:1991:art:29,,,http://www.secretariasenado.gov.co/senado/basedoc/constitucion_politica_1991.html
co:cc:c-207:2003,interpreta,co:constitucion:1991:art:29,,,http://www.secretariasenado.gov.co/senado/basedoc/constitucion_politica_1991.html
co:cc:c-228:2003,interpreta,co:constitucion:1991:art:29,,,http://www.secretariasenado.gov.co/senado/basedoc/constitucion_politica_1991.html
co:cc:c-234:2003,interpreta,co:constitucion:1991:art:29,,,http://www.secretariasenado.gov.co/senado/basedoc/constitucion_politica_1991.html
co:cc:c-311:2003,interpreta,co:constitucion:1991:art:29,,,http://www.secretariasenado.gov.co/senado/basedoc/constitucion_politica_1991.html
co:cc:c-317:2003,interpreta,co:constitucion:1991:art:29,,,http://www.secretariasenado.gov.co/senado/basedoc/constitucion_politica_1991.html
co:cc:c-328:2003,interpreta,co:constitucion:1991:art:29,,,http://www.secretariasenado.gov.co/senado/basedoc/constitucion_politica_1991.html
co:cc:c-330:2003,interpreta,co:constitucion:1991:art:29,,,http://www.secretariasenado.gov.co/senado/basedoc/constitucion_politica_1991.html
co:cc:c-356:2003,interpreta,co:constitucion:1991:art:29,,,http://www.secretariasenado.gov.co/senado/basedoc/constitucion_politica_1991.html
co:cc:c-406:2003,interpreta,co:constitucion:1991:art:29,,,http://www.secretariasenado.gov.co/senado/basedoc/constitucion_politica_1991.html
co:cc:c-429:2003,interpreta,co:constitucion:1991:art:29,,,http://www.secretariasenado.gov.co/senado/basedoc/constitucion_politica_1991.html
co:cc:c-450:2003,interpreta,co:constitucion:1991:art:29,,,http://www.secretariasenado.gov.co/senado/basedoc/constitucion_politica_1991.html
co:cc:c-485:2003,interpreta,co:constitucion:1991:art:29,,,http://www.secretariasenado.gov.co/senado/basedoc/constitucion_politica_1991.html
co:cc:c-526:2003,interpreta,co:constitucion:1991:art:29,,,http://www.secretariasenado.gov.co/senado/basedoc/constitucion_politica_1991.html
co:cc:c-567:2003,interpreta,co:constitucion:1991:art:29,,,http://www.secretariasenado.gov.co/senado/basedoc/constitucion_politica_1991.html
co:cc:c-573:2003,interpreta,co:constitucion:1991:art:29,,,http://www.secretariasenado.gov.co/senado/basedoc/constitucion_politica_1991.html
co:cc:c-900:2003,interpreta,co:constitucion:1991:art:29,,,http://www.secretariasenado.gov.co/senado/basedoc/constitucion_politica_1991.html
co:cc:c-942:2003,interpreta,co:constitucion:1991:art:29,,,http://www.secretariasenado.gov.co/senado/basedoc/constitucion_politica_1991.html
co:cc:c-1003:2003,interpreta,co:constitucion:1991:art:29,,,http://www.secretariasenado.gov.co/senado/basedoc/constitucion_politica_1991.html
co:cc:c-1055:2003,interpreta,co:constitucion:1991:art:29,,,http://www.secretariasenado.gov.co/senado/basedoc/constitucion_politica_1991.html
co:cc:c-1061:2003,interpreta,co:constitucion:1991:art:29,,,http://www.secretariasenado.gov.co/senado/basedoc/constitucion_politica_1991.html
co:cc:c-1096:2003,interpreta,co:constitucion:1991:art:29,,,http://www.secretariasenado.gov.co/senado/basedoc/constitucion_politica_1991.html
co:cc:c-014:2004,interpreta,co:constitucion:1991:art:29,,,http://www.secretariasenado.gov.co/senado/basedoc/constitucion_politica_1991.html
co:cc:c-017:2004,interpreta,co:constitucion:1991:art:29,,,http://www.secretariasenado.gov.co/senado/basedoc/constitucion_politica_1991.html
co:cc:c-018:2004,interpreta,co:constitucion:1991:art:29,,,http://www.secretariasenado.gov.co/senado/basedoc/constitucion_politica_1991.html
co:cc:c-041:2004,interpreta,co:constitucion:1991:art:29,,,http://www.secretariasenado.gov.co/senado/basedoc/constitucion_politica_1991.html
co:cc:c-074:2004,interpreta,co:constitucion:1991:art:29,,,http://www.secretariasenado.gov.co/senado/basedoc/constitucion_politica_1991.html
co:cc:c-075:2004,interpreta,co:constitucion:1991:art:29,,,http://www.secretariasenado.gov.co/senado/basedoc/constitucion_politica_1991.html
co:cc:c-101:2004,interpreta,co:constitucion:1991:art:29,,,http://www.secretariasenado.gov.co/senado/basedoc/constitucion_politica_1991.html
co:cc:c-107:2004,interpreta,co:constitucion:1991:art:29,,,http://www.secretariasenado.gov.co/senado/basedoc/constitucion_politica_1991.html
co:cc:c-122:2004,interpreta,co:constitucion:1991:art:29,,,http://www.secretariasenado.gov.co/senado/basedoc/constitucion_politica_1991.html
co:cc:c-123:2004,interpreta,co:constitucion:1991:art:29,,,http://www.secretariasenado.gov.co/senado/basedoc/constitucion_politica_1991.html
co:cc:c-125:2004,interpreta,co:constitucion:1991:art:29,,,http://www.secretariasenado.gov.co/senado/basedoc/constitucion_politica_1991.html
co:cc:c-152:2004,interpreta,co:constitucion:1991:art:29,,,http://www.secretariasenado.gov.co/senado/basedoc/constitucion_politica_1991.html
co:cc:c-154:2004,interpreta,co:constitucion:1991:art:29,,,http://www.secretariasenado.gov.co/senado/basedoc/constitucion_politica_1991.html
co:cc:c-157:2004,interpreta,co:constitucion:1991:art:29,,,http://www.secretariasenado.gov.co/senado/basedoc/constitucion_politica_1991.html
co:cc:c-173:2004,interpreta,co:constitucion:1991:art:29,,,http://www.secretariasenado.gov.co/senado/basedoc/constitucion_politica_1991.html
co:cc:c-237:2004,interpreta,co:constitucion:1991:art:29,,,http://www.secretariasenado.gov.co/senado/basedoc/constitucion_politica_1991.html
co:cc:c-248:2004,interpreta,co:constitucion:1991:art:29,,,http://www.secretariasenado.gov.co/senado/basedoc/constitucion_politica_1991.html
co:cc:c-374:2004,interpreta,co:constitucion:1991:art:29,,,http://www.secretariasenado.gov.co/senado/basedoc/constitucion_politica_1991.html
co:cc:c-379:2004,interpreta,co:constitucion:1991:art:29,,,http://www.secretariasenado.gov.co/senado/basedoc/constitucion_politica_1991.html
co:cc:c-407:2004,interpreta,co:constitucion:1991:art:29,,,http://www.secretariasenado.gov.co/senado/basedoc/constitucion_politica_1991.html
co:cc:c-458:2004,interpreta,co:constitucion:1991:art:29,,,http://www.secretariasenado.gov.co/senado/basedoc/constitucion_politica_1991.html
co:cc:c-510:2004,interpreta,co:constitucion:1991:art:29,,,http://www.secretariasenado.gov.co/senado/basedoc/constitucion_politica_1991.html
co:cc:c-569:2004,interpreta,co:constitucion:1991:art:29,,,http://www.secretariasenado.gov.co/senado/basedoc/constitucion_politica_1991.html
co:cc:c-998:2004,interpreta,co:constitucion:1991:art:29,,,http://www.secretariasenado.gov.co/senado/basedoc/constitucion_politica_1991.html
co:cc:c-062:2005,interpreta,co:constitucion:1991:art:29,,,http://www.secretariasenado.gov.co/senado/basedoc/constitucion_politica_1991.html
co:cc:c-194:2005,interpreta,co:constitucion:1991:art:29,,,http://www.secretariasenado.gov.co/senado/basedoc/constitucion_politica_1991.html
co:cc:c-591:2005,interpreta,co:constitucion:1991:art:29,,,http://www.secretariasenado.gov.co/senado/basedoc/constitucion_politica_1991.html
co:cc:c-592:2005,interpreta,co:constitucion:1991:art:29,,,http://www.secretariasenado.gov.co/senado/basedoc/constitucion_politica_1991.html
co:cc:c-669:2005,interpreta,co:constitucion:1991:art:29,,,http://www.secretariasenado.gov.co/senado/basedoc/constitucion_politica_1991.html
co:cc:c-853:2005,interpreta,co:constitucion:1991:art:29,,,http://www.secretariasenado.gov.co/senado/basedoc/constitucion_politica_1991.html
co:cc:c-1189:2005,interpreta,co:constitucion:1991:art:29,,,http://www.secretariasenado.gov.co/senado/basedoc/constitucion_politica_1991.html
co:cc:c-030:2006,interpreta,co:constitucion:1991:art:29,,,http://www.secretariasenado.gov.co/senado/basedoc/constitucion_politica_1991.html
co:cc:c-047:2006,interpreta,co:constitucion:1991:art:29,,,http://www.secretariasenado.gov.co/senado/basedoc/constitucion_politica_1991.html
co:cc:c-117:2006,interpreta,co:constitucion:1991:art:29,,,http://www.secretariasenado.gov.co/senado/basedoc/constitucion_politica_1991.html
co:cc:c-123:2006,interpreta,co:constitucion:1991:art:29,,,http://www.secretariasenado.gov.co/senado/basedoc/constitucion_politica_1991.html
co:cc:c-340:2006,interpreta,co:constitucion:1991:art:29,,,http://www.secretariasenado.gov.co/senado/basedoc/constitucion_politica_1991.html
co:cc:c-393:2006,interpreta,co:constitucion:1991:art:29,,,http://www.secretariasenado.gov.co/senado/basedoc/constitucion_politica_1991.html
co:cc:c-507:2006,interpreta,co:constitucion:1991:art:29,,,http://www.secretariasenado.gov.co/senado/basedoc/constitucion_politica_1991.html
co:cc:c-425:2006,interpreta,co:constitucion:1991:art:29,,,http://www.secretariasenado.gov.co/senado/basedoc/constitucion_politica_1991.html
co:cc:c-340:2007,interpreta,co:constitucion:1991:art:29,,,http://www.secretariasenado.gov.co/senado/basedoc/constitucion_politica_1991.html
co:cc:c-860:2008,interpreta,co:constitucion:1991:art:29,,,http://www.secretariasenado.gov.co/senado/basedoc/constitucion_politica_1991.html
co:cc:c-241:2009,interpreta,co:constitucion:1991:art:29,,,http://www.secretariasenado.gov.co/senado/basedoc/constitucion_politica_1991.html
co:cc:c-801:2009,interpreta,co:constitucion:1991:art:29,,,http://www.secretariasenado.gov.co/senado/basedoc/constitucion_politica_1991.html
co:cc:c-980:2010,interpreta,co:constitucion:1991:art:29,,,http://www.secretariasenado.gov.co/senado/basedoc/constitucion_politica_1991.html
co:cc:c-089:2011,interpreta,co:constitucion:1991:art:29,,,http://www.secretariasenado.gov.co/senado/basedoc/constitucion_politica_1991.html
co:cc:c-444:2011,interpreta,co:constitucion:1991:art:29,,,http://www.secretariasenado.gov.co/senado/basedoc/constitucion_politica_1991.html
co:cc:c-644:2011,interpreta,co:constitucion:1991:art:29,,,http://www.secretariasenado.gov.co/senado/basedoc/constitucion_politica_1991.html
co:cc:c-289:2012,interpreta,co:constitucion:1991:art:29,,,http://www.secretariasenado.gov.co/senado/basedoc/constitucion_politica_1991.html
co:cc:c-434:2013,interpreta,co:constitucion:1991:art:29,,,http://www.secretariasenado.gov.co/senado/basedoc/constitucion_politica_1991.html
co:cc:c-755:2013,interpreta,co:constitucion:1991:art:29,,,http://www.secretariasenado.gov.co/senado/basedoc/constitucion_politica_1991.html
co:cc:c-035:2014,interpreta,co:constitucion:1991:art:29,,,http://www.secretariasenado.gov.co/senado/basedoc/constitucion_politica_1991.html
co:cc:c-431:2014,interpreta,co:constitucion:1991:art:29,,,http://www.secretariasenado.gov.co/senado/basedoc/constitucion_politica_1991.html
co:cc:c-792:2014,interpreta,co:constitucion:1991:art:29,,,http://www.secretariasenado.gov.co/senado/basedoc/constitucion_politica_1991.html
co:cc:c-225:2017,interpreta,co:constitucion:1991:art:29,,,http://www.secretariasenado.gov.co/senado/basedoc/constitucion_politica_1991.html
co:cc:c-349:2017,interpreta,co:constitucion:1991:art:29,,,http://www.secretariasenado.gov.co/senado/basedoc/constitucion_politica_1991.html
co:cc:c-394:2019,interpreta,co:constitucion:1991:art:29,,,http://www.secretariasenado.gov.co/senado/basedoc/constitucion_politica_1991.html
co:cc:c-321:2021,interpreta,co:constitucion:1991:art:29,,,http://www.secretariasenado.gov.co/senado/basedoc/constitucion_politica_1991.html
co:cc:c-406:2021,interpreta,co:constitucion:1991:art:29,,,http://www.secretariasenado.gov.co/senado/basedoc/constitucion_politica_1991.html
co:cc:c-269:2022,interpreta,co:constitucion:1991:art:29,,,http://www.secretariasenado.gov.co/senado/basedoc/constitucion_politica_1991.html
co:cc:c-321:2022,interpreta,co:constitucion:1991:art:29,,,http://www.secretariasenado.gov.co/senado/basedoc/constitucion_politica_1991.html
co:cc:c-397:2024,interpreta,co:constitucion:1991:art:29,,,http://www.secretariasenado.gov.co/senado/basedoc/constitucion_politica_1991.html
co:cc:c-504:2025,interpreta,co:constitucion:1991:art:29,,,http://www.secretariasenado.gov.co/senado/basedoc/constitucion_politica_1991.html
co:cc:c-541:1992,interpreta,co:constitucion:1991:art:30,,,http://www.secretariasenado.gov.co/senado/basedoc/constitucion_politica_1991.html
co:cc:c-557:1992,interpreta,co:constitucion:1991:art:30,,,http://www.secretariasenado.gov.co/senado/basedoc/constitucion_politica_1991.html
co:cc:c-043:2004,interpreta,co:constitucion:1991:art:30,,,http://www.secretariasenado.gov.co/senado/basedoc/constitucion_politica_1991.html
co:cc:c-1056:2004,interpreta,co:constitucion:1991:art:30,,,http://www.secretariasenado.gov.co/senado/basedoc/constitucion_politica_1991.html
co:cc:c-187:2006,interpreta,co:constitucion:1991:art:30,,,http://www.secretariasenado.gov.co/senado/basedoc/constitucion_politica_1991.html
co:cc:c-541:1992,interpreta,co:constitucion:1991:art:31,,,http://www.secretariasenado.gov.co/senado/basedoc/constitucion_politica_1991.html
co:cc:c-543:1992,interpreta,co:constitucion:1991:art:31,,,http://www.secretariasenado.gov.co/senado/basedoc/constitucion_politica_1991.html
co:cc:c-017:1996,interpreta,co:constitucion:1991:art:31,,,http://www.secretariasenado.gov.co/senado/basedoc/constitucion_politica_1991.html
co:cc:c-037:1996,interpreta,co:constitucion:1991:art:31,,,http://www.secretariasenado.gov.co/senado/basedoc/constitucion_politica_1991.html
co:cc:c-411:1997,interpreta,co:constitucion:1991:art:31,,,http://www.secretariasenado.gov.co/senado/basedoc/constitucion_politica_1991.html
co:cc:c-040:2000,interpreta,co:constitucion:1991:art:31,,,http://www.secretariasenado.gov.co/senado/basedoc/constitucion_politica_1991.html
co:cc:c-091:2003,interpreta,co:constitucion:1991:art:31,,,http://www.secretariasenado.gov.co/senado/basedoc/constitucion_politica_1991.html
co:cc:c-095:2003,interpreta,co:constitucion:1991:art:31,,,http://www.secretariasenado.gov.co/senado/basedoc/constitucion_politica_1991.html
co:cc:c-248:2004,interpreta,co:constitucion:1991:art:31,,,http://www.secretariasenado.gov.co/senado/basedoc/constitucion_politica_1991.html
co:cc:c-103:2005,interpreta,co:constitucion:1991:art:31,,,http://www.secretariasenado.gov.co/senado/basedoc/constitucion_politica_1991.html
co:cc:c-203:2005,interpreta,co:constitucion:1991:art:31,,,http://www.secretariasenado.gov.co/senado/basedoc/constitucion_politica_1991.html
co:cc:c-591:2005,interpreta,co:constitucion:1991:art:31,,,http://www.secretariasenado.gov.co/senado/basedoc/constitucion_politica_1991.html
co:cc:c-1005:2005,interpreta,co:constitucion:1991:art:31,,,http://www.secretariasenado.gov.co/senado/basedoc/constitucion_politica_1991.html
co:cc:c-1265:2005,interpreta,co:constitucion:1991:art:31,,,http://www.secretariasenado.gov.co/senado/basedoc/constitucion_politica_1991.html
co:cc:c-046:2006,interpreta,co:constitucion:1991:art:31,,,http://www.secretariasenado.gov.co/senado/basedoc/constitucion_politica_1991.html
co:cc:c-123:2006,interpreta,co:constitucion:1991:art:31,,,http://www.secretariasenado.gov.co/senado/basedoc/constitucion_politica_1991.html
co:cc:c-213:2007,interpreta,co:constitucion:1991:art:31,,,http://www.secretariasenado.gov.co/senado/basedoc/constitucion_politica_1991.html
co:cc:c-541:2011,interpreta,co:constitucion:1991:art:31,,,http://www.secretariasenado.gov.co/senado/basedoc/constitucion_politica_1991.html
co:cc:c-718:2012,interpreta,co:constitucion:1991:art:31,,,http://www.secretariasenado.gov.co/senado/basedoc/constitucion_politica_1991.html
co:cc:c-401:2013,interpreta,co:constitucion:1991:art:31,,,http://www.secretariasenado.gov.co/senado/basedoc/constitucion_politica_1991.html
co:cc:c-838:2013,interpreta,co:constitucion:1991:art:31,,,http://www.secretariasenado.gov.co/senado/basedoc/constitucion_politica_1991.html
co:cc:c-792:2014,interpreta,co:constitucion:1991:art:31,,,http://www.secretariasenado.gov.co/senado/basedoc/constitucion_politica_1991.html
co:cc:c-919:2014,interpreta,co:constitucion:1991:art:31,,,http://www.secretariasenado.gov.co/senado/basedoc/constitucion_politica_1991.html
co:cc:c-605:2019,interpreta,co:constitucion:1991:art:31,,,http://www.secretariasenado.gov.co/senado/basedoc/constitucion_politica_1991.html
co:cc:c-406:2021,interpreta,co:constitucion:1991:art:31,,,http://www.secretariasenado.gov.co/senado/basedoc/constitucion_politica_1991.html
co:cc:c-541:1992,interpreta,co:constitucion:1991:art:32,,,http://www.secretariasenado.gov.co/senado/basedoc/constitucion_politica_1991.html
co:cc:c-549:1992,interpreta,co:constitucion:1991:art:32,,,http://www.secretariasenado.gov.co/senado/basedoc/constitucion_politica_1991.html
co:cc:c-175:2004,interpreta,co:constitucion:1991:art:32,,,http://www.secretariasenado.gov.co/senado/basedoc/constitucion_politica_1991.html
co:cc:c-237:2005,interpreta,co:constitucion:1991:art:32,,,http://www.secretariasenado.gov.co/senado/basedoc/constitucion_politica_1991.html
co:cc:c-519:2007,interpreta,co:constitucion:1991:art:32,,,http://www.secretariasenado.gov.co/senado/basedoc/constitucion_politica_1991.html
co:cc:c-541:1992,interpreta,co:constitucion:1991:art:33,,,http://www.secretariasenado.gov.co/senado/basedoc/constitucion_politica_1991.html
co:cc:c-052:1993,interpreta,co:constitucion:1991:art:33,,,http://www.secretariasenado.gov.co/senado/basedoc/constitucion_politica_1991.html
co:cc:c-426:1997,interpreta,co:constitucion:1991:art:33,,,http://www.secretariasenado.gov.co/senado/basedoc/constitucion_politica_1991.html
co:cc:c-422:2002,interpreta,co:constitucion:1991:art:33,,,http://www.secretariasenado.gov.co/senado/basedoc/constitucion_politica_1991.html
co:cc:c-096:2003,interpreta,co:constitucion:1991:art:33,,,http://www.secretariasenado.gov.co/senado/basedoc/constitucion_politica_1991.html
co:cc:c-228:2003,interpreta,co:constitucion:1991:art:33,,,http://www.secretariasenado.gov.co/senado/basedoc/constitucion_politica_1991.html
co:cc:c-271:2003,interpreta,co:constitucion:1991:art:33,,,http://www.secretariasenado.gov.co/senado/basedoc/constitucion_politica_1991.html
co:cc:c-330:2003,interpreta,co:constitucion:1991:art:33,,,http://www.secretariasenado.gov.co/senado/basedoc/constitucion_politica_1991.html
co:cc:c-429:2003,interpreta,co:constitucion:1991:art:33,,,http://www.secretariasenado.gov.co/senado/basedoc/constitucion_politica_1991.html
co:cc:c-069:2004,interpreta,co:constitucion:1991:art:33,,,http://www.secretariasenado.gov.co/senado/basedoc/constitucion_politica_1991.html
co:cc:c-278:2004,interpreta,co:constitucion:1991:art:33,,,http://www.secretariasenado.gov.co/senado/basedoc/constitucion_politica_1991.html
co:cc:c-431:2004,interpreta,co:constitucion:1991:art:33,,,http://www.secretariasenado.gov.co/senado/basedoc/constitucion_politica_1991.html
co:cc:c-102:2005,interpreta,co:constitucion:1991:art:33,,,http://www.secretariasenado.gov.co/senado/basedoc/constitucion_politica_1991.html
co:cc:c-782:2005,interpreta,co:constitucion:1991:art:33,,,http://www.secretariasenado.gov.co/senado/basedoc/constitucion_politica_1991.html
co:cc:c-115:2008,interpreta,co:constitucion:1991:art:33,,,http://www.secretariasenado.gov.co/senado/basedoc/constitucion_politica_1991.html
co:cc:c-559:2009,interpreta,co:constitucion:1991:art:33,,,http://www.secretariasenado.gov.co/senado/basedoc/constitucion_politica_1991.html
co:cc:c-258:2011,interpreta,co:constitucion:1991:art:33,,,http://www.secretariasenado.gov.co/senado/basedoc/constitucion_politica_1991.html
co:cc:c-301:2012,interpreta,co:constitucion:1991:art:33,,,http://www.secretariasenado.gov.co/senado/basedoc/constitucion_politica_1991.html
co:cc:c-848:2014,interpreta,co:constitucion:1991:art:33,,,http://www.secretariasenado.gov.co/senado/basedoc/constitucion_politica_1991.html
co:cc:c-349:2017,interpreta,co:constitucion:1991:art:33,,,http://www.secretariasenado.gov.co/senado/basedoc/constitucion_politica_1991.html
co:cc:c-504:2023,interpreta,co:constitucion:1991:art:33,,,http://www.secretariasenado.gov.co/senado/basedoc/constitucion_politica_1991.html
co:acto-legislativo:1:2020:art:1,modifica,co:constitucion:1991:art:34,2020-07-22,la fuente marca INEXEQUIBLE sobre esta reforma — verificar si surtió efecto,http://www.secretariasenado.gov.co/senado/basedoc/constitucion_politica_1991.html
co:cc:c-541:1992,interpreta,co:constitucion:1991:art:34,,,http://www.secretariasenado.gov.co/senado/basedoc/constitucion_politica_1991.html
co:cc:c-006:1993,interpreta,co:constitucion:1991:art:34,,,http://www.secretariasenado.gov.co/senado/basedoc/constitucion_politica_1991.html
co:cc:c-031:1993,interpreta,co:constitucion:1991:art:34,,,http://www.secretariasenado.gov.co/senado/basedoc/constitucion_politica_1991.html
co:cc:c-052:1993,interpreta,co:constitucion:1991:art:34,,,http://www.secretariasenado.gov.co/senado/basedoc/constitucion_politica_1991.html
co:cc:c-076:1993,interpreta,co:constitucion:1991:art:34,,,http://www.secretariasenado.gov.co/senado/basedoc/constitucion_politica_1991.html
co:cc:c-176:1994,interpreta,co:constitucion:1991:art:34,,,http://www.secretariasenado.gov.co/senado/basedoc/constitucion_politica_1991.html
co:cc:c-677:1998,interpreta,co:constitucion:1991:art:34,,,http://www.secretariasenado.gov.co/senado/basedoc/constitucion_politica_1991.html
co:cc:c-578:2002,interpreta,co:constitucion:1991:art:34,,,http://www.secretariasenado.gov.co/senado/basedoc/constitucion_politica_1991.html
co:cc:c-1007:2002,interpreta,co:constitucion:1991:art:34,,,http://www.secretariasenado.gov.co/senado/basedoc/constitucion_politica_1991.html
co:cc:c-740:2003,interpreta,co:constitucion:1991:art:34,,,http://www.secretariasenado.gov.co/senado/basedoc/constitucion_politica_1991.html
co:cc:c-1006:2003,interpreta,co:constitucion:1991:art:34,,,http://www.secretariasenado.gov.co/senado/basedoc/constitucion_politica_1991.html
co:cc:c-042:2004,interpreta,co:constitucion:1991:art:34,,,http://www.secretariasenado.gov.co/senado/basedoc/constitucion_politica_1991.html
co:cc:c-119:2006,interpreta,co:constitucion:1991:art:34,,,http://www.secretariasenado.gov.co/senado/basedoc/constitucion_politica_1991.html
co:cc:c-821:2006,interpreta,co:constitucion:1991:art:34,,,http://www.secretariasenado.gov.co/senado/basedoc/constitucion_politica_1991.html
co:cc:c-801:2009,interpreta,co:constitucion:1991:art:34,,,http://www.secretariasenado.gov.co/senado/basedoc/constitucion_politica_1991.html
co:cc:c-540:2011,interpreta,co:constitucion:1991:art:34,,,http://www.secretariasenado.gov.co/senado/basedoc/constitucion_politica_1991.html
co:cc:c-631:2014,interpreta,co:constitucion:1991:art:34,,,http://www.secretariasenado.gov.co/senado/basedoc/constitucion_politica_1991.html
co:cc:c-958:2014,interpreta,co:constitucion:1991:art:34,,,http://www.secretariasenado.gov.co/senado/basedoc/constitucion_politica_1991.html
co:cc:c-051:2018,interpreta,co:constitucion:1991:art:34,,,http://www.secretariasenado.gov.co/senado/basedoc/constitucion_politica_1991.html
co:cc:c-071:2018,interpreta,co:constitucion:1991:art:34,,,http://www.secretariasenado.gov.co/senado/basedoc/constitucion_politica_1991.html
co:cc:c-327:2020,interpreta,co:constitucion:1991:art:34,,,http://www.secretariasenado.gov.co/senado/basedoc/constitucion_politica_1991.html
co:cc:c-406:2021,interpreta,co:constitucion:1991:art:34,,,http://www.secretariasenado.gov.co/senado/basedoc/constitucion_politica_1991.html
co:cc:c-155:2022,interpreta,co:constitucion:1991:art:34,,,http://www.secretariasenado.gov.co/senado/basedoc/constitucion_politica_1991.html
co:cc:c-543:1998,declara_inexequible,co:constitucion:1991:art:35,98-12-31,,http://www.secretariasenado.gov.co/senado/basedoc/constitucion_politica_1991.html
co:acto-legislativo:1:1997:art:1,modifica,co:constitucion:1991:art:35,1997-12-31,fecha aproximada: la fuente solo da el año,http://www.secretariasenado.gov.co/senado/basedoc/constitucion_politica_1991.html
co:cc:c-543:1998,declara_exequible,co:constitucion:1991:art:35,98-12-31,,http://www.secretariasenado.gov.co/senado/basedoc/constitucion_politica_1991.html
co:cc:c-541:1992,interpreta,co:constitucion:1991:art:35,,,http://www.secretariasenado.gov.co/senado/basedoc/constitucion_politica_1991.html
co:cc:c-052:1993,interpreta,co:constitucion:1991:art:35,,,http://www.secretariasenado.gov.co/senado/basedoc/constitucion_politica_1991.html
co:cc:c-127:1993,interpreta,co:constitucion:1991:art:35,,,http://www.secretariasenado.gov.co/senado/basedoc/constitucion_politica_1991.html
co:cc:c-171:1993,interpreta,co:constitucion:1991:art:35,,,http://www.secretariasenado.gov.co/senado/basedoc/constitucion_politica_1991.html
co:cc:c-207:1993,interpreta,co:constitucion:1991:art:35,,,http://www.secretariasenado.gov.co/senado/basedoc/constitucion_politica_1991.html
co:cc:c-214:1993,interpreta,co:constitucion:1991:art:35,,,http://www.secretariasenado.gov.co/senado/basedoc/constitucion_politica_1991.html
co:cc:c-042:2004,interpreta,co:constitucion:1991:art:35,,,http://www.secretariasenado.gov.co/senado/basedoc/constitucion_politica_1991.html
co:cc:c-156:2004,interpreta,co:constitucion:1991:art:35,,,http://www.secretariasenado.gov.co/senado/basedoc/constitucion_politica_1991.html
co:cc:c-569:2004,interpreta,co:constitucion:1991:art:35,,,http://www.secretariasenado.gov.co/senado/basedoc/constitucion_politica_1991.html
co:cc:c-1266:2005,interpreta,co:constitucion:1991:art:35,,,http://www.secretariasenado.gov.co/senado/basedoc/constitucion_politica_1991.html
co:cc:c-460:2008,interpreta,co:constitucion:1991:art:35,,,http://www.secretariasenado.gov.co/senado/basedoc/constitucion_politica_1991.html
co:cc:c-243:2009,interpreta,co:constitucion:1991:art:35,,,http://www.secretariasenado.gov.co/senado/basedoc/constitucion_politica_1991.html
co:cc:c-127:1993,interpreta,co:constitucion:1991:art:36,,,http://www.secretariasenado.gov.co/senado/basedoc/constitucion_politica_1991.html
co:cc:c-129:1994,interpreta,co:constitucion:1991:art:36,,,http://www.secretariasenado.gov.co/senado/basedoc/constitucion_politica_1991.html
co:cc:c-542:1993,interpreta,co:constitucion:1991:art:37,,,http://www.secretariasenado.gov.co/senado/basedoc/constitucion_politica_1991.html
co:cc:c-024:1994,interpreta,co:constitucion:1991:art:37,,,http://www.secretariasenado.gov.co/senado/basedoc/constitucion_politica_1991.html
co:cc:c-088:1994,interpreta,co:constitucion:1991:art:37,,,http://www.secretariasenado.gov.co/senado/basedoc/constitucion_politica_1991.html
co:cc:c-742:2012,interpreta,co:constitucion:1991:art:37,,,http://www.secretariasenado.gov.co/senado/basedoc/constitucion_politica_1991.html
co:cc:c-223:2017,interpreta,co:constitucion:1991:art:37,,,http://www.secretariasenado.gov.co/senado/basedoc/constitucion_politica_1991.html
co:cc:c-281:2017,interpreta,co:constitucion:1991:art:37,,,http://www.secretariasenado.gov.co/senado/basedoc/constitucion_politica_1991.html
co:cc:c-009:2018,interpreta,co:constitucion:1991:art:37,,,http://www.secretariasenado.gov.co/senado/basedoc/constitucion_politica_1991.html
co:cc:c-449:1992,interpreta,co:constitucion:1991:art:38,,,http://www.secretariasenado.gov.co/senado/basedoc/constitucion_politica_1991.html
co:cc:c-562:1992,interpreta,co:constitucion:1991:art:38,,,http://www.secretariasenado.gov.co/senado/basedoc/constitucion_politica_1991.html
co:cc:c-606:1992,interpreta,co:constitucion:1991:art:38,,,http://www.secretariasenado.gov.co/senado/basedoc/constitucion_politica_1991.html
co:cc:c-031:2003,interpreta,co:constitucion:1991:art:38,,,http://www.secretariasenado.gov.co/senado/basedoc/constitucion_politica_1991.html
co:cc:c-229:2003,interpreta,co:constitucion:1991:art:38,,,http://www.secretariasenado.gov.co/senado/basedoc/constitucion_politica_1991.html
co:cc:c-424:2005,interpreta,co:constitucion:1991:art:38,,,http://www.secretariasenado.gov.co/senado/basedoc/constitucion_politica_1991.html
co:cc:c-1190:2005,interpreta,co:constitucion:1991:art:38,,,http://www.secretariasenado.gov.co/senado/basedoc/constitucion_politica_1991.html
co:cc:c-520:2007,interpreta,co:constitucion:1991:art:38,,,http://www.secretariasenado.gov.co/senado/basedoc/constitucion_politica_1991.html
co:cc:c-354:2009,interpreta,co:constitucion:1991:art:38,,,http://www.secretariasenado.gov.co/senado/basedoc/constitucion_politica_1991.html
co:cc:c-113:2017,interpreta,co:constitucion:1991:art:38,,,http://www.secretariasenado.gov.co/senado/basedoc/constitucion_politica_1991.html
co:cc:c-449:1992,interpreta,co:constitucion:1991:art:39,,,http://www.secretariasenado.gov.co/senado/basedoc/constitucion_politica_1991.html
co:cc:c-562:1992,interpreta,co:constitucion:1991:art:39,,,http://www.secretariasenado.gov.co/senado/basedoc/constitucion_politica_1991.html
co:cc:c-013:1993,interpreta,co:constitucion:1991:art:39,,,http://www.secretariasenado.gov.co/senado/basedoc/constitucion_politica_1991.html
co:cc:c-593:1993,interpreta,co:constitucion:1991:art:39,,,http://www.secretariasenado.gov.co/senado/basedoc/constitucion_politica_1991.html
co:cc:c-385:2000,interpreta,co:constitucion:1991:art:39,,,http://www.secretariasenado.gov.co/senado/basedoc/constitucion_politica_1991.html
co:cc:c-567:2000,interpreta,co:constitucion:1991:art:39,,,http://www.secretariasenado.gov.co/senado/basedoc/constitucion_politica_1991.html
co:cc:c-797:2000,interpreta,co:constitucion:1991:art:39,,,http://www.secretariasenado.gov.co/senado/basedoc/constitucion_politica_1991.html
co:cc:c-023:2004,interpreta,co:constitucion:1991:art:39,,,http://www.secretariasenado.gov.co/senado/basedoc/constitucion_politica_1991.html
co:cc:c-038:2004,interpreta,co:constitucion:1991:art:39,,,http://www.secretariasenado.gov.co/senado/basedoc/constitucion_politica_1991.html
co:cc:c-349:2004,interpreta,co:constitucion:1991:art:39,,,http://www.secretariasenado.gov.co/senado/basedoc/constitucion_politica_1991.html
co:cc:c-457:2004,interpreta,co:constitucion:1991:art:39,,,http://www.secretariasenado.gov.co/senado/basedoc/constitucion_politica_1991.html
co:cc:c-240:2005,interpreta,co:constitucion:1991:art:39,,,http://www.secretariasenado.gov.co/senado/basedoc/constitucion_politica_1991.html
co:cc:c-401:2005,interpreta,co:constitucion:1991:art:39,,,http://www.secretariasenado.gov.co/senado/basedoc/constitucion_politica_1991.html
co:cc:c-1119:2005,interpreta,co:constitucion:1991:art:39,,,http://www.secretariasenado.gov.co/senado/basedoc/constitucion_politica_1991.html
co:cc:c-1188:2005,interpreta,co:constitucion:1991:art:39,,,http://www.secretariasenado.gov.co/senado/basedoc/constitucion_politica_1991.html
co:cc:c-043:2006,interpreta,co:constitucion:1991:art:39,,,http://www.secretariasenado.gov.co/senado/basedoc/constitucion_politica_1991.html
co:cc:c-311:2007,interpreta,co:constitucion:1991:art:39,,,http://www.secretariasenado.gov.co/senado/basedoc/constitucion_politica_1991.html
co:cc:c-063:2008,interpreta,co:constitucion:1991:art:39,,,http://www.secretariasenado.gov.co/senado/basedoc/constitucion_politica_1991.html
co:cc:c-465:2008,interpreta,co:constitucion:1991:art:39,,,http://www.secretariasenado.gov.co/senado/basedoc/constitucion_politica_1991.html
co:cc:c-617:2008,interpreta,co:constitucion:1991:art:39,,,http://www.secretariasenado.gov.co/senado/basedoc/constitucion_politica_1991.html
co:cc:c-621:2008,interpreta,co:constitucion:1991:art:39,,,http://www.secretariasenado.gov.co/senado/basedoc/constitucion_politica_1991.html
co:cc:c-674:2008,interpreta,co:constitucion:1991:art:39,,,http://www.secretariasenado.gov.co/senado/basedoc/constitucion_politica_1991.html
co:cc:c-695:2008,interpreta,co:constitucion:1991:art:39,,,http://www.secretariasenado.gov.co/senado/basedoc/constitucion_politica_1991.html
co:cc:c-858:2008,interpreta,co:constitucion:1991:art:39,,,http://www.secretariasenado.gov.co/senado/basedoc/constitucion_politica_1991.html
co:cc:c-351:2013,interpreta,co:constitucion:1991:art:39,,,http://www.secretariasenado.gov.co/senado/basedoc/constitucion_politica_1991.html
co:cc:c-472:2013,interpreta,co:constitucion:1991:art:39,,,http://www.secretariasenado.gov.co/senado/basedoc/constitucion_politica_1991.html
co:cc:c-180:2016,interpreta,co:constitucion:1991:art:39,,,http://www.secretariasenado.gov.co/senado/basedoc/constitucion_politica_1991.html
co:cc:c-471:2020,interpreta,co:constitucion:1991:art:39,,,http://www.secretariasenado.gov.co/senado/basedoc/constitucion_politica_1991.html
co:cc:c-033:2021,interpreta,co:constitucion:1991:art:39,,,http://www.secretariasenado.gov.co/senado/basedoc/constitucion_politica_1991.html
co:cc:c-517:1992,interpreta,co:constitucion:1991:art:40,,,http://www.secretariasenado.gov.co/senado/basedoc/constitucion_politica_1991.html
co:cc:c-588:1992,interpreta,co:constitucion:1991:art:40,,,http://www.secretariasenado.gov.co/senado/basedoc/constitucion_politica_1991.html
co:cc:c-020:1993,interpreta,co:constitucion:1991:art:40,,,http://www.secretariasenado.gov.co/senado/basedoc/constitucion_politica_1991.html
co:cc:c-487:1993,interpreta,co:constitucion:1991:art:40,,,http://www.secretariasenado.gov.co/senado/basedoc/constitucion_politica_1991.html
co:cc:c-086:1994,interpreta,co:constitucion:1991:art:40,,,http://www.secretariasenado.gov.co/senado/basedoc/constitucion_politica_1991.html
co:cc:c-089:1994,interpreta,co:constitucion:1991:art:40,,,http://www.secretariasenado.gov.co/senado/basedoc/constitucion_politica_1991.html
co:cc:c-329:2003,interpreta,co:constitucion:1991:art:40,,,http://www.secretariasenado.gov.co/senado/basedoc/constitucion_politica_1991.html
co:cc:c-077:2004,interpreta,co:constitucion:1991:art:40,,,http://www.secretariasenado.gov.co/senado/basedoc/constitucion_politica_1991.html
co:cc:c-127:2004,interpreta,co:constitucion:1991:art:40,,,http://www.secretariasenado.gov.co/senado/basedoc/constitucion_politica_1991.html
co:cc:c-348:2004,interpreta,co:constitucion:1991:art:40,,,http://www.secretariasenado.gov.co/senado/basedoc/constitucion_politica_1991.html
co:cc:c-352:2004,interpreta,co:constitucion:1991:art:40,,,http://www.secretariasenado.gov.co/senado/basedoc/constitucion_politica_1991.html
co:cc:c-514:2004,interpreta,co:constitucion:1991:art:40,,,http://www.secretariasenado.gov.co/senado/basedoc/constitucion_politica_1991.html
co:cc:c-834:2007,interpreta,co:constitucion:1991:art:40,,,http://www.secretariasenado.gov.co/senado/basedoc/constitucion_politica_1991.html
co:cc:c-794:2014,interpreta,co:constitucion:1991:art:40,,,http://www.secretariasenado.gov.co/senado/basedoc/constitucion_politica_1991.html
co:cc:c-101:2018,interpreta,co:constitucion:1991:art:40,,,http://www.secretariasenado.gov.co/senado/basedoc/constitucion_politica_1991.html
co:cc:c-111:2019,interpreta,co:constitucion:1991:art:40,,,http://www.secretariasenado.gov.co/senado/basedoc/constitucion_politica_1991.html
co:cc:c-037:2021,interpreta,co:constitucion:1991:art:40,,,http://www.secretariasenado.gov.co/senado/basedoc/constitucion_politica_1991.html
co:cc:c-325:2021,interpreta,co:constitucion:1991:art:40,,,http://www.secretariasenado.gov.co/senado/basedoc/constitucion_politica_1991.html
co:cc:c-130:1994,interpreta,co:constitucion:1991:art:40,,,http://www.secretariasenado.gov.co/senado/basedoc/constitucion_politica_1991.html
co:cc:c-199:1994,interpreta,co:constitucion:1991:art:40,,,http://www.secretariasenado.gov.co/senado/basedoc/constitucion_politica_1991.html
co:cc:c-321:1994,interpreta,co:constitucion:1991:art:40,,,http://www.secretariasenado.gov.co/senado/basedoc/constitucion_politica_1991.html
co:cc:c-353:1994,interpreta,co:constitucion:1991:art:40,,,http://www.secretariasenado.gov.co/senado/basedoc/constitucion_politica_1991.html
co:cc:c-015:2004,interpreta,co:constitucion:1991:art:40,,,http://www.secretariasenado.gov.co/senado/basedoc/constitucion_politica_1991.html
co:cc:c-146:2021,interpreta,co:constitucion:1991:art:40,,,http://www.secretariasenado.gov.co/senado/basedoc/constitucion_politica_1991.html
co:cc:c-542:1993,interpreta,co:constitucion:1991:art:40,,,http://www.secretariasenado.gov.co/senado/basedoc/constitucion_politica_1991.html
co:cc:c-180:1994,interpreta,co:constitucion:1991:art:40,,,http://www.secretariasenado.gov.co/senado/basedoc/constitucion_politica_1991.html
co:cc:c-003:1993,interpreta,co:constitucion:1991:art:40,,,http://www.secretariasenado.gov.co/senado/basedoc/constitucion_politica_1991.html
co:cc:c-283:1995,interpreta,co:constitucion:1991:art:40,,,http://www.secretariasenado.gov.co/senado/basedoc/constitucion_politica_1991.html
co:cc:c-226:1996,interpreta,co:constitucion:1991:art:40,,,http://www.secretariasenado.gov.co/senado/basedoc/constitucion_politica_1991.html
co:cc:c-157:1998,interpreta,co:constitucion:1991:art:40,,,http://www.secretariasenado.gov.co/senado/basedoc/constitucion_politica_1991.html
co:cc:c-532:1993,interpreta,co:constitucion:1991:art:40,,,http://www.secretariasenado.gov.co/senado/basedoc/constitucion_politica_1991.html
co:cc:c-011:1994,interpreta,co:constitucion:1991:art:40,,,http://www.secretariasenado.gov.co/senado/basedoc/constitucion_politica_1991.html
co:cc:c-513:1992,interpreta,co:constitucion:1991:art:40,,,http://www.secretariasenado.gov.co/senado/basedoc/constitucion_politica_1991.html
co:cc:c-544:1992,interpreta,co:constitucion:1991:art:40,,,http://www.secretariasenado.gov.co/senado/basedoc/constitucion_politica_1991.html
co:cc:c-016:1993,interpreta,co:constitucion:1991:art:40,,,http://www.secretariasenado.gov.co/senado/basedoc/constitucion_politica_1991.html
co:cc:c-131:1993,interpreta,co:constitucion:1991:art:40,,,http://www.secretariasenado.gov.co/senado/basedoc/constitucion_politica_1991.html
co:cc:c-132:1993,interpreta,co:constitucion:1991:art:40,,,http://www.secretariasenado.gov.co/senado/basedoc/constitucion_politica_1991.html
co:cc:c-264:1996,interpreta,co:constitucion:1991:art:40,,,http://www.secretariasenado.gov.co/senado/basedoc/constitucion_politica_1991.html
co:cc:c-048:2004,interpreta,co:constitucion:1991:art:40,,,http://www.secretariasenado.gov.co/senado/basedoc/constitucion_politica_1991.html
co:cc:c-323:2006,interpreta,co:constitucion:1991:art:40,,,http://www.secretariasenado.gov.co/senado/basedoc/constitucion_politica_1991.html
co:cc:c-841:2010,interpreta,co:constitucion:1991:art:40,,,http://www.secretariasenado.gov.co/senado/basedoc/constitucion_politica_1991.html
co:cc:c-827:2013,interpreta,co:constitucion:1991:art:40,,,http://www.secretariasenado.gov.co/senado/basedoc/constitucion_politica_1991.html
co:cc:c-866:2014,interpreta,co:constitucion:1991:art:40,,,http://www.secretariasenado.gov.co/senado/basedoc/constitucion_politica_1991.html
co:cc:c-387:2015,interpreta,co:constitucion:1991:art:40,,,http://www.secretariasenado.gov.co/senado/basedoc/constitucion_politica_1991.html
co:cc:c-283:2017,interpreta,co:constitucion:1991:art:40,,,http://www.secretariasenado.gov.co/senado/basedoc/constitucion_politica_1991.html
co:cc:c-392:2019,interpreta,co:constitucion:1991:art:40,,,http://www.secretariasenado.gov.co/senado/basedoc/constitucion_politica_1991.html
co:cc:c-441:2019,interpreta,co:constitucion:1991:art:40,,,http://www.secretariasenado.gov.co/senado/basedoc/constitucion_politica_1991.html
co:cc:c-952:2001,interpreta,co:constitucion:1991:art:40,,,http://www.secretariasenado.gov.co/senado/basedoc/constitucion_politica_1991.html
co:cc:c-100:2004,interpreta,co:constitucion:1991:art:40,,,http://www.secretariasenado.gov.co/senado/basedoc/constitucion_politica_1991.html
co:cc:c-1172:2005,interpreta,co:constitucion:1991:art:40,,,http://www.secretariasenado.gov.co/senado/basedoc/constitucion_politica_1991.html
co:cc:c-028:2006,interpreta,co:constitucion:1991:art:40,,,http://www.secretariasenado.gov.co/senado/basedoc/constitucion_politica_1991.html
co:cc:c-049:2006,interpreta,co:constitucion:1991:art:40,,,http://www.secretariasenado.gov.co/senado/basedoc/constitucion_politica_1991.html
co:cc:c-230:2008,interpreta,co:constitucion:1991:art:40,,,http://www.secretariasenado.gov.co/senado/basedoc/constitucion_politica_1991.html
co:cc:c-176:2017,interpreta,co:constitucion:1991:art:40,,,http://www.secretariasenado.gov.co/senado/basedoc/constitucion_politica_1991.html
co:cc:c-097:2019,interpreta,co:constitucion:1991:art:40,,,http://www.secretariasenado.gov.co/senado/basedoc/constitucion_politica_1991.html
co:cc:c-386:2022,interpreta,co:constitucion:1991:art:40,,,http://www.secretariasenado.gov.co/senado/basedoc/constitucion_politica_1991.html
co:cc:c-427:2023,interpreta,co:constitucion:1991:art:40,,,http://www.secretariasenado.gov.co/senado/basedoc/constitucion_politica_1991.html
co:cc:c-387:2023,interpreta,co:constitucion:1991:art:40,,,http://www.secretariasenado.gov.co/senado/basedoc/constitucion_politica_1991.html
co:cc:c-293:2024,interpreta,co:constitucion:1991:art:40,,,http://www.secretariasenado.gov.co/senado/basedoc/constitucion_politica_1991.html
co:cc:c-195:2026,interpreta,co:constitucion:1991:art:40,,,http://www.secretariasenado.gov.co/senado/basedoc/constitucion_politica_1991.html
co:cc:c-052:1993,interpreta,co:constitucion:1991:art:40,,,http://www.secretariasenado.gov.co/senado/basedoc/constitucion_politica_1991.html
co:cc:c-071:1993,interpreta,co:constitucion:1991:art:40,,,http://www.secretariasenado.gov.co/senado/basedoc/constitucion_politica_1991.html
co:cc:c-143:1993,interpreta,co:constitucion:1991:art:40,,,http://www.secretariasenado.gov.co/senado/basedoc/constitucion_politica_1991.html
co:cc:c-537:1993,interpreta,co:constitucion:1991:art:40,,,http://www.secretariasenado.gov.co/senado/basedoc/constitucion_politica_1991.html
co:cc:c-942:2003,interpreta,co:constitucion:1991:art:40,,,http://www.secretariasenado.gov.co/senado/basedoc/constitucion_politica_1991.html
co:cc:c-308:2004,interpreta,co:constitucion:1991:art:40,,,http://www.secretariasenado.gov.co/senado/basedoc/constitucion_politica_1991.html
co:cc:c-733:2005,interpreta,co:constitucion:1991:art:40,,,http://www.secretariasenado.gov.co/senado/basedoc/constitucion_politica_1991.html
co:cc:c-536:2006,interpreta,co:constitucion:1991:art:40,,,http://www.secretariasenado.gov.co/senado/basedoc/constitucion_politica_1991.html
co:cc:c-473:2006,interpreta,co:constitucion:1991:art:40,,,http://www.secretariasenado.gov.co/senado/basedoc/constitucion_politica_1991.html
co:cc:c-651:2006,interpreta,co:constitucion:1991:art:40,,,http://www.secretariasenado.gov.co/senado/basedoc/constitucion_politica_1991.html
co:cc:c-416:1992,interpreta,co:constitucion:1991:art:41,,,http://www.secretariasenado.gov.co/senado/basedoc/constitucion_politica_1991.html
co:cc:c-018:1993,interpreta,co:constitucion:1991:art:41,,,http://www.secretariasenado.gov.co/senado/basedoc/constitucion_politica_1991.html
co:cc:c-089:1994,interpreta,co:constitucion:1991:art:41,,,http://www.secretariasenado.gov.co/senado/basedoc/constitucion_politica_1991.html
co:cc:c-180:1994,interpreta,co:constitucion:1991:art:41,,,http://www.secretariasenado.gov.co/senado/basedoc/constitucion_politica_1991.html
co:cc:c-511:1994,interpreta,co:constitucion:1991:art:41,,,http://www.secretariasenado.gov.co/senado/basedoc/constitucion_politica_1991.html
co:cc:c-562:1996,interpreta,co:constitucion:1991:art:41,,,http://www.secretariasenado.gov.co/senado/basedoc/constitucion_politica_1991.html
co:cc:c-104:2004,interpreta,co:constitucion:1991:art:41,,,http://www.secretariasenado.gov.co/senado/basedoc/constitucion_politica_1991.html
co:cc:c-776:2010,interpreta,co:constitucion:1991:art:42,,,http://www.secretariasenado.gov.co/senado/basedoc/constitucion_politica_1991.html
co:cc:c-600:2011,interpreta,co:constitucion:1991:art:42,,,http://www.secretariasenado.gov.co/senado/basedoc/constitucion_politica_1991.html
co:cc:c-727:2015,interpreta,co:constitucion:1991:art:42,,,http://www.secretariasenado.gov.co/senado/basedoc/constitucion_politica_1991.html
co:cc:c-110:2018,interpreta,co:constitucion:1991:art:42,,,http://www.secretariasenado.gov.co/senado/basedoc/constitucion_politica_1991.html
co:cc:c-289:2019,interpreta,co:constitucion:1991:art:42,,,http://www.secretariasenado.gov.co/senado/basedoc/constitucion_politica_1991.html
co:cc:c-746:2011,interpreta,co:constitucion:1991:art:42,,,http://www.secretariasenado.gov.co/senado/basedoc/constitucion_politica_1991.html
co:cc:c-700:2013,interpreta,co:constitucion:1991:art:42,,,http://www.secretariasenado.gov.co/senado/basedoc/constitucion_politica_1991.html
co:cc:c-262:2016,interpreta,co:constitucion:1991:art:42,,,http://www.secretariasenado.gov.co/senado/basedoc/constitucion_politica_1991.html
co:cc:c-588:1992,interpreta,co:constitucion:1991:art:42,,,http://www.secretariasenado.gov.co/senado/basedoc/constitucion_politica_1991.html
co:cc:c-019:1993,interpreta,co:constitucion:1991:art:42,,,http://www.secretariasenado.gov.co/senado/basedoc/constitucion_politica_1991.html
co:cc:c-027:1993,interpreta,co:constitucion:1991:art:42,,,http://www.secretariasenado.gov.co/senado/basedoc/constitucion_politica_1991.html
co:cc:c-097:1993,interpreta,co:constitucion:1991:art:42,,,http://www.secretariasenado.gov.co/senado/basedoc/constitucion_politica_1991.html
co:cc:c-127:1993,interpreta,co:constitucion:1991:art:42,,,http://www.secretariasenado.gov.co/senado/basedoc/constitucion_politica_1991.html
co:cc:c-276:1993,interpreta,co:constitucion:1991:art:42,,,http://www.secretariasenado.gov.co/senado/basedoc/constitucion_politica_1991.html
co:cc:c-337:1993,interpreta,co:constitucion:1991:art:42,,,http://www.secretariasenado.gov.co/senado/basedoc/constitucion_politica_1991.html
co:cc:c-344:1993,interpreta,co:constitucion:1991:art:42,,,http://www.secretariasenado.gov.co/senado/basedoc/constitucion_politica_1991.html
co:cc:c-239:1994,interpreta,co:constitucion:1991:art:42,,,http://www.secretariasenado.gov.co/senado/basedoc/constitucion_politica_1991.html
co:cc:c-174:1996,interpreta,co:constitucion:1991:art:42,,,http://www.secretariasenado.gov.co/senado/basedoc/constitucion_politica_1991.html
co:cc:c-595:1996,interpreta,co:constitucion:1991:art:42,,,http://www.secretariasenado.gov.co/senado/basedoc/constitucion_politica_1991.html
co:cc:c-374:1997,interpreta,co:constitucion:1991:art:42,,,http://www.secretariasenado.gov.co/senado/basedoc/constitucion_politica_1991.html
co:cc:c-1033:2002,interpreta,co:constitucion:1991:art:42,,,http://www.secretariasenado.gov.co/senado/basedoc/constitucion_politica_1991.html
co:cc:c-156:2003,interpreta,co:constitucion:1991:art:42,,,http://www.secretariasenado.gov.co/senado/basedoc/constitucion_politica_1991.html
co:cc:c-184:2003,interpreta,co:constitucion:1991:art:42,,,http://www.secretariasenado.gov.co/senado/basedoc/constitucion_politica_1991.html
co:cc:c-271:2003,interpreta,co:constitucion:1991:art:42,,,http://www.secretariasenado.gov.co/senado/basedoc/constitucion_politica_1991.html
co:cc:c-482:2003,interpreta,co:constitucion:1991:art:42,,,http://www.secretariasenado.gov.co/senado/basedoc/constitucion_politica_1991.html
co:cc:c-941:2003,interpreta,co:constitucion:1991:art:42,,,http://www.secretariasenado.gov.co/senado/basedoc/constitucion_politica_1991.html
co:cc:c-964:2003,interpreta,co:constitucion:1991:art:42,,,http://www.secretariasenado.gov.co/senado/basedoc/constitucion_politica_1991.html
co:cc:c-1039:2003,interpreta,co:constitucion:1991:art:42,,,http://www.secretariasenado.gov.co/senado/basedoc/constitucion_politica_1991.html
co:cc:c-1094:2003,interpreta,co:constitucion:1991:art:42,,,http://www.secretariasenado.gov.co/senado/basedoc/constitucion_politica_1991.html
co:cc:c-016:2004,interpreta,co:constitucion:1991:art:42,,,http://www.secretariasenado.gov.co/senado/basedoc/constitucion_politica_1991.html
co:cc:c-038:2004,interpreta,co:constitucion:1991:art:42,,,http://www.secretariasenado.gov.co/senado/basedoc/constitucion_politica_1991.html
co:cc:c-044:2004,interpreta,co:constitucion:1991:art:42,,,http://www.secretariasenado.gov.co/senado/basedoc/constitucion_politica_1991.html
co:cc:c-074:2004,interpreta,co:constitucion:1991:art:42,,,http://www.secretariasenado.gov.co/senado/basedoc/constitucion_politica_1991.html
co:cc:c-102:2004,interpreta,co:constitucion:1991:art:42,,,http://www.secretariasenado.gov.co/senado/basedoc/constitucion_politica_1991.html
co:cc:c-227:2004,interpreta,co:constitucion:1991:art:42,,,http://www.secretariasenado.gov.co/senado/basedoc/constitucion_politica_1991.html
co:cc:c-301:2004,interpreta,co:constitucion:1991:art:42,,,http://www.secretariasenado.gov.co/senado/basedoc/constitucion_politica_1991.html
co:cc:c-355:2004,interpreta,co:constitucion:1991:art:42,,,http://www.secretariasenado.gov.co/senado/basedoc/constitucion_politica_1991.html
co:cc:c-464:2004,interpreta,co:constitucion:1991:art:42,,,http://www.secretariasenado.gov.co/senado/basedoc/constitucion_politica_1991.html
co:cc:c-204:2005,interpreta,co:constitucion:1991:art:42,,,http://www.secretariasenado.gov.co/senado/basedoc/constitucion_politica_1991.html
co:cc:c-821:2005,interpreta,co:constitucion:1991:art:42,,,http://www.secretariasenado.gov.co/senado/basedoc/constitucion_politica_1991.html
co:cc:c-355:2006,interpreta,co:constitucion:1991:art:42,,,http://www.secretariasenado.gov.co/senado/basedoc/constitucion_politica_1991.html
co:cc:c-831:2006,interpreta,co:constitucion:1991:art:42,,,http://www.secretariasenado.gov.co/senado/basedoc/constitucion_politica_1991.html
co:cc:c-775:2006,interpreta,co:constitucion:1991:art:42,,,http://www.secretariasenado.gov.co/senado/basedoc/constitucion_politica_1991.html
co:cc:c-1035:2008,interpreta,co:constitucion:1991:art:42,,,http://www.secretariasenado.gov.co/senado/basedoc/constitucion_politica_1991.html
co:cc:c-840:2010,interpreta,co:constitucion:1991:art:42,,,http://www.secretariasenado.gov.co/senado/basedoc/constitucion_politica_1991.html
co:cc:c-886:2010,interpreta,co:constitucion:1991:art:42,,,http://www.secretariasenado.gov.co/senado/basedoc/constitucion_politica_1991.html
co:cc:c-985:2010,interpreta,co:constitucion:1991:art:42,,,http://www.secretariasenado.gov.co/senado/basedoc/constitucion_politica_1991.html
co:cc:c-100:2011,interpreta,co:constitucion:1991:art:42,,,http://www.secretariasenado.gov.co/senado/basedoc/constitucion_politica_1991.html
co:cc:c-283:2011,interpreta,co:constitucion:1991:art:42,,,http://www.secretariasenado.gov.co/senado/basedoc/constitucion_politica_1991.html
co:cc:c-577:2011,interpreta,co:constitucion:1991:art:42,,,http://www.secretariasenado.gov.co/senado/basedoc/constitucion_politica_1991.html
co:cc:c-911:2013,interpreta,co:constitucion:1991:art:42,,,http://www.secretariasenado.gov.co/senado/basedoc/constitucion_politica_1991.html
co:cc:c-278:2014,interpreta,co:constitucion:1991:art:42,,,http://www.secretariasenado.gov.co/senado/basedoc/constitucion_politica_1991.html
co:cc:c-022:2015,interpreta,co:constitucion:1991:art:42,,,http://www.secretariasenado.gov.co/senado/basedoc/constitucion_politica_1991.html
co:cc:c-257:2015,interpreta,co:constitucion:1991:art:42,,,http://www.secretariasenado.gov.co/senado/basedoc/constitucion_politica_1991.html
co:cc:c-026:2016,interpreta,co:constitucion:1991:art:42,,,http://www.secretariasenado.gov.co/senado/basedoc/constitucion_politica_1991.html
co:cc:c-451:2016,interpreta,co:constitucion:1991:art:42,,,http://www.secretariasenado.gov.co/senado/basedoc/constitucion_politica_1991.html
co:cc:c-569:2016,interpreta,co:constitucion:1991:art:42,,,http://www.secretariasenado.gov.co/senado/basedoc/constitucion_politica_1991.html
co:cc:c-107:2017,interpreta,co:constitucion:1991:art:42,,,http://www.secretariasenado.gov.co/senado/basedoc/constitucion_politica_1991.html
co:cc:c-359:2017,interpreta,co:constitucion:1991:art:42,,,http://www.secretariasenado.gov.co/senado/basedoc/constitucion_politica_1991.html
co:cc:c-085:2019,interpreta,co:constitucion:1991:art:42,,,http://www.secretariasenado.gov.co/senado/basedoc/constitucion_politica_1991.html
co:cc:c-534:2019,interpreta,co:constitucion:1991:art:42,,,http://www.secretariasenado.gov.co/senado/basedoc/constitucion_politica_1991.html
co:cc:c-456:2020,interpreta,co:constitucion:1991:art:42,,,http://www.secretariasenado.gov.co/senado/basedoc/constitucion_politica_1991.html
co:cc:c-117:2021,interpreta,co:constitucion:1991:art:42,,,http://www.secretariasenado.gov.co/senado/basedoc/constitucion_politica_1991.html
co:cc:c-055:2022,interpreta,co:constitucion:1991:art:42,,,http://www.secretariasenado.gov.co/senado/basedoc/constitucion_politica_1991.html
co:cc:c-066:2022,interpreta,co:constitucion:1991:art:42,,,http://www.secretariasenado.gov.co/senado/basedoc/constitucion_politica_1991.html
co:cc:c-096:2024,interpreta,co:constitucion:1991:art:42,,,http://www.secretariasenado.gov.co/senado/basedoc/constitucion_politica_1991.html
co:cc:c-411:2025,interpreta,co:constitucion:1991:art:42,,,http://www.secretariasenado.gov.co/senado/basedoc/constitucion_politica_1991.html
co:cc:c-029:2026,interpreta,co:constitucion:1991:art:42,,,http://www.secretariasenado.gov.co/senado/basedoc/constitucion_politica_1991.html
co:cc:c-574:1992,interpreta,co:constitucion:1991:art:43,,,http://www.secretariasenado.gov.co/senado/basedoc/constitucion_politica_1991.html
co:cc:c-588:1992,interpreta,co:constitucion:1991:art:43,,,http://www.secretariasenado.gov.co/senado/basedoc/constitucion_politica_1991.html
co:cc:c-590:1992,interpreta,co:constitucion:1991:art:43,,,http://www.secretariasenado.gov.co/senado/basedoc/constitucion_politica_1991.html
co:cc:c-271:2003,interpreta,co:constitucion:1991:art:43,,,http://www.secretariasenado.gov.co/senado/basedoc/constitucion_politica_1991.html
co:cc:c-964:2003,interpreta,co:constitucion:1991:art:43,,,http://www.secretariasenado.gov.co/senado/basedoc/constitucion_politica_1991.html
co:cc:c-1039:2003,interpreta,co:constitucion:1991:art:43,,,http://www.secretariasenado.gov.co/senado/basedoc/constitucion_politica_1991.html
co:cc:c-020:2004,interpreta,co:constitucion:1991:art:43,,,http://www.secretariasenado.gov.co/senado/basedoc/constitucion_politica_1991.html
co:cc:c-044:2004,interpreta,co:constitucion:1991:art:43,,,http://www.secretariasenado.gov.co/senado/basedoc/constitucion_politica_1991.html
co:cc:c-279:2004,interpreta,co:constitucion:1991:art:43,,,http://www.secretariasenado.gov.co/senado/basedoc/constitucion_politica_1991.html
co:cc:c-464:2004,interpreta,co:constitucion:1991:art:43,,,http://www.secretariasenado.gov.co/senado/basedoc/constitucion_politica_1991.html
co:cc:c-101:2005,interpreta,co:constitucion:1991:art:43,,,http://www.secretariasenado.gov.co/senado/basedoc/constitucion_politica_1991.html
co:cc:c-1299:2005,interpreta,co:constitucion:1991:art:43,,,http://www.secretariasenado.gov.co/senado/basedoc/constitucion_politica_1991.html
co:cc:c-1300:2005,interpreta,co:constitucion:1991:art:43,,,http://www.secretariasenado.gov.co/senado/basedoc/constitucion_politica_1991.html
co:cc:c-355:2006,interpreta,co:constitucion:1991:art:43,,,http://www.secretariasenado.gov.co/senado/basedoc/constitucion_politica_1991.html
co:cc:c-154:2007,interpreta,co:constitucion:1991:art:43,,,http://www.secretariasenado.gov.co/senado/basedoc/constitucion_politica_1991.html
co:cc:c-005:2017,interpreta,co:constitucion:1991:art:43,,,http://www.secretariasenado.gov.co/senado/basedoc/constitucion_politica_1991.html
co:cc:c-117:2018,interpreta,co:constitucion:1991:art:43,,,http://www.secretariasenado.gov.co/senado/basedoc/constitucion_politica_1991.html
co:cc:c-139:2018,interpreta,co:constitucion:1991:art:43,,,http://www.secretariasenado.gov.co/senado/basedoc/constitucion_politica_1991.html
co:cc:c-519:2019,interpreta,co:constitucion:1991:art:43,,,http://www.secretariasenado.gov.co/senado/basedoc/constitucion_politica_1991.html
co:cc:c-038:2021,interpreta,co:constitucion:1991:art:43,,,http://www.secretariasenado.gov.co/senado/basedoc/constitucion_politica_1991.html
co:cc:c-055:2022,interpreta,co:constitucion:1991:art:43,,,http://www.secretariasenado.gov.co/senado/basedoc/constitucion_politica_1991.html
co:cc:c-197:2023,interpreta,co:constitucion:1991:art:43,,,http://www.secretariasenado.gov.co/senado/basedoc/constitucion_politica_1991.html
co:cc:c-472:1992,interpreta,co:constitucion:1991:art:44,,,http://www.secretariasenado.gov.co/senado/basedoc/constitucion_politica_1991.html
co:cc:c-574:1992,interpreta,co:constitucion:1991:art:44,,,http://www.secretariasenado.gov.co/senado/basedoc/constitucion_politica_1991.html
co:cc:c-664:1998,interpreta,co:constitucion:1991:art:44,,,http://www.secretariasenado.gov.co/senado/basedoc/constitucion_politica_1991.html
co:cc:c-184:2003,interpreta,co:constitucion:1991:art:44,,,http://www.secretariasenado.gov.co/senado/basedoc/constitucion_politica_1991.html
co:cc:c-273:2003,interpreta,co:constitucion:1991:art:44,,,http://www.secretariasenado.gov.co/senado/basedoc/constitucion_politica_1991.html
co:cc:c-400:2003,interpreta,co:constitucion:1991:art:44,,,http://www.secretariasenado.gov.co/senado/basedoc/constitucion_politica_1991.html
co:cc:c-449:2003,interpreta,co:constitucion:1991:art:44,,,http://www.secretariasenado.gov.co/senado/basedoc/constitucion_politica_1991.html
co:cc:c-967:2003,interpreta,co:constitucion:1991:art:44,,,http://www.secretariasenado.gov.co/senado/basedoc/constitucion_politica_1991.html
co:cc:c-964:2003,interpreta,co:constitucion:1991:art:44,,,http://www.secretariasenado.gov.co/senado/basedoc/constitucion_politica_1991.html
co:cc:c-1039:2003,interpreta,co:constitucion:1991:art:44,,,http://www.secretariasenado.gov.co/senado/basedoc/constitucion_politica_1991.html
co:cc:c-038:2004,interpreta,co:constitucion:1991:art:44,,,http://www.secretariasenado.gov.co/senado/basedoc/constitucion_politica_1991.html
co:cc:c-044:2004,interpreta,co:constitucion:1991:art:44,,,http://www.secretariasenado.gov.co/senado/basedoc/constitucion_politica_1991.html
co:cc:c-170:2004,interpreta,co:constitucion:1991:art:44,,,http://www.secretariasenado.gov.co/senado/basedoc/constitucion_politica_1991.html
co:cc:c-172:2004,interpreta,co:constitucion:1991:art:44,,,http://www.secretariasenado.gov.co/senado/basedoc/constitucion_politica_1991.html
co:cc:c-247:2004,interpreta,co:constitucion:1991:art:44,,,http://www.secretariasenado.gov.co/senado/basedoc/constitucion_politica_1991.html
co:cc:c-507:2004,interpreta,co:constitucion:1991:art:44,,,http://www.secretariasenado.gov.co/senado/basedoc/constitucion_politica_1991.html
co:cc:c-203:2005,interpreta,co:constitucion:1991:art:44,,,http://www.secretariasenado.gov.co/senado/basedoc/constitucion_politica_1991.html
co:cc:c-534:2005,interpreta,co:constitucion:1991:art:44,,,http://www.secretariasenado.gov.co/senado/basedoc/constitucion_politica_1991.html
co:cc:c-154:2007,interpreta,co:constitucion:1991:art:44,,,http://www.secretariasenado.gov.co/senado/basedoc/constitucion_politica_1991.html
co:cc:c-061:2008,interpreta,co:constitucion:1991:art:44,,,http://www.secretariasenado.gov.co/senado/basedoc/constitucion_politica_1991.html
co:cc:c-463:2008,interpreta,co:constitucion:1991:art:44,,,http://www.secretariasenado.gov.co/senado/basedoc/constitucion_politica_1991.html
co:cc:c-740:2008,interpreta,co:constitucion:1991:art:44,,,http://www.secretariasenado.gov.co/senado/basedoc/constitucion_politica_1991.html
co:cc:c-174:2009,interpreta,co:constitucion:1991:art:44,,,http://www.secretariasenado.gov.co/senado/basedoc/constitucion_politica_1991.html
co:cc:c-240:2009,interpreta,co:constitucion:1991:art:44,,,http://www.secretariasenado.gov.co/senado/basedoc/constitucion_politica_1991.html
co:cc:c-468:2009,interpreta,co:constitucion:1991:art:44,,,http://www.secretariasenado.gov.co/senado/basedoc/constitucion_politica_1991.html
co:cc:c-804:2009,interpreta,co:constitucion:1991:art:44,,,http://www.secretariasenado.gov.co/senado/basedoc/constitucion_politica_1991.html
co:cc:c-853:2009,interpreta,co:constitucion:1991:art:44,,,http://www.secretariasenado.gov.co/senado/basedoc/constitucion_politica_1991.html
co:cc:c-876:2011,interpreta,co:constitucion:1991:art:44,,,http://www.secretariasenado.gov.co/senado/basedoc/constitucion_politica_1991.html
co:cc:c-383:2012,interpreta,co:constitucion:1991:art:44,,,http://www.secretariasenado.gov.co/senado/basedoc/constitucion_politica_1991.html
co:cc:c-131:2014,interpreta,co:constitucion:1991:art:44,,,http://www.secretariasenado.gov.co/senado/basedoc/constitucion_politica_1991.html
co:cc:c-313:2014,interpreta,co:constitucion:1991:art:44,,,http://www.secretariasenado.gov.co/senado/basedoc/constitucion_politica_1991.html
co:cc:c-848:2014,interpreta,co:constitucion:1991:art:44,,,http://www.secretariasenado.gov.co/senado/basedoc/constitucion_politica_1991.html
co:cc:c-022:2015,interpreta,co:constitucion:1991:art:44,,,http://www.secretariasenado.gov.co/senado/basedoc/constitucion_politica_1991.html
co:cc:c-683:2015,interpreta,co:constitucion:1991:art:44,,,http://www.secretariasenado.gov.co/senado/basedoc/constitucion_politica_1991.html
co:cc:c-741:2015,interpreta,co:constitucion:1991:art:44,,,http://www.secretariasenado.gov.co/senado/basedoc/constitucion_politica_1991.html
co:cc:c-569:2016,interpreta,co:constitucion:1991:art:44,,,http://www.secretariasenado.gov.co/senado/basedoc/constitucion_politica_1991.html
co:cc:c-113:2017,interpreta,co:constitucion:1991:art:44,,,http://www.secretariasenado.gov.co/senado/basedoc/constitucion_politica_1991.html
co:cc:c-250:2019,interpreta,co:constitucion:1991:art:44,,,http://www.secretariasenado.gov.co/senado/basedoc/constitucion_politica_1991.html
co:cc:c-289:2019,interpreta,co:constitucion:1991:art:44,,,http://www.secretariasenado.gov.co/senado/basedoc/constitucion_politica_1991.html
co:cc:c-066:2022,interpreta,co:constitucion:1991:art:44,,,http://www.secretariasenado.gov.co/senado/basedoc/constitucion_politica_1991.html
co:cc:c-411:2025,interpreta,co:constitucion:1991:art:44,,,http://www.secretariasenado.gov.co/senado/basedoc/constitucion_politica_1991.html
co:cc:c-092:2002,interpreta,co:constitucion:1991:art:45,,,http://www.secretariasenado.gov.co/senado/basedoc/constitucion_politica_1991.html
co:cc:c-019:1993,interpreta,co:constitucion:1991:art:45,,,http://www.secretariasenado.gov.co/senado/basedoc/constitucion_politica_1991.html
co:cc:c-127:1993,interpreta,co:constitucion:1991:art:45,,,http://www.secretariasenado.gov.co/senado/basedoc/constitucion_politica_1991.html
co:cc:c-344:1993,interpreta,co:constitucion:1991:art:45,,,http://www.secretariasenado.gov.co/senado/basedoc/constitucion_politica_1991.html
co:cc:c-1068:2002,interpreta,co:constitucion:1991:art:45,,,http://www.secretariasenado.gov.co/senado/basedoc/constitucion_politica_1991.html
co:cc:c-271:2003,interpreta,co:constitucion:1991:art:45,,,http://www.secretariasenado.gov.co/senado/basedoc/constitucion_politica_1991.html
co:cc:c-172:2004,interpreta,co:constitucion:1991:art:45,,,http://www.secretariasenado.gov.co/senado/basedoc/constitucion_politica_1991.html
co:cc:c-247:2004,interpreta,co:constitucion:1991:art:45,,,http://www.secretariasenado.gov.co/senado/basedoc/constitucion_politica_1991.html
co:cc:c-154:2007,interpreta,co:constitucion:1991:art:45,,,http://www.secretariasenado.gov.co/senado/basedoc/constitucion_politica_1991.html
co:cc:c-740:2008,interpreta,co:constitucion:1991:art:45,,,http://www.secretariasenado.gov.co/senado/basedoc/constitucion_politica_1991.html
co:cc:c-468:2009,interpreta,co:constitucion:1991:art:45,,,http://www.secretariasenado.gov.co/senado/basedoc/constitucion_politica_1991.html
co:cc:c-853:2009,interpreta,co:constitucion:1991:art:45,,,http://www.secretariasenado.gov.co/senado/basedoc/constitucion_politica_1991.html
co:cc:c-862:2012,interpreta,co:constitucion:1991:art:45,,,http://www.secretariasenado.gov.co/senado/basedoc/constitucion_politica_1991.html
co:cc:c-546:1992,interpreta,co:constitucion:1991:art:46,,,http://www.secretariasenado.gov.co/senado/basedoc/constitucion_politica_1991.html
co:cc:c-590:1992,interpreta,co:constitucion:1991:art:46,,,http://www.secretariasenado.gov.co/senado/basedoc/constitucion_politica_1991.html
co:cc:c-017:1993,interpreta,co:constitucion:1991:art:46,,,http://www.secretariasenado.gov.co/senado/basedoc/constitucion_politica_1991.html
co:cc:c-130:2003,interpreta,co:constitucion:1991:art:46,,,http://www.secretariasenado.gov.co/senado/basedoc/constitucion_politica_1991.html
co:cc:c-941:2003,interpreta,co:constitucion:1991:art:46,,,http://www.secretariasenado.gov.co/senado/basedoc/constitucion_politica_1991.html
co:cc:c-044:2004,interpreta,co:constitucion:1991:art:46,,,http://www.secretariasenado.gov.co/senado/basedoc/constitucion_politica_1991.html
co:cc:c-279:2004,interpreta,co:constitucion:1991:art:46,,,http://www.secretariasenado.gov.co/senado/basedoc/constitucion_politica_1991.html
co:cc:c-501:2006,interpreta,co:constitucion:1991:art:46,,,http://www.secretariasenado.gov.co/senado/basedoc/constitucion_politica_1991.html
co:cc:c-503:2014,interpreta,co:constitucion:1991:art:46,,,http://www.secretariasenado.gov.co/senado/basedoc/constitucion_politica_1991.html
co:cc:c-176:1993,interpreta,co:constitucion:1991:art:47,,,http://www.secretariasenado.gov.co/senado/basedoc/constitucion_politica_1991.html
co:cc:c-312:1993,interpreta,co:constitucion:1991:art:47,,,http://www.secretariasenado.gov.co/senado/basedoc/constitucion_politica_1991.html
co:cc:c-337:1993,interpreta,co:constitucion:1991:art:47,,,http://www.secretariasenado.gov.co/senado/basedoc/constitucion_politica_1991.html
co:cc:c-221:1994,interpreta,co:constitucion:1991:art:47,,,http://www.secretariasenado.gov.co/senado/basedoc/constitucion_politica_1991.html
co:cc:c-065:2003,interpreta,co:constitucion:1991:art:47,,,http://www.secretariasenado.gov.co/senado/basedoc/constitucion_politica_1991.html
co:cc:c-401:2003,interpreta,co:constitucion:1991:art:47,,,http://www.secretariasenado.gov.co/senado/basedoc/constitucion_politica_1991.html
co:cc:c-402:2003,interpreta,co:constitucion:1991:art:47,,,http://www.secretariasenado.gov.co/senado/basedoc/constitucion_politica_1991.html
co:cc:c-478:2003,interpreta,co:constitucion:1991:art:47,,,http://www.secretariasenado.gov.co/senado/basedoc/constitucion_politica_1991.html
co:cc:c-227:2004,interpreta,co:constitucion:1991:art:47,,,http://www.secretariasenado.gov.co/senado/basedoc/constitucion_politica_1991.html
co:cc:c-765:2012,interpreta,co:constitucion:1991:art:47,,,http://www.secretariasenado.gov.co/senado/basedoc/constitucion_politica_1991.html
co:cc:c-741:2015,interpreta,co:constitucion:1991:art:47,,,http://www.secretariasenado.gov.co/senado/basedoc/constitucion_politica_1991.html
co:cc:c-327:2019,interpreta,co:constitucion:1991:art:47,,,http://www.secretariasenado.gov.co/senado/basedoc/constitucion_politica_1991.html
co:cc:c-098:2025,interpreta,co:constitucion:1991:art:47,,,http://www.secretariasenado.gov.co/senado/basedoc/constitucion_politica_1991.html
co:cc:c-1041:2007,interpreta,co:constitucion:1991:art:48,,,http://www.secretariasenado.gov.co/senado/basedoc/constitucion_politica_1991.html
co:cc:c-258:2013,interpreta,co:constitucion:1991:art:48,,,http://www.secretariasenado.gov.co/senado/basedoc/constitucion_politica_1991.html
co:cc:c-262:2013,interpreta,co:constitucion:1991:art:48,,,http://www.secretariasenado.gov.co/senado/basedoc/constitucion_politica_1991.html
co:cc:c-078:2017,interpreta,co:constitucion:1991:art:48,,,http://www.secretariasenado.gov.co/senado/basedoc/constitucion_politica_1991.html
co:cc:c-448:2020,interpreta,co:constitucion:1991:art:48,,,http://www.secretariasenado.gov.co/senado/basedoc/constitucion_politica_1991.html
co:cc:c-049:2022,interpreta,co:constitucion:1991:art:48,,,http://www.secretariasenado.gov.co/senado/basedoc/constitucion_politica_1991.html
co:cc:c-162:2022,interpreta,co:constitucion:1991:art:48,,,http://www.secretariasenado.gov.co/senado/basedoc/constitucion_politica_1991.html
co:cc:c-197:2023,interpreta,co:constitucion:1991:art:48,,,http://www.secretariasenado.gov.co/senado/basedoc/constitucion_politica_1991.html
co:cc:c-428:2009,interpreta,co:constitucion:1991:art:48,,,http://www.secretariasenado.gov.co/senado/basedoc/constitucion_politica_1991.html
co:cc:c-349:2004,interpreta,co:constitucion:1991:art:48,,,http://www.secretariasenado.gov.co/senado/basedoc/constitucion_politica_1991.html
co:cc:c-341:2007,interpreta,co:constitucion:1991:art:48,,,http://www.secretariasenado.gov.co/senado/basedoc/constitucion_politica_1991.html
co:cc:c-978:2010,interpreta,co:constitucion:1991:art:48,,,http://www.secretariasenado.gov.co/senado/basedoc/constitucion_politica_1991.html
co:cc:c-200:2020,interpreta,co:constitucion:1991:art:48,,,http://www.secretariasenado.gov.co/senado/basedoc/constitucion_politica_1991.html
co:acto-legislativo:1:2005:art:1,adiciona,co:constitucion:1991:art:48,2005-07-25,,http://www.secretariasenado.gov.co/senado/basedoc/constitucion_politica_1991.html
co:cc:c-110:2019,interpreta,co:constitucion:1991:art:48,,,http://www.secretariasenado.gov.co/senado/basedoc/constitucion_politica_1991.html
co:cc:c-451:2020,interpreta,co:constitucion:1991:art:48,,,http://www.secretariasenado.gov.co/senado/basedoc/constitucion_politica_1991.html
co:acto-legislativo:1:2024:art:1,adiciona,co:constitucion:1991:art:48,2024-07-16,,http://www.secretariasenado.gov.co/senado/basedoc/constitucion_politica_1991.html
co:cc:c-479:1992,interpreta,co:constitucion:1991:art:48,,,http://www.secretariasenado.gov.co/senado/basedoc/constitucion_politica_1991.html
co:cc:c-517:1992,interpreta,co:constitucion:1991:art:48,,,http://www.secretariasenado.gov.co/senado/basedoc/constitucion_politica_1991.html
co:cc:c-546:1992,interpreta,co:constitucion:1991:art:48,,,http://www.secretariasenado.gov.co/senado/basedoc/constitucion_politica_1991.html
co:cc:c-559:1992,interpreta,co:constitucion:1991:art:48,,,http://www.secretariasenado.gov.co/senado/basedoc/constitucion_politica_1991.html
co:cc:c-562:1992,interpreta,co:constitucion:1991:art:48,,,http://www.secretariasenado.gov.co/senado/basedoc/constitucion_politica_1991.html
co:cc:c-564:1992,interpreta,co:constitucion:1991:art:48,,,http://www.secretariasenado.gov.co/senado/basedoc/constitucion_politica_1991.html
co:cc:c-575:1992,interpreta,co:constitucion:1991:art:48,,,http://www.secretariasenado.gov.co/senado/basedoc/constitucion_politica_1991.html
co:cc:c-043:2003,interpreta,co:constitucion:1991:art:48,,,http://www.secretariasenado.gov.co/senado/basedoc/constitucion_politica_1991.html
co:cc:c-072:2003,interpreta,co:constitucion:1991:art:48,,,http://www.secretariasenado.gov.co/senado/basedoc/constitucion_politica_1991.html
co:cc:c-152:2003,interpreta,co:constitucion:1991:art:48,,,http://www.secretariasenado.gov.co/senado/basedoc/constitucion_politica_1991.html
co:cc:c-331:2003,interpreta,co:constitucion:1991:art:48,,,http://www.secretariasenado.gov.co/senado/basedoc/constitucion_politica_1991.html
co:cc:c-400:2003,interpreta,co:constitucion:1991:art:48,,,http://www.secretariasenado.gov.co/senado/basedoc/constitucion_politica_1991.html
co:cc:c-402:2003,interpreta,co:constitucion:1991:art:48,,,http://www.secretariasenado.gov.co/senado/basedoc/constitucion_politica_1991.html
co:cc:c-572:2003,interpreta,co:constitucion:1991:art:48,,,http://www.secretariasenado.gov.co/senado/basedoc/constitucion_politica_1991.html
co:cc:c-941:2003,interpreta,co:constitucion:1991:art:48,,,http://www.secretariasenado.gov.co/senado/basedoc/constitucion_politica_1991.html
co:cc:c-967:2003,interpreta,co:constitucion:1991:art:48,,,http://www.secretariasenado.gov.co/senado/basedoc/constitucion_politica_1991.html
co:cc:c-1040:2003,interpreta,co:constitucion:1991:art:48,,,http://www.secretariasenado.gov.co/senado/basedoc/constitucion_politica_1991.html
co:cc:c-020:2004,interpreta,co:constitucion:1991:art:48,,,http://www.secretariasenado.gov.co/senado/basedoc/constitucion_politica_1991.html
co:cc:c-038:2004,interpreta,co:constitucion:1991:art:48,,,http://www.secretariasenado.gov.co/senado/basedoc/constitucion_politica_1991.html
co:cc:c-040:2004,interpreta,co:constitucion:1991:art:48,,,http://www.secretariasenado.gov.co/senado/basedoc/constitucion_politica_1991.html
co:cc:c-045:2004,interpreta,co:constitucion:1991:art:48,,,http://www.secretariasenado.gov.co/senado/basedoc/constitucion_politica_1991.html
co:cc:c-047:2004,interpreta,co:constitucion:1991:art:48,,,http://www.secretariasenado.gov.co/senado/basedoc/constitucion_politica_1991.html
co:cc:c-072:2004,interpreta,co:constitucion:1991:art:48,,,http://www.secretariasenado.gov.co/senado/basedoc/constitucion_politica_1991.html
co:cc:c-073:2004,interpreta,co:constitucion:1991:art:48,,,http://www.secretariasenado.gov.co/senado/basedoc/constitucion_politica_1991.html
co:cc:c-124:2004,interpreta,co:constitucion:1991:art:48,,,http://www.secretariasenado.gov.co/senado/basedoc/constitucion_politica_1991.html
co:cc:c-155:2004,interpreta,co:constitucion:1991:art:48,,,http://www.secretariasenado.gov.co/senado/basedoc/constitucion_politica_1991.html
co:cc:c-173:2004,interpreta,co:constitucion:1991:art:48,,,http://www.secretariasenado.gov.co/senado/basedoc/constitucion_politica_1991.html
co:cc:c-227:2004,interpreta,co:constitucion:1991:art:48,,,http://www.secretariasenado.gov.co/senado/basedoc/constitucion_politica_1991.html
co:cc:c-250:2004,interpreta,co:constitucion:1991:art:48,,,http://www.secretariasenado.gov.co/senado/basedoc/constitucion_politica_1991.html
co:cc:c-251:2004,interpreta,co:constitucion:1991:art:48,,,http://www.secretariasenado.gov.co/senado/basedoc/constitucion_politica_1991.html
co:cc:c-279:2004,interpreta,co:constitucion:1991:art:48,,,http://www.secretariasenado.gov.co/senado/basedoc/constitucion_politica_1991.html
co:cc:c-305:2004,interpreta,co:constitucion:1991:art:48,,,http://www.secretariasenado.gov.co/senado/basedoc/constitucion_politica_1991.html
co:cc:c-375:2004,interpreta,co:constitucion:1991:art:48,,,http://www.secretariasenado.gov.co/senado/basedoc/constitucion_politica_1991.html
co:cc:c-432:2004,interpreta,co:constitucion:1991:art:48,,,http://www.secretariasenado.gov.co/senado/basedoc/constitucion_politica_1991.html
co:cc:c-510:2004,interpreta,co:constitucion:1991:art:48,,,http://www.secretariasenado.gov.co/senado/basedoc/constitucion_politica_1991.html
co:cc:c-425:2005,interpreta,co:constitucion:1991:art:48,,,http://www.secretariasenado.gov.co/senado/basedoc/constitucion_politica_1991.html
co:cc:c-243:2006,interpreta,co:constitucion:1991:art:48,,,http://www.secretariasenado.gov.co/senado/basedoc/constitucion_politica_1991.html
co:cc:c-337:2006,interpreta,co:constitucion:1991:art:48,,,http://www.secretariasenado.gov.co/senado/basedoc/constitucion_politica_1991.html
co:cc:c-472:2006,interpreta,co:constitucion:1991:art:48,,,http://www.secretariasenado.gov.co/senado/basedoc/constitucion_politica_1991.html
co:cc:c-530:2006,interpreta,co:constitucion:1991:art:48,,,http://www.secretariasenado.gov.co/senado/basedoc/constitucion_politica_1991.html
co:cc:c-324:2009,interpreta,co:constitucion:1991:art:48,,,http://www.secretariasenado.gov.co/senado/basedoc/constitucion_politica_1991.html
co:cc:c-174:2009,interpreta,co:constitucion:1991:art:48,,,http://www.secretariasenado.gov.co/senado/basedoc/constitucion_politica_1991.html
co:cc:c-221:2011,interpreta,co:constitucion:1991:art:48,,,http://www.secretariasenado.gov.co/senado/basedoc/constitucion_politica_1991.html
co:cc:c-767:2014,interpreta,co:constitucion:1991:art:48,,,http://www.secretariasenado.gov.co/senado/basedoc/constitucion_politica_1991.html
co:cc:c-349:2020,interpreta,co:constitucion:1991:art:48,,,http://www.secretariasenado.gov.co/senado/basedoc/constitucion_politica_1991.html
co:acto-legislativo:2:2009:art:1,modifica,co:constitucion:1991:art:49,2009-12-21,,http://www.secretariasenado.gov.co/senado/basedoc/constitucion_politica_1991.html
co:cc:c-882:2011,declara_exequible,co:constitucion:1991:art:49,2011-11-23,,http://www.secretariasenado.gov.co/senado/basedoc/constitucion_politica_1991.html
co:cc:c-479:1992,interpreta,co:constitucion:1991:art:49,,,http://www.secretariasenado.gov.co/senado/basedoc/constitucion_politica_1991.html
co:cc:c-517:1992,interpreta,co:constitucion:1991:art:49,,,http://www.secretariasenado.gov.co/senado/basedoc/constitucion_politica_1991.html
co:cc:c-559:1992,interpreta,co:constitucion:1991:art:49,,,http://www.secretariasenado.gov.co/senado/basedoc/constitucion_politica_1991.html
co:cc:c-560:1992,interpreta,co:constitucion:1991:art:49,,,http://www.secretariasenado.gov.co/senado/basedoc/constitucion_politica_1991.html
co:cc:c-580:1992,interpreta,co:constitucion:1991:art:49,,,http://www.secretariasenado.gov.co/senado/basedoc/constitucion_politica_1991.html
co:cc:c-590:1992,interpreta,co:constitucion:1991:art:49,,,http://www.secretariasenado.gov.co/senado/basedoc/constitucion_politica_1991.html
co:cc:c-176:1996,interpreta,co:constitucion:1991:art:49,,,http://www.secretariasenado.gov.co/senado/basedoc/constitucion_politica_1991.html
co:cc:c-066:2003,interpreta,co:constitucion:1991:art:49,,,http://www.secretariasenado.gov.co/senado/basedoc/constitucion_politica_1991.html
co:cc:c-331:2003,interpreta,co:constitucion:1991:art:49,,,http://www.secretariasenado.gov.co/senado/basedoc/constitucion_politica_1991.html
co:cc:c-040:2004,interpreta,co:constitucion:1991:art:49,,,http://www.secretariasenado.gov.co/senado/basedoc/constitucion_politica_1991.html
co:cc:c-124:2004,interpreta,co:constitucion:1991:art:49,,,http://www.secretariasenado.gov.co/senado/basedoc/constitucion_politica_1991.html
co:cc:c-227:2004,interpreta,co:constitucion:1991:art:49,,,http://www.secretariasenado.gov.co/senado/basedoc/constitucion_politica_1991.html
co:cc:c-349:2004,interpreta,co:constitucion:1991:art:49,,,http://www.secretariasenado.gov.co/senado/basedoc/constitucion_politica_1991.html
co:cc:c-510:2004,interpreta,co:constitucion:1991:art:49,,,http://www.secretariasenado.gov.co/senado/basedoc/constitucion_politica_1991.html
co:cc:c-355:2006,interpreta,co:constitucion:1991:art:49,,,http://www.secretariasenado.gov.co/senado/basedoc/constitucion_politica_1991.html
co:cc:c-1041:2007,interpreta,co:constitucion:1991:art:49,,,http://www.secretariasenado.gov.co/senado/basedoc/constitucion_politica_1991.html
co:cc:c-260:2008,interpreta,co:constitucion:1991:art:49,,,http://www.secretariasenado.gov.co/senado/basedoc/constitucion_politica_1991.html
co:cc:c-491:2012,interpreta,co:constitucion:1991:art:49,,,http://www.secretariasenado.gov.co/senado/basedoc/constitucion_politica_1991.html
co:cc:c-055:2022,interpreta,co:constitucion:1991:art:49,,,http://www.secretariasenado.gov.co/senado/basedoc/constitucion_politica_1991.html
co:cc:c-580:1992,interpreta,co:constitucion:1991:art:50,,,http://www.secretariasenado.gov.co/senado/basedoc/constitucion_politica_1991.html
co:cc:c-337:1993,interpreta,co:constitucion:1991:art:50,,,http://www.secretariasenado.gov.co/senado/basedoc/constitucion_politica_1991.html
co:cc:c-041:1994,interpreta,co:constitucion:1991:art:50,,,http://www.secretariasenado.gov.co/senado/basedoc/constitucion_politica_1991.html
co:cc:c-313:1994,interpreta,co:constitucion:1991:art:50,,,http://www.secretariasenado.gov.co/senado/basedoc/constitucion_politica_1991.html
co:cc:c-575:1992,interpreta,co:constitucion:1991:art:51,,,http://www.secretariasenado.gov.co/senado/basedoc/constitucion_politica_1991.html
co:cc:c-015:1993,interpreta,co:constitucion:1991:art:51,,,http://www.secretariasenado.gov.co/senado/basedoc/constitucion_politica_1991.html
co:cc:c-197:1993,interpreta,co:constitucion:1991:art:51,,,http://www.secretariasenado.gov.co/senado/basedoc/constitucion_politica_1991.html
co:cc:c-337:1993,interpreta,co:constitucion:1991:art:51,,,http://www.secretariasenado.gov.co/senado/basedoc/constitucion_politica_1991.html
co:cc:c-700:1999,interpreta,co:constitucion:1991:art:51,,,http://www.secretariasenado.gov.co/senado/basedoc/constitucion_politica_1991.html
co:cc:c-955:2000,interpreta,co:constitucion:1991:art:51,,,http://www.secretariasenado.gov.co/senado/basedoc/constitucion_politica_1991.html
co:cc:c-936:2003,interpreta,co:constitucion:1991:art:51,,,http://www.secretariasenado.gov.co/senado/basedoc/constitucion_politica_1991.html
co:cc:c-046:2004,interpreta,co:constitucion:1991:art:51,,,http://www.secretariasenado.gov.co/senado/basedoc/constitucion_politica_1991.html
co:cc:c-444:2009,interpreta,co:constitucion:1991:art:51,,,http://www.secretariasenado.gov.co/senado/basedoc/constitucion_politica_1991.html
co:cc:c-327:2019,interpreta,co:constitucion:1991:art:51,,,http://www.secretariasenado.gov.co/senado/basedoc/constitucion_politica_1991.html
co:acto-legislativo:2:2000:art:1,modifica,co:constitucion:1991:art:52,2000-12-31,fecha aproximada: la fuente solo da el año,http://www.secretariasenado.gov.co/senado/basedoc/constitucion_politica_1991.html
co:cc:c-408:2021,interpreta,co:constitucion:1991:art:53,,,http://www.secretariasenado.gov.co/senado/basedoc/constitucion_politica_1991.html
co:cc:c-027:2026,interpreta,co:constitucion:1991:art:53,,,http://www.secretariasenado.gov.co/senado/basedoc/constitucion_politica_1991.html
co:cc:c-038:2026,interpreta,co:constitucion:1991:art:53,,,http://www.secretariasenado.gov.co/senado/basedoc/constitucion_politica_1991.html
co:cc:c-529:1996,interpreta,co:constitucion:1991:art:53,,,http://www.secretariasenado.gov.co/senado/basedoc/constitucion_politica_1991.html
co:cc:c-067:1999,interpreta,co:constitucion:1991:art:53,,,http://www.secretariasenado.gov.co/senado/basedoc/constitucion_politica_1991.html
co:cc:c-1333:2000,interpreta,co:constitucion:1991:art:53,,,http://www.secretariasenado.gov.co/senado/basedoc/constitucion_politica_1991.html
co:cc:c-862:2006,interpreta,co:constitucion:1991:art:53,,,http://www.secretariasenado.gov.co/senado/basedoc/constitucion_politica_1991.html
co:cc:c-221:1992,interpreta,co:constitucion:1991:art:53,,,http://www.secretariasenado.gov.co/senado/basedoc/constitucion_politica_1991.html
co:cc:c-434:1992,interpreta,co:constitucion:1991:art:53,,,http://www.secretariasenado.gov.co/senado/basedoc/constitucion_politica_1991.html
co:cc:c-477:1992,interpreta,co:constitucion:1991:art:53,,,http://www.secretariasenado.gov.co/senado/basedoc/constitucion_politica_1991.html
co:cc:c-479:1992,interpreta,co:constitucion:1991:art:53,,,http://www.secretariasenado.gov.co/senado/basedoc/constitucion_politica_1991.html
co:cc:c-546:1992,interpreta,co:constitucion:1991:art:53,,,http://www.secretariasenado.gov.co/senado/basedoc/constitucion_politica_1991.html
co:cc:c-555:1994,interpreta,co:constitucion:1991:art:53,,,http://www.secretariasenado.gov.co/senado/basedoc/constitucion_politica_1991.html
co:cc:c-168:1995,interpreta,co:constitucion:1991:art:53,,,http://www.secretariasenado.gov.co/senado/basedoc/constitucion_politica_1991.html
co:cc:c-251:1997,interpreta,co:constitucion:1991:art:53,,,http://www.secretariasenado.gov.co/senado/basedoc/constitucion_politica_1991.html
co:cc:c-665:1998,interpreta,co:constitucion:1991:art:53,,,http://www.secretariasenado.gov.co/senado/basedoc/constitucion_politica_1991.html
co:cc:c-789:2002,interpreta,co:constitucion:1991:art:53,,,http://www.secretariasenado.gov.co/senado/basedoc/constitucion_politica_1991.html
co:cc:c-034:2003,interpreta,co:constitucion:1991:art:53,,,http://www.secretariasenado.gov.co/senado/basedoc/constitucion_politica_1991.html
co:cc:c-042:2003,interpreta,co:constitucion:1991:art:53,,,http://www.secretariasenado.gov.co/senado/basedoc/constitucion_politica_1991.html
co:cc:c-043:2003,interpreta,co:constitucion:1991:art:53,,,http://www.secretariasenado.gov.co/senado/basedoc/constitucion_politica_1991.html
co:cc:c-073:2003,interpreta,co:constitucion:1991:art:53,,,http://www.secretariasenado.gov.co/senado/basedoc/constitucion_politica_1991.html
co:cc:c-102:2003,interpreta,co:constitucion:1991:art:53,,,http://www.secretariasenado.gov.co/senado/basedoc/constitucion_politica_1991.html
co:cc:c-181:2003,interpreta,co:constitucion:1991:art:53,,,http://www.secretariasenado.gov.co/senado/basedoc/constitucion_politica_1991.html
co:cc:c-204:2003,interpreta,co:constitucion:1991:art:53,,,http://www.secretariasenado.gov.co/senado/basedoc/constitucion_politica_1991.html
co:cc:c-355:2003,interpreta,co:constitucion:1991:art:53,,,http://www.secretariasenado.gov.co/senado/basedoc/constitucion_politica_1991.html
co:cc:c-402:2003,interpreta,co:constitucion:1991:art:53,,,http://www.secretariasenado.gov.co/senado/basedoc/constitucion_politica_1991.html
co:cc:c-434:2003,interpreta,co:constitucion:1991:art:53,,,http://www.secretariasenado.gov.co/senado/basedoc/constitucion_politica_1991.html
co:cc:c-450:2003,interpreta,co:constitucion:1991:art:53,,,http://www.secretariasenado.gov.co/senado/basedoc/constitucion_politica_1991.html
co:cc:c-531:2003,interpreta,co:constitucion:1991:art:53,,,http://www.secretariasenado.gov.co/senado/basedoc/constitucion_politica_1991.html
co:cc:c-941:2003,interpreta,co:constitucion:1991:art:53,,,http://www.secretariasenado.gov.co/senado/basedoc/constitucion_politica_1991.html
co:cc:c-968:2003,interpreta,co:constitucion:1991:art:53,,,http://www.secretariasenado.gov.co/senado/basedoc/constitucion_politica_1991.html
co:cc:c-967:2003,interpreta,co:constitucion:1991:art:53,,,http://www.secretariasenado.gov.co/senado/basedoc/constitucion_politica_1991.html
co:cc:c-1003:2003,interpreta,co:constitucion:1991:art:53,,,http://www.secretariasenado.gov.co/senado/basedoc/constitucion_politica_1991.html
co:cc:c-1017:2003,interpreta,co:constitucion:1991:art:53,,,http://www.secretariasenado.gov.co/senado/basedoc/constitucion_politica_1991.html
co:cc:c-1037:2003,interpreta,co:constitucion:1991:art:53,,,http://www.secretariasenado.gov.co/senado/basedoc/constitucion_politica_1991.html
co:cc:c-019:2004,interpreta,co:constitucion:1991:art:53,,,http://www.secretariasenado.gov.co/senado/basedoc/constitucion_politica_1991.html
co:cc:c-020:2004,interpreta,co:constitucion:1991:art:53,,,http://www.secretariasenado.gov.co/senado/basedoc/constitucion_politica_1991.html
co:cc:c-038:2004,interpreta,co:constitucion:1991:art:53,,,http://www.secretariasenado.gov.co/senado/basedoc/constitucion_politica_1991.html
co:cc:c-047:2004,interpreta,co:constitucion:1991:art:53,,,http://www.secretariasenado.gov.co/senado/basedoc/constitucion_politica_1991.html
co:cc:c-073:2004,interpreta,co:constitucion:1991:art:53,,,http://www.secretariasenado.gov.co/senado/basedoc/constitucion_politica_1991.html
co:cc:c-076:2004,interpreta,co:constitucion:1991:art:53,,,http://www.secretariasenado.gov.co/senado/basedoc/constitucion_politica_1991.html
co:cc:c-100:2004,interpreta,co:constitucion:1991:art:53,,,http://www.secretariasenado.gov.co/senado/basedoc/constitucion_politica_1991.html
co:cc:c-103:2004,interpreta,co:constitucion:1991:art:53,,,http://www.secretariasenado.gov.co/senado/basedoc/constitucion_politica_1991.html
co:cc:c-173:2004,interpreta,co:constitucion:1991:art:53,,,http://www.secretariasenado.gov.co/senado/basedoc/constitucion_politica_1991.html
co:cc:c-175:2004,interpreta,co:constitucion:1991:art:53,,,http://www.secretariasenado.gov.co/senado/basedoc/constitucion_politica_1991.html
co:cc:c-251:2004,interpreta,co:constitucion:1991:art:53,,,http://www.secretariasenado.gov.co/senado/basedoc/constitucion_politica_1991.html
co:cc:c-252:2004,interpreta,co:constitucion:1991:art:53,,,http://www.secretariasenado.gov.co/senado/basedoc/constitucion_politica_1991.html
co:cc:c-305:2004,interpreta,co:constitucion:1991:art:53,,,http://www.secretariasenado.gov.co/senado/basedoc/constitucion_politica_1991.html
co:cc:c-314:2004,interpreta,co:constitucion:1991:art:53,,,http://www.secretariasenado.gov.co/senado/basedoc/constitucion_politica_1991.html
co:cc:c-349:2004,interpreta,co:constitucion:1991:art:53,,,http://www.secretariasenado.gov.co/senado/basedoc/constitucion_politica_1991.html
co:cc:c-379:2004,interpreta,co:constitucion:1991:art:53,,,http://www.secretariasenado.gov.co/senado/basedoc/constitucion_politica_1991.html
co:cc:c-432:2004,interpreta,co:constitucion:1991:art:53,,,http://www.secretariasenado.gov.co/senado/basedoc/constitucion_politica_1991.html
co:cc:c-457:2004,interpreta,co:constitucion:1991:art:53,,,http://www.secretariasenado.gov.co/senado/basedoc/constitucion_politica_1991.html
co:cc:c-458:2004,interpreta,co:constitucion:1991:art:53,,,http://www.secretariasenado.gov.co/senado/basedoc/constitucion_politica_1991.html
co:cc:c-474:2004,interpreta,co:constitucion:1991:art:53,,,http://www.secretariasenado.gov.co/senado/basedoc/constitucion_politica_1991.html
co:cc:c-508:2004,interpreta,co:constitucion:1991:art:53,,,http://www.secretariasenado.gov.co/senado/basedoc/constitucion_politica_1991.html
co:cc:c-513:2004,interpreta,co:constitucion:1991:art:53,,,http://www.secretariasenado.gov.co/senado/basedoc/constitucion_politica_1991.html
co:cc:c-754:2004,interpreta,co:constitucion:1991:art:53,,,http://www.secretariasenado.gov.co/senado/basedoc/constitucion_politica_1991.html
co:cc:c-865:2004,interpreta,co:constitucion:1991:art:53,,,http://www.secretariasenado.gov.co/senado/basedoc/constitucion_politica_1991.html
co:cc:c-035:2005,interpreta,co:constitucion:1991:art:53,,,http://www.secretariasenado.gov.co/senado/basedoc/constitucion_politica_1991.html
co:cc:c-177:2005,interpreta,co:constitucion:1991:art:53,,,http://www.secretariasenado.gov.co/senado/basedoc/constitucion_politica_1991.html
co:cc:c-381:2005,interpreta,co:constitucion:1991:art:53,,,http://www.secretariasenado.gov.co/senado/basedoc/constitucion_politica_1991.html
co:cc:c-401:2005,interpreta,co:constitucion:1991:art:53,,,http://www.secretariasenado.gov.co/senado/basedoc/constitucion_politica_1991.html
co:cc:c-397:2006,interpreta,co:constitucion:1991:art:53,,,http://www.secretariasenado.gov.co/senado/basedoc/constitucion_politica_1991.html
co:cc:c-473:2006,interpreta,co:constitucion:1991:art:53,,,http://www.secretariasenado.gov.co/senado/basedoc/constitucion_politica_1991.html
co:cc:c-530:2006,interpreta,co:constitucion:1991:art:53,,,http://www.secretariasenado.gov.co/senado/basedoc/constitucion_politica_1991.html
co:cc:c-932:2006,interpreta,co:constitucion:1991:art:53,,,http://www.secretariasenado.gov.co/senado/basedoc/constitucion_politica_1991.html
co:cc:c-810:2007,interpreta,co:constitucion:1991:art:53,,,http://www.secretariasenado.gov.co/senado/basedoc/constitucion_politica_1991.html
co:cc:c-384:2008,interpreta,co:constitucion:1991:art:53,,,http://www.secretariasenado.gov.co/senado/basedoc/constitucion_politica_1991.html
co:cc:c-507:2008,interpreta,co:constitucion:1991:art:53,,,http://www.secretariasenado.gov.co/senado/basedoc/constitucion_politica_1991.html
co:cc:c-1141:2008,interpreta,co:constitucion:1991:art:53,,,http://www.secretariasenado.gov.co/senado/basedoc/constitucion_politica_1991.html
co:cc:c-428:2009,interpreta,co:constitucion:1991:art:53,,,http://www.secretariasenado.gov.co/senado/basedoc/constitucion_politica_1991.html
co:cc:c-071:2010,interpreta,co:constitucion:1991:art:53,,,http://www.secretariasenado.gov.co/senado/basedoc/constitucion_politica_1991.html
co:cc:c-885:2010,interpreta,co:constitucion:1991:art:53,,,http://www.secretariasenado.gov.co/senado/basedoc/constitucion_politica_1991.html
co:cc:c-171:2012,interpreta,co:constitucion:1991:art:53,,,http://www.secretariasenado.gov.co/senado/basedoc/constitucion_politica_1991.html
co:cc:c-911:2012,interpreta,co:constitucion:1991:art:53,,,http://www.secretariasenado.gov.co/senado/basedoc/constitucion_politica_1991.html
co:cc:c-098:2013,interpreta,co:constitucion:1991:art:53,,,http://www.secretariasenado.gov.co/senado/basedoc/constitucion_politica_1991.html
co:cc:c-090:2014,interpreta,co:constitucion:1991:art:53,,,http://www.secretariasenado.gov.co/senado/basedoc/constitucion_politica_1991.html
co:cc:c-185:2019,interpreta,co:constitucion:1991:art:53,,,http://www.secretariasenado.gov.co/senado/basedoc/constitucion_politica_1991.html
co:cc:c-171:2020,interpreta,co:constitucion:1991:art:53,,,http://www.secretariasenado.gov.co/senado/basedoc/constitucion_politica_1991.html
co:cc:c-271:2021,interpreta,co:constitucion:1991:art:53,,,http://www.secretariasenado.gov.co/senado/basedoc/constitucion_politica_1991.html
co:cc:c-027:2024,interpreta,co:constitucion:1991:art:53,,,http://www.secretariasenado.gov.co/senado/basedoc/constitucion_politica_1991.html
co:cc:c-562:1992,interpreta,co:constitucion:1991:art:54,,,http://www.secretariasenado.gov.co/senado/basedoc/constitucion_politica_1991.html
co:cc:c-606:1992,interpreta,co:constitucion:1991:art:54,,,http://www.secretariasenado.gov.co/senado/basedoc/constitucion_politica_1991.html
co:cc:c-065:2003,interpreta,co:constitucion:1991:art:54,,,http://www.secretariasenado.gov.co/senado/basedoc/constitucion_politica_1991.html
co:cc:c-402:2003,interpreta,co:constitucion:1991:art:54,,,http://www.secretariasenado.gov.co/senado/basedoc/constitucion_politica_1991.html
co:cc:c-478:2003,interpreta,co:constitucion:1991:art:54,,,http://www.secretariasenado.gov.co/senado/basedoc/constitucion_politica_1991.html
co:cc:c-038:2004,interpreta,co:constitucion:1991:art:54,,,http://www.secretariasenado.gov.co/senado/basedoc/constitucion_politica_1991.html
co:cc:c-457:2004,interpreta,co:constitucion:1991:art:54,,,http://www.secretariasenado.gov.co/senado/basedoc/constitucion_politica_1991.html
co:cc:c-381:2005,interpreta,co:constitucion:1991:art:54,,,http://www.secretariasenado.gov.co/senado/basedoc/constitucion_politica_1991.html
co:cc:c-765:2012,interpreta,co:constitucion:1991:art:54,,,http://www.secretariasenado.gov.co/senado/basedoc/constitucion_politica_1991.html
co:cc:c-211:2017,interpreta,co:constitucion:1991:art:54,,,http://www.secretariasenado.gov.co/senado/basedoc/constitucion_politica_1991.html
co:cc:c-562:1992,interpreta,co:constitucion:1991:art:55,,,http://www.secretariasenado.gov.co/senado/basedoc/constitucion_politica_1991.html
co:cc:c-606:1992,interpreta,co:constitucion:1991:art:55,,,http://www.secretariasenado.gov.co/senado/basedoc/constitucion_politica_1991.html
co:cc:c-902:2003,interpreta,co:constitucion:1991:art:55,,,http://www.secretariasenado.gov.co/senado/basedoc/constitucion_politica_1991.html
co:cc:c-023:2004,interpreta,co:constitucion:1991:art:55,,,http://www.secretariasenado.gov.co/senado/basedoc/constitucion_politica_1991.html
co:cc:c-038:2004,interpreta,co:constitucion:1991:art:55,,,http://www.secretariasenado.gov.co/senado/basedoc/constitucion_politica_1991.html
co:cc:c-305:2004,interpreta,co:constitucion:1991:art:55,,,http://www.secretariasenado.gov.co/senado/basedoc/constitucion_politica_1991.html
co:cc:c-314:2004,interpreta,co:constitucion:1991:art:55,,,http://www.secretariasenado.gov.co/senado/basedoc/constitucion_politica_1991.html
co:cc:c-349:2004,interpreta,co:constitucion:1991:art:55,,,http://www.secretariasenado.gov.co/senado/basedoc/constitucion_politica_1991.html
co:cc:c-457:2004,interpreta,co:constitucion:1991:art:55,,,http://www.secretariasenado.gov.co/senado/basedoc/constitucion_politica_1991.html
co:cc:c-1234:2005,interpreta,co:constitucion:1991:art:55,,,http://www.secretariasenado.gov.co/senado/basedoc/constitucion_politica_1991.html
co:cc:c-063:2008,interpreta,co:constitucion:1991:art:55,,,http://www.secretariasenado.gov.co/senado/basedoc/constitucion_politica_1991.html
co:cc:c-562:1992,interpreta,co:constitucion:1991:art:56,,,http://www.secretariasenado.gov.co/senado/basedoc/constitucion_politica_1991.html
co:cc:c-056:1993,interpreta,co:constitucion:1991:art:56,,,http://www.secretariasenado.gov.co/senado/basedoc/constitucion_politica_1991.html
co:cc:c-074:1993,interpreta,co:constitucion:1991:art:56,,,http://www.secretariasenado.gov.co/senado/basedoc/constitucion_politica_1991.html
co:cc:c-112:1993,interpreta,co:constitucion:1991:art:56,,,http://www.secretariasenado.gov.co/senado/basedoc/constitucion_politica_1991.html
co:cc:c-473:1994,interpreta,co:constitucion:1991:art:56,,,http://www.secretariasenado.gov.co/senado/basedoc/constitucion_politica_1991.html
co:cc:c-450:1995,interpreta,co:constitucion:1991:art:56,,,http://www.secretariasenado.gov.co/senado/basedoc/constitucion_politica_1991.html
co:cc:c-432:1996,interpreta,co:constitucion:1991:art:56,,,http://www.secretariasenado.gov.co/senado/basedoc/constitucion_politica_1991.html
co:cc:c-663:2000,interpreta,co:constitucion:1991:art:56,,,http://www.secretariasenado.gov.co/senado/basedoc/constitucion_politica_1991.html
co:cc:c-034:2003,interpreta,co:constitucion:1991:art:56,,,http://www.secretariasenado.gov.co/senado/basedoc/constitucion_politica_1991.html
co:cc:c-305:2004,interpreta,co:constitucion:1991:art:56,,,http://www.secretariasenado.gov.co/senado/basedoc/constitucion_politica_1991.html
co:cc:c-531:2005,interpreta,co:constitucion:1991:art:56,,,http://www.secretariasenado.gov.co/senado/basedoc/constitucion_politica_1991.html
co:cc:c-466:2008,interpreta,co:constitucion:1991:art:56,,,http://www.secretariasenado.gov.co/senado/basedoc/constitucion_politica_1991.html
co:cc:c-691:2008,interpreta,co:constitucion:1991:art:56,,,http://www.secretariasenado.gov.co/senado/basedoc/constitucion_politica_1991.html
co:cc:c-349:2009,interpreta,co:constitucion:1991:art:56,,,http://www.secretariasenado.gov.co/senado/basedoc/constitucion_politica_1991.html
co:cc:c-122:2012,interpreta,co:constitucion:1991:art:56,,,http://www.secretariasenado.gov.co/senado/basedoc/constitucion_politica_1991.html
co:cc:c-796:2014,interpreta,co:constitucion:1991:art:56,,,http://www.secretariasenado.gov.co/senado/basedoc/constitucion_politica_1991.html
co:cc:c-134:2023,interpreta,co:constitucion:1991:art:56,,,http://www.secretariasenado.gov.co/senado/basedoc/constitucion_politica_1991.html
co:cc:c-079:2025,interpreta,co:constitucion:1991:art:56,,,http://www.secretariasenado.gov.co/senado/basedoc/constitucion_politica_1991.html
co:cc:c-037:1994,interpreta,co:constitucion:1991:art:57,,,http://www.secretariasenado.gov.co/senado/basedoc/constitucion_politica_1991.html
co:cc:c-089:1994,interpreta,co:constitucion:1991:art:57,,,http://www.secretariasenado.gov.co/senado/basedoc/constitucion_politica_1991.html
co:cc:c-180:1994,interpreta,co:constitucion:1991:art:57,,,http://www.secretariasenado.gov.co/senado/basedoc/constitucion_politica_1991.html
co:cc:c-211:1994,interpreta,co:constitucion:1991:art:57,,,http://www.secretariasenado.gov.co/senado/basedoc/constitucion_politica_1991.html
co:cc:c-350:2013,interpreta,co:constitucion:1991:art:58,,,http://www.secretariasenado.gov.co/senado/basedoc/constitucion_politica_1991.html
co:acto-legislativo:1:1999:art:1,subroga,co:constitucion:1991:art:58,1999-12-31,fecha aproximada: la fuente solo da el año,http://www.secretariasenado.gov.co/senado/basedoc/constitucion_politica_1991.html
co:cc:c-479:1992,interpreta,co:constitucion:1991:art:58,,,http://www.secretariasenado.gov.co/senado/basedoc/constitucion_politica_1991.html
co:cc:c-546:1992,interpreta,co:constitucion:1991:art:58,,,http://www.secretariasenado.gov.co/senado/basedoc/constitucion_politica_1991.html
co:cc:c-575:1992,interpreta,co:constitucion:1991:art:58,,,http://www.secretariasenado.gov.co/senado/basedoc/constitucion_politica_1991.html
co:cc:c-370:1994,interpreta,co:constitucion:1991:art:58,,,http://www.secretariasenado.gov.co/senado/basedoc/constitucion_politica_1991.html
co:cc:c-606:1992,interpreta,co:constitucion:1991:art:58,,,http://www.secretariasenado.gov.co/senado/basedoc/constitucion_politica_1991.html
co:cc:c-649:1997,interpreta,co:constitucion:1991:art:58,,,http://www.secretariasenado.gov.co/senado/basedoc/constitucion_politica_1991.html
co:cc:c-478:1998,interpreta,co:constitucion:1991:art:58,,,http://www.secretariasenado.gov.co/senado/basedoc/constitucion_politica_1991.html
co:cc:c-595:1999,interpreta,co:constitucion:1991:art:58,,,http://www.secretariasenado.gov.co/senado/basedoc/constitucion_politica_1991.html
co:cc:c-007:2003,interpreta,co:constitucion:1991:art:58,,,http://www.secretariasenado.gov.co/senado/basedoc/constitucion_politica_1991.html
co:cc:c-034:2003,interpreta,co:constitucion:1991:art:58,,,http://www.secretariasenado.gov.co/senado/basedoc/constitucion_politica_1991.html
co:cc:c-038:2003,interpreta,co:constitucion:1991:art:58,,,http://www.secretariasenado.gov.co/senado/basedoc/constitucion_politica_1991.html
co:cc:c-103:2003,interpreta,co:constitucion:1991:art:58,,,http://www.secretariasenado.gov.co/senado/basedoc/constitucion_politica_1991.html
co:cc:c-229:2003,interpreta,co:constitucion:1991:art:58,,,http://www.secretariasenado.gov.co/senado/basedoc/constitucion_politica_1991.html
co:cc:c-355:2003,interpreta,co:constitucion:1991:art:58,,,http://www.secretariasenado.gov.co/senado/basedoc/constitucion_politica_1991.html
co:cc:c-430:2003,interpreta,co:constitucion:1991:art:58,,,http://www.secretariasenado.gov.co/senado/basedoc/constitucion_politica_1991.html
co:cc:c-485:2003,interpreta,co:constitucion:1991:art:58,,,http://www.secretariasenado.gov.co/senado/basedoc/constitucion_politica_1991.html
co:cc:c-531:2003,interpreta,co:constitucion:1991:art:58,,,http://www.secretariasenado.gov.co/senado/basedoc/constitucion_politica_1991.html
co:cc:c-1006:2003,interpreta,co:constitucion:1991:art:58,,,http://www.secretariasenado.gov.co/senado/basedoc/constitucion_politica_1991.html
co:cc:c-017:2004,interpreta,co:constitucion:1991:art:58,,,http://www.secretariasenado.gov.co/senado/basedoc/constitucion_politica_1991.html
co:cc:c-018:2004,interpreta,co:constitucion:1991:art:58,,,http://www.secretariasenado.gov.co/senado/basedoc/constitucion_politica_1991.html
co:cc:c-020:2004,interpreta,co:constitucion:1991:art:58,,,http://www.secretariasenado.gov.co/senado/basedoc/constitucion_politica_1991.html
co:cc:c-023:2004,interpreta,co:constitucion:1991:art:58,,,http://www.secretariasenado.gov.co/senado/basedoc/constitucion_politica_1991.html
co:cc:c-045:2004,interpreta,co:constitucion:1991:art:58,,,http://www.secretariasenado.gov.co/senado/basedoc/constitucion_politica_1991.html
co:cc:c-047:2004,interpreta,co:constitucion:1991:art:58,,,http://www.secretariasenado.gov.co/senado/basedoc/constitucion_politica_1991.html
co:cc:c-076:2004,interpreta,co:constitucion:1991:art:58,,,http://www.secretariasenado.gov.co/senado/basedoc/constitucion_politica_1991.html
co:cc:c-108:2004,interpreta,co:constitucion:1991:art:58,,,http://www.secretariasenado.gov.co/senado/basedoc/constitucion_politica_1991.html
co:cc:c-157:2004,interpreta,co:constitucion:1991:art:58,,,http://www.secretariasenado.gov.co/senado/basedoc/constitucion_politica_1991.html
co:cc:c-237:2004,interpreta,co:constitucion:1991:art:58,,,http://www.secretariasenado.gov.co/senado/basedoc/constitucion_politica_1991.html
co:cc:c-347:2004,interpreta,co:constitucion:1991:art:58,,,http://www.secretariasenado.gov.co/senado/basedoc/constitucion_politica_1991.html
co:cc:c-376:2004,interpreta,co:constitucion:1991:art:58,,,http://www.secretariasenado.gov.co/senado/basedoc/constitucion_politica_1991.html
co:cc:c-474:2004,interpreta,co:constitucion:1991:art:58,,,http://www.secretariasenado.gov.co/senado/basedoc/constitucion_politica_1991.html
co:cc:c-508:2004,interpreta,co:constitucion:1991:art:58,,,http://www.secretariasenado.gov.co/senado/basedoc/constitucion_politica_1991.html
co:cc:c-578:2004,interpreta,co:constitucion:1991:art:58,,,http://www.secretariasenado.gov.co/senado/basedoc/constitucion_politica_1991.html
co:cc:c-864:2004,interpreta,co:constitucion:1991:art:58,,,http://www.secretariasenado.gov.co/senado/basedoc/constitucion_politica_1991.html
co:cc:c-1169:2004,interpreta,co:constitucion:1991:art:58,,,http://www.secretariasenado.gov.co/senado/basedoc/constitucion_politica_1991.html
co:cc:c-177:2005,interpreta,co:constitucion:1991:art:58,,,http://www.secretariasenado.gov.co/senado/basedoc/constitucion_politica_1991.html
co:cc:c-474:2005,interpreta,co:constitucion:1991:art:58,,,http://www.secretariasenado.gov.co/senado/basedoc/constitucion_politica_1991.html
co:cc:c-031:2006,interpreta,co:constitucion:1991:art:58,,,http://www.secretariasenado.gov.co/senado/basedoc/constitucion_politica_1991.html
co:cc:c-078:2006,interpreta,co:constitucion:1991:art:58,,,http://www.secretariasenado.gov.co/senado/basedoc/constitucion_politica_1991.html
co:cc:c-119:2006,interpreta,co:constitucion:1991:art:58,,,http://www.secretariasenado.gov.co/senado/basedoc/constitucion_politica_1991.html
co:cc:c-189:2006,interpreta,co:constitucion:1991:art:58,,,http://www.secretariasenado.gov.co/senado/basedoc/constitucion_politica_1991.html
co:cc:c-473:2006,interpreta,co:constitucion:1991:art:58,,,http://www.secretariasenado.gov.co/senado/basedoc/constitucion_politica_1991.html
co:cc:c-396:2006,interpreta,co:constitucion:1991:art:58,,,http://www.secretariasenado.gov.co/senado/basedoc/constitucion_politica_1991.html
co:cc:c-425:2006,interpreta,co:constitucion:1991:art:58,,,http://www.secretariasenado.gov.co/senado/basedoc/constitucion_politica_1991.html
co:cc:c-475:2006,interpreta,co:constitucion:1991:art:58,,,http://www.secretariasenado.gov.co/senado/basedoc/constitucion_politica_1991.html
co:cc:c-476:2007,interpreta,co:constitucion:1991:art:58,,,http://www.secretariasenado.gov.co/senado/basedoc/constitucion_politica_1991.html
co:cc:c-952:2007,interpreta,co:constitucion:1991:art:58,,,http://www.secretariasenado.gov.co/senado/basedoc/constitucion_politica_1991.html
co:cc:c-597:2010,interpreta,co:constitucion:1991:art:58,,,http://www.secretariasenado.gov.co/senado/basedoc/constitucion_politica_1991.html
co:cc:c-227:2011,interpreta,co:constitucion:1991:art:58,,,http://www.secretariasenado.gov.co/senado/basedoc/constitucion_politica_1991.html
co:cc:c-459:2011,interpreta,co:constitucion:1991:art:58,,,http://www.secretariasenado.gov.co/senado/basedoc/constitucion_politica_1991.html
co:cc:c-287:2012,interpreta,co:constitucion:1991:art:58,,,http://www.secretariasenado.gov.co/senado/basedoc/constitucion_politica_1991.html
co:cc:c-364:2012,interpreta,co:constitucion:1991:art:58,,,http://www.secretariasenado.gov.co/senado/basedoc/constitucion_politica_1991.html
co:cc:c-258:2013,interpreta,co:constitucion:1991:art:58,,,http://www.secretariasenado.gov.co/senado/basedoc/constitucion_politica_1991.html
co:cc:c-306:2013,interpreta,co:constitucion:1991:art:58,,,http://www.secretariasenado.gov.co/senado/basedoc/constitucion_politica_1991.html
co:cc:c-555:2013,interpreta,co:constitucion:1991:art:58,,,http://www.secretariasenado.gov.co/senado/basedoc/constitucion_politica_1991.html
co:cc:c-764:2013,interpreta,co:constitucion:1991:art:58,,,http://www.secretariasenado.gov.co/senado/basedoc/constitucion_politica_1991.html
co:cc:c-278:2014,interpreta,co:constitucion:1991:art:58,,,http://www.secretariasenado.gov.co/senado/basedoc/constitucion_politica_1991.html
co:cc:c-410:2015,interpreta,co:constitucion:1991:art:58,,,http://www.secretariasenado.gov.co/senado/basedoc/constitucion_politica_1991.html
co:cc:c-619:2015,interpreta,co:constitucion:1991:art:58,,,http://www.secretariasenado.gov.co/senado/basedoc/constitucion_politica_1991.html
co:cc:c-669:2015,interpreta,co:constitucion:1991:art:58,,,http://www.secretariasenado.gov.co/senado/basedoc/constitucion_politica_1991.html
co:cc:c-035:2016,interpreta,co:constitucion:1991:art:58,,,http://www.secretariasenado.gov.co/senado/basedoc/constitucion_politica_1991.html
co:cc:c-192:2016,interpreta,co:constitucion:1991:art:58,,,http://www.secretariasenado.gov.co/senado/basedoc/constitucion_politica_1991.html
co:cc:c-619:2016,interpreta,co:constitucion:1991:art:58,,,http://www.secretariasenado.gov.co/senado/basedoc/constitucion_politica_1991.html
co:cc:c-119:2018,interpreta,co:constitucion:1991:art:58,,,http://www.secretariasenado.gov.co/senado/basedoc/constitucion_politica_1991.html
co:cc:c-045:2019,interpreta,co:constitucion:1991:art:58,,,http://www.secretariasenado.gov.co/senado/basedoc/constitucion_politica_1991.html
co:cc:c-406:2021,interpreta,co:constitucion:1991:art:58,,,http://www.secretariasenado.gov.co/senado/basedoc/constitucion_politica_1991.html
co:cc:c-374:2022,interpreta,co:constitucion:1991:art:58,,,http://www.secretariasenado.gov.co/senado/basedoc/constitucion_politica_1991.html
co:cc:c-020:2023,interpreta,co:constitucion:1991:art:58,,,http://www.secretariasenado.gov.co/senado/basedoc/constitucion_politica_1991.html
co:cc:c-426:2023,interpreta,co:constitucion:1991:art:58,,,http://www.secretariasenado.gov.co/senado/basedoc/constitucion_politica_1991.html
co:cc:c-006:1993,interpreta,co:constitucion:1991:art:59,,,http://www.secretariasenado.gov.co/senado/basedoc/constitucion_politica_1991.html
co:cc:c-066:1993,interpreta,co:constitucion:1991:art:59,,,http://www.secretariasenado.gov.co/senado/basedoc/constitucion_politica_1991.html
co:cc:c-153:1994,interpreta,co:constitucion:1991:art:59,,,http://www.secretariasenado.gov.co/senado/basedoc/constitucion_politica_1991.html
co:cc:c-179:1994,interpreta,co:constitucion:1991:art:59,,,http://www.secretariasenado.gov.co/senado/basedoc/constitucion_politica_1991.html
co:cc:c-006:1993,interpreta,co:constitucion:1991:art:60,,,http://www.secretariasenado.gov.co/senado/basedoc/constitucion_politica_1991.html
co:cc:c-074:1993,interpreta,co:constitucion:1991:art:60,,,http://www.secretariasenado.gov.co/senado/basedoc/constitucion_politica_1991.html
co:cc:c-022:1994,interpreta,co:constitucion:1991:art:60,,,http://www.secretariasenado.gov.co/senado/basedoc/constitucion_politica_1991.html
co:cc:c-075:2006,interpreta,co:constitucion:1991:art:60,,,http://www.secretariasenado.gov.co/senado/basedoc/constitucion_politica_1991.html
co:cc:c-885:2007,interpreta,co:constitucion:1991:art:60,,,http://www.secretariasenado.gov.co/senado/basedoc/constitucion_politica_1991.html
co:cc:c-393:2012,interpreta,co:constitucion:1991:art:60,,,http://www.secretariasenado.gov.co/senado/basedoc/constitucion_politica_1991.html
co:cc:c-006:1993,interpreta,co:constitucion:1991:art:61,,,http://www.secretariasenado.gov.co/senado/basedoc/constitucion_politica_1991.html
co:cc:c-095:1993,interpreta,co:constitucion:1991:art:61,,,http://www.secretariasenado.gov.co/senado/basedoc/constitucion_politica_1991.html
co:cc:c-144:1993,interpreta,co:constitucion:1991:art:61,,,http://www.secretariasenado.gov.co/senado/basedoc/constitucion_politica_1991.html
co:cc:c-334:1993,interpreta,co:constitucion:1991:art:61,,,http://www.secretariasenado.gov.co/senado/basedoc/constitucion_politica_1991.html
co:cc:c-337:1993,interpreta,co:constitucion:1991:art:61,,,http://www.secretariasenado.gov.co/senado/basedoc/constitucion_politica_1991.html
co:cc:c-489:1993,interpreta,co:constitucion:1991:art:61,,,http://www.secretariasenado.gov.co/senado/basedoc/constitucion_politica_1991.html
co:cc:c-533:1993,interpreta,co:constitucion:1991:art:61,,,http://www.secretariasenado.gov.co/senado/basedoc/constitucion_politica_1991.html
co:cc:c-519:1999,interpreta,co:constitucion:1991:art:61,,,http://www.secretariasenado.gov.co/senado/basedoc/constitucion_politica_1991.html
co:cc:c-509:2004,interpreta,co:constitucion:1991:art:61,,,http://www.secretariasenado.gov.co/senado/basedoc/constitucion_politica_1991.html
co:cc:c-424:2005,interpreta,co:constitucion:1991:art:61,,,http://www.secretariasenado.gov.co/senado/basedoc/constitucion_politica_1991.html
co:cc:c-833:2007,interpreta,co:constitucion:1991:art:61,,,http://www.secretariasenado.gov.co/senado/basedoc/constitucion_politica_1991.html
co:cc:c-784:2012,interpreta,co:constitucion:1991:art:61,,,http://www.secretariasenado.gov.co/senado/basedoc/constitucion_politica_1991.html
co:cc:c-966:2012,interpreta,co:constitucion:1991:art:61,,,http://www.secretariasenado.gov.co/senado/basedoc/constitucion_politica_1991.html
co:cc:c-1051:2012,interpreta,co:constitucion:1991:art:61,,,http://www.secretariasenado.gov.co/senado/basedoc/constitucion_politica_1991.html
co:cc:c-069:2019,interpreta,co:constitucion:1991:art:61,,,http://www.secretariasenado.gov.co/senado/basedoc/constitucion_politica_1991.html
co:cc:c-083:2022,interpreta,co:constitucion:1991:art:61,,,http://www.secretariasenado.gov.co/senado/basedoc/constitucion_politica_1991.html
co:cc:c-367:1994,interpreta,co:constitucion:1991:art:62,,,http://www.secretariasenado.gov.co/senado/basedoc/constitucion_politica_1991.html
co:cc:c-546:1992,interpreta,co:constitucion:1991:art:63,,,http://www.secretariasenado.gov.co/senado/basedoc/constitucion_politica_1991.html
co:cc:c-013:1993,interpreta,co:constitucion:1991:art:63,,,http://www.secretariasenado.gov.co/senado/basedoc/constitucion_politica_1991.html
co:cc:c-017:1993,interpreta,co:constitucion:1991:art:63,,,http://www.secretariasenado.gov.co/senado/basedoc/constitucion_politica_1991.html
co:cc:c-060:1993,interpreta,co:constitucion:1991:art:63,,,http://www.secretariasenado.gov.co/senado/basedoc/constitucion_politica_1991.html
co:cc:c-204:1993,interpreta,co:constitucion:1991:art:63,,,http://www.secretariasenado.gov.co/senado/basedoc/constitucion_politica_1991.html
co:cc:c-216:1993,interpreta,co:constitucion:1991:art:63,,,http://www.secretariasenado.gov.co/senado/basedoc/constitucion_politica_1991.html
co:cc:c-337:1993,interpreta,co:constitucion:1991:art:63,,,http://www.secretariasenado.gov.co/senado/basedoc/constitucion_politica_1991.html
co:cc:c-103:1994,interpreta,co:constitucion:1991:art:63,,,http://www.secretariasenado.gov.co/senado/basedoc/constitucion_politica_1991.html
co:cc:c-354:1997,interpreta,co:constitucion:1991:art:63,,,http://www.secretariasenado.gov.co/senado/basedoc/constitucion_politica_1991.html
co:cc:c-649:1997,interpreta,co:constitucion:1991:art:63,,,http://www.secretariasenado.gov.co/senado/basedoc/constitucion_politica_1991.html
co:cc:c-191:1998,interpreta,co:constitucion:1991:art:63,,,http://www.secretariasenado.gov.co/senado/basedoc/constitucion_politica_1991.html
co:cc:c-531:1999,interpreta,co:constitucion:1991:art:63,,,http://www.secretariasenado.gov.co/senado/basedoc/constitucion_politica_1991.html
co:cc:c-474:2003,interpreta,co:constitucion:1991:art:63,,,http://www.secretariasenado.gov.co/senado/basedoc/constitucion_politica_1991.html
co:cc:c-568:2003,interpreta,co:constitucion:1991:art:63,,,http://www.secretariasenado.gov.co/senado/basedoc/constitucion_politica_1991.html
co:cc:c-1064:2003,interpreta,co:constitucion:1991:art:63,,,http://www.secretariasenado.gov.co/senado/basedoc/constitucion_politica_1991.html
co:cc:c-1104:2004,interpreta,co:constitucion:1991:art:63,,,http://www.secretariasenado.gov.co/senado/basedoc/constitucion_politica_1991.html
co:cc:c-192:2005,interpreta,co:constitucion:1991:art:63,,,http://www.secretariasenado.gov.co/senado/basedoc/constitucion_politica_1991.html
co:cc:c-668:2005,interpreta,co:constitucion:1991:art:63,,,http://www.secretariasenado.gov.co/senado/basedoc/constitucion_politica_1991.html
co:cc:c-189:2006,interpreta,co:constitucion:1991:art:63,,,http://www.secretariasenado.gov.co/senado/basedoc/constitucion_politica_1991.html
co:cc:c-1154:2008,interpreta,co:constitucion:1991:art:63,,,http://www.secretariasenado.gov.co/senado/basedoc/constitucion_politica_1991.html
co:cc:c-598:2010,interpreta,co:constitucion:1991:art:63,,,http://www.secretariasenado.gov.co/senado/basedoc/constitucion_politica_1991.html
co:cc:c-125:2011,interpreta,co:constitucion:1991:art:63,,,http://www.secretariasenado.gov.co/senado/basedoc/constitucion_politica_1991.html
co:cc:c-822:2011,interpreta,co:constitucion:1991:art:63,,,http://www.secretariasenado.gov.co/senado/basedoc/constitucion_politica_1991.html
co:cc:c-264:2014,interpreta,co:constitucion:1991:art:63,,,http://www.secretariasenado.gov.co/senado/basedoc/constitucion_politica_1991.html
co:cc:c-361:2024,interpreta,co:constitucion:1991:art:63,,,http://www.secretariasenado.gov.co/senado/basedoc/constitucion_politica_1991.html
co:cc:t-002:1992,interpreta,co:constitucion:1991:art:63,,,http://www.secretariasenado.gov.co/senado/basedoc/constitucion_politica_1991.html
co:cc:t-225:1992,interpreta,co:constitucion:1991:art:63,,,http://www.secretariasenado.gov.co/senado/basedoc/constitucion_politica_1991.html
co:cc:t-503:1992,interpreta,co:constitucion:1991:art:63,,,http://www.secretariasenado.gov.co/senado/basedoc/constitucion_politica_1991.html
co:cc:t-551:1992,interpreta,co:constitucion:1991:art:63,,,http://www.secretariasenado.gov.co/senado/basedoc/constitucion_politica_1991.html
co:cc:t-566:1992,interpreta,co:constitucion:1991:art:63,,,http://www.secretariasenado.gov.co/senado/basedoc/constitucion_politica_1991.html
co:cc:t-605:1992,interpreta,co:constitucion:1991:art:63,,,http://www.secretariasenado.gov.co/senado/basedoc/constitucion_politica_1991.html
co:cc:t-908:2005,interpreta,co:constitucion:1991:art:63,,,http://www.secretariasenado.gov.co/senado/basedoc/constitucion_politica_1991.html
co:cc:t-103:2006,interpreta,co:constitucion:1991:art:63,,,http://www.secretariasenado.gov.co/senado/basedoc/constitucion_politica_1991.html
co:cc:t-110:2010,interpreta,co:constitucion:1991:art:63,,,http://www.secretariasenado.gov.co/senado/basedoc/constitucion_politica_1991.html
co:cc:t-895:2010,interpreta,co:constitucion:1991:art:63,,,http://www.secretariasenado.gov.co/senado/basedoc/constitucion_politica_1991.html
co:cc:t-264:2012,interpreta,co:constitucion:1991:art:63,,,http://www.secretariasenado.gov.co/senado/basedoc/constitucion_politica_1991.html
co:cc:t-397:2014,interpreta,co:constitucion:1991:art:63,,,http://www.secretariasenado.gov.co/senado/basedoc/constitucion_politica_1991.html
co:cc:t-488:2014,interpreta,co:constitucion:1991:art:63,,,http://www.secretariasenado.gov.co/senado/basedoc/constitucion_politica_1991.html
co:cc:t-293:2016,interpreta,co:constitucion:1991:art:63,,,http://www.secretariasenado.gov.co/senado/basedoc/constitucion_politica_1991.html
co:cc:c-389:2016,interpreta,co:constitucion:1991:art:63,,,http://www.secretariasenado.gov.co/senado/basedoc/constitucion_politica_1991.html
co:cc:t-105:2025,interpreta,co:constitucion:1991:art:63,,,http://www.secretariasenado.gov.co/senado/basedoc/constitucion_politica_1991.html
co:acto-legislativo:1:2023:art:1,modifica,co:constitucion:1991:art:64,2023-07-05,,http://www.secretariasenado.gov.co/senado/basedoc/constitucion_politica_1991.html
co:cc:c-590:1992,interpreta,co:constitucion:1991:art:64,,,http://www.secretariasenado.gov.co/senado/basedoc/constitucion_politica_1991.html
co:cc:c-006:1993,interpreta,co:constitucion:1991:art:64,,,http://www.secretariasenado.gov.co/senado/basedoc/constitucion_politica_1991.html
co:cc:c-060:1993,interpreta,co:constitucion:1991:art:64,,,http://www.secretariasenado.gov.co/senado/basedoc/constitucion_politica_1991.html
co:cc:c-074:1993,interpreta,co:constitucion:1991:art:64,,,http://www.secretariasenado.gov.co/senado/basedoc/constitucion_politica_1991.html
co:cc:c-467:1993,interpreta,co:constitucion:1991:art:64,,,http://www.secretariasenado.gov.co/senado/basedoc/constitucion_politica_1991.html
co:cc:c-180:2005,interpreta,co:constitucion:1991:art:64,,,http://www.secretariasenado.gov.co/senado/basedoc/constitucion_politica_1991.html
co:cc:c-623:2015,interpreta,co:constitucion:1991:art:64,,,http://www.secretariasenado.gov.co/senado/basedoc/constitucion_politica_1991.html
co:cc:c-077:2017,interpreta,co:constitucion:1991:art:64,,,http://www.secretariasenado.gov.co/senado/basedoc/constitucion_politica_1991.html
co:cc:c-399:2024,interpreta,co:constitucion:1991:art:64,,,http://www.secretariasenado.gov.co/senado/basedoc/constitucion_politica_1991.html
co:acto-legislativo:1:2025:art:1,modifica,co:constitucion:1991:art:65,2025-02-06,,http://www.secretariasenado.gov.co/senado/basedoc/constitucion_politica_1991.html
co:cc:c-590:1992,interpreta,co:constitucion:1991:art:65,,,http://www.secretariasenado.gov.co/senado/basedoc/constitucion_politica_1991.html
co:cc:c-040:1993,interpreta,co:constitucion:1991:art:65,,,http://www.secretariasenado.gov.co/senado/basedoc/constitucion_politica_1991.html
co:cc:c-074:1993,interpreta,co:constitucion:1991:art:65,,,http://www.secretariasenado.gov.co/senado/basedoc/constitucion_politica_1991.html
co:cc:c-216:1993,interpreta,co:constitucion:1991:art:65,,,http://www.secretariasenado.gov.co/senado/basedoc/constitucion_politica_1991.html
co:cc:c-490:1993,interpreta,co:constitucion:1991:art:65,,,http://www.secretariasenado.gov.co/senado/basedoc/constitucion_politica_1991.html
co:cc:c-1:2014,interpreta,co:constitucion:1991:art:65,,,http://www.secretariasenado.gov.co/senado/basedoc/constitucion_politica_1991.html
co:cc:c-165:2015,interpreta,co:constitucion:1991:art:65,,,http://www.secretariasenado.gov.co/senado/basedoc/constitucion_politica_1991.html
co:cc:c-590:1992,interpreta,co:constitucion:1991:art:66,,,http://www.secretariasenado.gov.co/senado/basedoc/constitucion_politica_1991.html
co:cc:c-074:1993,interpreta,co:constitucion:1991:art:66,,,http://www.secretariasenado.gov.co/senado/basedoc/constitucion_politica_1991.html
co:cc:c-021:1994,interpreta,co:constitucion:1991:art:66,,,http://www.secretariasenado.gov.co/senado/basedoc/constitucion_politica_1991.html
co:cc:c-1266:2000,interpreta,co:constitucion:1991:art:66,,,http://www.secretariasenado.gov.co/senado/basedoc/constitucion_politica_1991.html
co:cc:c-1065:2001,interpreta,co:constitucion:1991:art:66,,,http://www.secretariasenado.gov.co/senado/basedoc/constitucion_politica_1991.html
co:cc:c-180:2005,interpreta,co:constitucion:1991:art:66,,,http://www.secretariasenado.gov.co/senado/basedoc/constitucion_politica_1991.html
co:cc:c-376:2010,interpreta,co:constitucion:1991:art:67,,,http://www.secretariasenado.gov.co/senado/basedoc/constitucion_politica_1991.html
co:cc:c-782:2007,interpreta,co:constitucion:1991:art:67,,,http://www.secretariasenado.gov.co/senado/basedoc/constitucion_politica_1991.html
co:cc:c-517:1992,interpreta,co:constitucion:1991:art:67,,,http://www.secretariasenado.gov.co/senado/basedoc/constitucion_politica_1991.html
co:cc:c-580:1992,interpreta,co:constitucion:1991:art:67,,,http://www.secretariasenado.gov.co/senado/basedoc/constitucion_politica_1991.html
co:cc:c-005:1993,interpreta,co:constitucion:1991:art:67,,,http://www.secretariasenado.gov.co/senado/basedoc/constitucion_politica_1991.html
co:cc:c-007:2003,interpreta,co:constitucion:1991:art:67,,,http://www.secretariasenado.gov.co/senado/basedoc/constitucion_politica_1991.html
co:cc:c-066:2003,interpreta,co:constitucion:1991:art:67,,,http://www.secretariasenado.gov.co/senado/basedoc/constitucion_politica_1991.html
co:cc:c-186:2003,interpreta,co:constitucion:1991:art:67,,,http://www.secretariasenado.gov.co/senado/basedoc/constitucion_politica_1991.html
co:cc:c-313:2003,interpreta,co:constitucion:1991:art:67,,,http://www.secretariasenado.gov.co/senado/basedoc/constitucion_politica_1991.html
co:cc:c-104:2004,interpreta,co:constitucion:1991:art:67,,,http://www.secretariasenado.gov.co/senado/basedoc/constitucion_politica_1991.html
co:cc:c-170:2004,interpreta,co:constitucion:1991:art:67,,,http://www.secretariasenado.gov.co/senado/basedoc/constitucion_politica_1991.html
co:cc:c-508:2004,interpreta,co:constitucion:1991:art:67,,,http://www.secretariasenado.gov.co/senado/basedoc/constitucion_politica_1991.html
co:cc:c-654:2007,interpreta,co:constitucion:1991:art:67,,,http://www.secretariasenado.gov.co/senado/basedoc/constitucion_politica_1991.html
co:cc:c-346:2021,interpreta,co:constitucion:1991:art:67,,,http://www.secretariasenado.gov.co/senado/basedoc/constitucion_politica_1991.html
co:cc:c-505:2023,interpreta,co:constitucion:1991:art:67,,,http://www.secretariasenado.gov.co/senado/basedoc/constitucion_politica_1991.html
co:cc:c-016:1993,interpreta,co:constitucion:1991:art:68,,,http://www.secretariasenado.gov.co/senado/basedoc/constitucion_politica_1991.html
co:cc:c-027:1993,interpreta,co:constitucion:1991:art:68,,,http://www.secretariasenado.gov.co/senado/basedoc/constitucion_politica_1991.html
co:cc:c-246:1993,interpreta,co:constitucion:1991:art:68,,,http://www.secretariasenado.gov.co/senado/basedoc/constitucion_politica_1991.html
co:cc:c-344:1993,interpreta,co:constitucion:1991:art:68,,,http://www.secretariasenado.gov.co/senado/basedoc/constitucion_politica_1991.html
co:cc:c-378:1993,interpreta,co:constitucion:1991:art:68,,,http://www.secretariasenado.gov.co/senado/basedoc/constitucion_politica_1991.html
co:cc:c-530:1993,interpreta,co:constitucion:1991:art:68,,,http://www.secretariasenado.gov.co/senado/basedoc/constitucion_politica_1991.html
co:cc:c-186:2003,interpreta,co:constitucion:1991:art:68,,,http://www.secretariasenado.gov.co/senado/basedoc/constitucion_politica_1991.html
co:cc:c-313:2003,interpreta,co:constitucion:1991:art:68,,,http://www.secretariasenado.gov.co/senado/basedoc/constitucion_politica_1991.html
co:cc:c-478:2003,interpreta,co:constitucion:1991:art:68,,,http://www.secretariasenado.gov.co/senado/basedoc/constitucion_politica_1991.html
co:cc:c-104:2004,interpreta,co:constitucion:1991:art:68,,,http://www.secretariasenado.gov.co/senado/basedoc/constitucion_politica_1991.html
co:cc:c-508:2004,interpreta,co:constitucion:1991:art:68,,,http://www.secretariasenado.gov.co/senado/basedoc/constitucion_politica_1991.html
co:cc:c-765:2012,interpreta,co:constitucion:1991:art:68,,,http://www.secretariasenado.gov.co/senado/basedoc/constitucion_politica_1991.html
co:cc:c-517:1992,interpreta,co:constitucion:1991:art:69,,,http://www.secretariasenado.gov.co/senado/basedoc/constitucion_politica_1991.html
co:cc:c-027:1993,interpreta,co:constitucion:1991:art:69,,,http://www.secretariasenado.gov.co/senado/basedoc/constitucion_politica_1991.html
co:cc:c-246:1993,interpreta,co:constitucion:1991:art:69,,,http://www.secretariasenado.gov.co/senado/basedoc/constitucion_politica_1991.html
co:cc:c-378:1993,interpreta,co:constitucion:1991:art:69,,,http://www.secretariasenado.gov.co/senado/basedoc/constitucion_politica_1991.html
co:cc:c-220:1997,interpreta,co:constitucion:1991:art:69,,,http://www.secretariasenado.gov.co/senado/basedoc/constitucion_politica_1991.html
co:cc:c-310:1999,interpreta,co:constitucion:1991:art:69,,,http://www.secretariasenado.gov.co/senado/basedoc/constitucion_politica_1991.html
co:cc:c-1053:2001,interpreta,co:constitucion:1991:art:69,,,http://www.secretariasenado.gov.co/senado/basedoc/constitucion_politica_1991.html
co:cc:c-1317:2001,interpreta,co:constitucion:1991:art:69,,,http://www.secretariasenado.gov.co/senado/basedoc/constitucion_politica_1991.html
co:cc:c-918:2002,interpreta,co:constitucion:1991:art:69,,,http://www.secretariasenado.gov.co/senado/basedoc/constitucion_politica_1991.html
co:cc:c-070:2004,interpreta,co:constitucion:1991:art:69,,,http://www.secretariasenado.gov.co/senado/basedoc/constitucion_politica_1991.html
co:cc:c-926:2005,interpreta,co:constitucion:1991:art:69,,,http://www.secretariasenado.gov.co/senado/basedoc/constitucion_politica_1991.html
co:cc:c-452:2006,interpreta,co:constitucion:1991:art:69,,,http://www.secretariasenado.gov.co/senado/basedoc/constitucion_politica_1991.html
co:cc:c-162:2008,interpreta,co:constitucion:1991:art:69,,,http://www.secretariasenado.gov.co/senado/basedoc/constitucion_politica_1991.html
co:cc:c-507:2008,interpreta,co:constitucion:1991:art:69,,,http://www.secretariasenado.gov.co/senado/basedoc/constitucion_politica_1991.html
co:cc:c-768:2010,interpreta,co:constitucion:1991:art:69,,,http://www.secretariasenado.gov.co/senado/basedoc/constitucion_politica_1991.html
co:cc:c-137:2018,interpreta,co:constitucion:1991:art:69,,,http://www.secretariasenado.gov.co/senado/basedoc/constitucion_politica_1991.html
co:cc:c-346:2021,interpreta,co:constitucion:1991:art:69,,,http://www.secretariasenado.gov.co/senado/basedoc/constitucion_politica_1991.html
co:cc:c-308:2022,interpreta,co:constitucion:1991:art:69,,,http://www.secretariasenado.gov.co/senado/basedoc/constitucion_politica_1991.html
co:cc:c-505:2023,interpreta,co:constitucion:1991:art:69,,,http://www.secretariasenado.gov.co/senado/basedoc/constitucion_politica_1991.html
co:cc:c-477:1992,interpreta,co:constitucion:1991:art:70,,,http://www.secretariasenado.gov.co/senado/basedoc/constitucion_politica_1991.html
co:cc:c-589:1992,interpreta,co:constitucion:1991:art:70,,,http://www.secretariasenado.gov.co/senado/basedoc/constitucion_politica_1991.html
co:cc:c-016:1993,interpreta,co:constitucion:1991:art:70,,,http://www.secretariasenado.gov.co/senado/basedoc/constitucion_politica_1991.html
co:cc:c-027:1993,interpreta,co:constitucion:1991:art:70,,,http://www.secretariasenado.gov.co/senado/basedoc/constitucion_politica_1991.html
co:cc:c-334:1993,interpreta,co:constitucion:1991:art:70,,,http://www.secretariasenado.gov.co/senado/basedoc/constitucion_politica_1991.html
co:cc:c-378:1993,interpreta,co:constitucion:1991:art:70,,,http://www.secretariasenado.gov.co/senado/basedoc/constitucion_politica_1991.html
co:cc:c-489:1993,interpreta,co:constitucion:1991:art:70,,,http://www.secretariasenado.gov.co/senado/basedoc/constitucion_politica_1991.html
co:cc:c-1042:2003,interpreta,co:constitucion:1991:art:70,,,http://www.secretariasenado.gov.co/senado/basedoc/constitucion_politica_1991.html
co:cc:c-070:2004,interpreta,co:constitucion:1991:art:70,,,http://www.secretariasenado.gov.co/senado/basedoc/constitucion_politica_1991.html
co:cc:c-742:2006,interpreta,co:constitucion:1991:art:70,,,http://www.secretariasenado.gov.co/senado/basedoc/constitucion_politica_1991.html
co:cc:c-054:2013,interpreta,co:constitucion:1991:art:70,,,http://www.secretariasenado.gov.co/senado/basedoc/constitucion_politica_1991.html
co:cc:c-264:2014,interpreta,co:constitucion:1991:art:70,,,http://www.secretariasenado.gov.co/senado/basedoc/constitucion_politica_1991.html
co:cc:c-441:2016,interpreta,co:constitucion:1991:art:70,,,http://www.secretariasenado.gov.co/senado/basedoc/constitucion_politica_1991.html
co:cc:c-480:2019,interpreta,co:constitucion:1991:art:70,,,http://www.secretariasenado.gov.co/senado/basedoc/constitucion_politica_1991.html
co:cc:c-433:2021,interpreta,co:constitucion:1991:art:70,,,http://www.secretariasenado.gov.co/senado/basedoc/constitucion_politica_1991.html
co:cc:c-589:1992,interpreta,co:constitucion:1991:art:71,,,http://www.secretariasenado.gov.co/senado/basedoc/constitucion_politica_1991.html
co:cc:c-016:1993,interpreta,co:constitucion:1991:art:71,,,http://www.secretariasenado.gov.co/senado/basedoc/constitucion_politica_1991.html
co:cc:c-086:1993,interpreta,co:constitucion:1991:art:71,,,http://www.secretariasenado.gov.co/senado/basedoc/constitucion_politica_1991.html
co:cc:c-204:1993,interpreta,co:constitucion:1991:art:71,,,http://www.secretariasenado.gov.co/senado/basedoc/constitucion_politica_1991.html
co:cc:c-246:1993,interpreta,co:constitucion:1991:art:71,,,http://www.secretariasenado.gov.co/senado/basedoc/constitucion_politica_1991.html
co:cc:c-378:1993,interpreta,co:constitucion:1991:art:71,,,http://www.secretariasenado.gov.co/senado/basedoc/constitucion_politica_1991.html
co:cc:c-742:2006,interpreta,co:constitucion:1991:art:71,,,http://www.secretariasenado.gov.co/senado/basedoc/constitucion_politica_1991.html
co:cc:c-432:2020,interpreta,co:constitucion:1991:art:71,,,http://www.secretariasenado.gov.co/senado/basedoc/constitucion_politica_1991.html
co:cc:c-124:2022,interpreta,co:constitucion:1991:art:71,,,http://www.secretariasenado.gov.co/senado/basedoc/constitucion_politica_1991.html
co:cc:c-027:1993,interpreta,co:constitucion:1991:art:72,,,http://www.secretariasenado.gov.co/senado/basedoc/constitucion_politica_1991.html
co:cc:c-204:1993,interpreta,co:constitucion:1991:art:72,,,http://www.secretariasenado.gov.co/senado/basedoc/constitucion_politica_1991.html
co:cc:c-246:1993,interpreta,co:constitucion:1991:art:72,,,http://www.secretariasenado.gov.co/senado/basedoc/constitucion_politica_1991.html
co:cc:c-334:1993,interpreta,co:constitucion:1991:art:72,,,http://www.secretariasenado.gov.co/senado/basedoc/constitucion_politica_1991.html
co:cc:c-489:1993,interpreta,co:constitucion:1991:art:72,,,http://www.secretariasenado.gov.co/senado/basedoc/constitucion_politica_1991.html
co:cc:c-191:1998,interpreta,co:constitucion:1991:art:72,,,http://www.secretariasenado.gov.co/senado/basedoc/constitucion_politica_1991.html
co:cc:c-474:2003,interpreta,co:constitucion:1991:art:72,,,http://www.secretariasenado.gov.co/senado/basedoc/constitucion_politica_1991.html
co:cc:c-1042:2003,interpreta,co:constitucion:1991:art:72,,,http://www.secretariasenado.gov.co/senado/basedoc/constitucion_politica_1991.html
co:cc:c-668:2005,interpreta,co:constitucion:1991:art:72,,,http://www.secretariasenado.gov.co/senado/basedoc/constitucion_politica_1991.html
co:cc:c-742:2006,interpreta,co:constitucion:1991:art:72,,,http://www.secretariasenado.gov.co/senado/basedoc/constitucion_politica_1991.html
co:cc:c-943:2008,interpreta,co:constitucion:1991:art:72,,,http://www.secretariasenado.gov.co/senado/basedoc/constitucion_politica_1991.html
co:cc:c-818:2010,interpreta,co:constitucion:1991:art:72,,,http://www.secretariasenado.gov.co/senado/basedoc/constitucion_politica_1991.html
co:cc:c-764:2013,interpreta,co:constitucion:1991:art:72,,,http://www.secretariasenado.gov.co/senado/basedoc/constitucion_politica_1991.html
co:cc:c-082:2014,interpreta,co:constitucion:1991:art:72,,,http://www.secretariasenado.gov.co/senado/basedoc/constitucion_politica_1991.html
co:cc:c-264:2014,interpreta,co:constitucion:1991:art:72,,,http://www.secretariasenado.gov.co/senado/basedoc/constitucion_politica_1991.html
co:cc:c-224:2016,interpreta,co:constitucion:1991:art:72,,,http://www.secretariasenado.gov.co/senado/basedoc/constitucion_politica_1991.html
co:cc:c-441:2016,interpreta,co:constitucion:1991:art:72,,,http://www.secretariasenado.gov.co/senado/basedoc/constitucion_politica_1991.html
co:cc:c-567:2016,interpreta,co:constitucion:1991:art:72,,,http://www.secretariasenado.gov.co/senado/basedoc/constitucion_politica_1991.html
co:cc:c-034:2019,interpreta,co:constitucion:1991:art:72,,,http://www.secretariasenado.gov.co/senado/basedoc/constitucion_politica_1991.html
co:cc:c-082:2020,interpreta,co:constitucion:1991:art:72,,,http://www.secretariasenado.gov.co/senado/basedoc/constitucion_politica_1991.html
co:cc:c-332:2023,interpreta,co:constitucion:1991:art:72,,,http://www.secretariasenado.gov.co/senado/basedoc/constitucion_politica_1991.html
co:cc:c-574:1992,interpreta,co:constitucion:1991:art:73,,,http://www.secretariasenado.gov.co/senado/basedoc/constitucion_politica_1991.html
co:cc:c-033:1993,interpreta,co:constitucion:1991:art:73,,,http://www.secretariasenado.gov.co/senado/basedoc/constitucion_politica_1991.html
co:cc:c-488:1993,interpreta,co:constitucion:1991:art:73,,,http://www.secretariasenado.gov.co/senado/basedoc/constitucion_politica_1991.html
co:cc:c-529:1993,interpreta,co:constitucion:1991:art:73,,,http://www.secretariasenado.gov.co/senado/basedoc/constitucion_politica_1991.html
co:cc:c-087:1998,interpreta,co:constitucion:1991:art:73,,,http://www.secretariasenado.gov.co/senado/basedoc/constitucion_politica_1991.html
co:cc:c-487:2023,interpreta,co:constitucion:1991:art:73,,,http://www.secretariasenado.gov.co/senado/basedoc/constitucion_politica_1991.html
co:cc:c-033:1993,interpreta,co:constitucion:1991:art:74,,,http://www.secretariasenado.gov.co/senado/basedoc/constitucion_politica_1991.html
co:cc:c-035:1993,interpreta,co:constitucion:1991:art:74,,,http://www.secretariasenado.gov.co/senado/basedoc/constitucion_politica_1991.html
co:cc:c-114:1993,interpreta,co:constitucion:1991:art:74,,,http://www.secretariasenado.gov.co/senado/basedoc/constitucion_politica_1991.html
co:cc:c-411:1993,interpreta,co:constitucion:1991:art:74,,,http://www.secretariasenado.gov.co/senado/basedoc/constitucion_politica_1991.html
co:cc:c-466:1993,interpreta,co:constitucion:1991:art:74,,,http://www.secretariasenado.gov.co/senado/basedoc/constitucion_politica_1991.html
co:cc:c-540:1993,interpreta,co:constitucion:1991:art:74,,,http://www.secretariasenado.gov.co/senado/basedoc/constitucion_politica_1991.html
co:cc:c-038:1996,interpreta,co:constitucion:1991:art:74,,,http://www.secretariasenado.gov.co/senado/basedoc/constitucion_politica_1991.html
co:cc:c-891:2002,interpreta,co:constitucion:1991:art:74,,,http://www.secretariasenado.gov.co/senado/basedoc/constitucion_politica_1991.html
co:cc:c-182:2003,interpreta,co:constitucion:1991:art:74,,,http://www.secretariasenado.gov.co/senado/basedoc/constitucion_politica_1991.html
co:cc:c-185:2003,interpreta,co:constitucion:1991:art:74,,,http://www.secretariasenado.gov.co/senado/basedoc/constitucion_politica_1991.html
co:cc:c-1042:2003,interpreta,co:constitucion:1991:art:74,,,http://www.secretariasenado.gov.co/senado/basedoc/constitucion_politica_1991.html
co:cc:c-872:2003,interpreta,co:constitucion:1991:art:74,,,http://www.secretariasenado.gov.co/senado/basedoc/constitucion_politica_1991.html
co:cc:c-336:2007,interpreta,co:constitucion:1991:art:74,,,http://www.secretariasenado.gov.co/senado/basedoc/constitucion_politica_1991.html
co:cc:c-491:2007,interpreta,co:constitucion:1991:art:74,,,http://www.secretariasenado.gov.co/senado/basedoc/constitucion_politica_1991.html
co:cc:c-186:2008,interpreta,co:constitucion:1991:art:74,,,http://www.secretariasenado.gov.co/senado/basedoc/constitucion_politica_1991.html
co:cc:c-1011:2008,interpreta,co:constitucion:1991:art:74,,,http://www.secretariasenado.gov.co/senado/basedoc/constitucion_politica_1991.html
co:cc:c-818:2011,interpreta,co:constitucion:1991:art:74,,,http://www.secretariasenado.gov.co/senado/basedoc/constitucion_politica_1991.html
co:cc:c-200:2012,interpreta,co:constitucion:1991:art:74,,,http://www.secretariasenado.gov.co/senado/basedoc/constitucion_politica_1991.html
co:cc:c-301:2012,interpreta,co:constitucion:1991:art:74,,,http://www.secretariasenado.gov.co/senado/basedoc/constitucion_politica_1991.html
co:cc:c-630:2012,interpreta,co:constitucion:1991:art:74,,,http://www.secretariasenado.gov.co/senado/basedoc/constitucion_politica_1991.html
co:cc:c-540:2012,interpreta,co:constitucion:1991:art:74,,,http://www.secretariasenado.gov.co/senado/basedoc/constitucion_politica_1991.html
co:cc:c-274:2013,interpreta,co:constitucion:1991:art:74,,,http://www.secretariasenado.gov.co/senado/basedoc/constitucion_politica_1991.html
co:cc:c-221:2016,interpreta,co:constitucion:1991:art:74,,,http://www.secretariasenado.gov.co/senado/basedoc/constitucion_politica_1991.html
co:cc:c-429:2020,interpreta,co:constitucion:1991:art:74,,,http://www.secretariasenado.gov.co/senado/basedoc/constitucion_politica_1991.html
co:cc:c-033:1993,interpreta,co:constitucion:1991:art:75,,,http://www.secretariasenado.gov.co/senado/basedoc/constitucion_politica_1991.html
co:cc:c-082:1993,interpreta,co:constitucion:1991:art:75,,,http://www.secretariasenado.gov.co/senado/basedoc/constitucion_politica_1991.html
co:cc:c-127:1993,interpreta,co:constitucion:1991:art:75,,,http://www.secretariasenado.gov.co/senado/basedoc/constitucion_politica_1991.html
co:cc:c-153:1993,interpreta,co:constitucion:1991:art:75,,,http://www.secretariasenado.gov.co/senado/basedoc/constitucion_politica_1991.html
co:cc:c-169:1993,interpreta,co:constitucion:1991:art:75,,,http://www.secretariasenado.gov.co/senado/basedoc/constitucion_politica_1991.html
co:cc:c-196:1993,interpreta,co:constitucion:1991:art:75,,,http://www.secretariasenado.gov.co/senado/basedoc/constitucion_politica_1991.html
co:cc:c-266:1993,interpreta,co:constitucion:1991:art:75,,,http://www.secretariasenado.gov.co/senado/basedoc/constitucion_politica_1991.html
co:cc:c-267:1993,interpreta,co:constitucion:1991:art:75,,,http://www.secretariasenado.gov.co/senado/basedoc/constitucion_politica_1991.html
co:cc:c-268:1993,interpreta,co:constitucion:1991:art:75,,,http://www.secretariasenado.gov.co/senado/basedoc/constitucion_politica_1991.html
co:cc:c-457:1993,interpreta,co:constitucion:1991:art:75,,,http://www.secretariasenado.gov.co/senado/basedoc/constitucion_politica_1991.html
co:cc:c-070:2004,interpreta,co:constitucion:1991:art:75,,,http://www.secretariasenado.gov.co/senado/basedoc/constitucion_politica_1991.html
co:cc:c-151:2004,interpreta,co:constitucion:1991:art:75,,,http://www.secretariasenado.gov.co/senado/basedoc/constitucion_politica_1991.html
co:cc:c-540:2012,interpreta,co:constitucion:1991:art:75,,,http://www.secretariasenado.gov.co/senado/basedoc/constitucion_politica_1991.html
co:cc:c-555:2013,interpreta,co:constitucion:1991:art:75,,,http://www.secretariasenado.gov.co/senado/basedoc/constitucion_politica_1991.html
co:cc:c-519:2016,interpreta,co:constitucion:1991:art:75,,,http://www.secretariasenado.gov.co/senado/basedoc/constitucion_politica_1991.html
co:cc:c-127:2020,interpreta,co:constitucion:1991:art:75,,,http://www.secretariasenado.gov.co/senado/basedoc/constitucion_politica_1991.html
co:cc:c-206:2025,interpreta,co:constitucion:1991:art:75,,,http://www.secretariasenado.gov.co/senado/basedoc/constitucion_politica_1991.html
co:acto-legislativo:2:2011:art:1,deroga,co:constitucion:1991:art:76,2011-06-21,,http://www.secretariasenado.gov.co/senado/basedoc/constitucion_politica_1991.html
co:cc:c-294:2012,declara_exequible,co:constitucion:1991:art:76,2012-04-18,,http://www.secretariasenado.gov.co/senado/basedoc/constitucion_politica_1991.html
co:cc:c-517:1992,interpreta,co:constitucion:1991:art:76,,,http://www.secretariasenado.gov.co/senado/basedoc/constitucion_politica_1991.html
co:cc:c-033:1993,interpreta,co:constitucion:1991:art:76,,,http://www.secretariasenado.gov.co/senado/basedoc/constitucion_politica_1991.html
co:cc:c-082:1993,interpreta,co:constitucion:1991:art:76,,,http://www.secretariasenado.gov.co/senado/basedoc/constitucion_politica_1991.html
co:cc:c-153:1993,interpreta,co:constitucion:1991:art:76,,,http://www.secretariasenado.gov.co/senado/basedoc/constitucion_politica_1991.html
co:cc:c-169:1993,interpreta,co:constitucion:1991:art:76,,,http://www.secretariasenado.gov.co/senado/basedoc/constitucion_politica_1991.html
co:cc:c-196:1993,interpreta,co:constitucion:1991:art:76,,,http://www.secretariasenado.gov.co/senado/basedoc/constitucion_politica_1991.html
co:cc:c-266:1993,interpreta,co:constitucion:1991:art:76,,,http://www.secretariasenado.gov.co/senado/basedoc/constitucion_politica_1991.html
co:cc:c-267:1993,interpreta,co:constitucion:1991:art:76,,,http://www.secretariasenado.gov.co/senado/basedoc/constitucion_politica_1991.html
co:cc:c-268:1993,interpreta,co:constitucion:1991:art:76,,,http://www.secretariasenado.gov.co/senado/basedoc/constitucion_politica_1991.html
co:cc:c-457:1993,interpreta,co:constitucion:1991:art:76,,,http://www.secretariasenado.gov.co/senado/basedoc/constitucion_politica_1991.html
co:cc:c-464:1993,interpreta,co:constitucion:1991:art:76,,,http://www.secretariasenado.gov.co/senado/basedoc/constitucion_politica_1991.html
co:cc:c-351:2004,interpreta,co:constitucion:1991:art:76,,,http://www.secretariasenado.gov.co/senado/basedoc/constitucion_politica_1991.html
co:cc:c-356:2004,interpreta,co:constitucion:1991:art:76,,,http://www.secretariasenado.gov.co/senado/basedoc/constitucion_politica_1991.html
co:cc:c-532:2006,interpreta,co:constitucion:1991:art:76,,,http://www.secretariasenado.gov.co/senado/basedoc/constitucion_politica_1991.html
co:acto-legislativo:2:2011:art:2,modifica,co:constitucion:1991:art:77,2011-06-21,,http://www.secretariasenado.gov.co/senado/basedoc/constitucion_politica_1991.html
co:cc:c-294:2012,declara_exequible,co:constitucion:1991:art:77,2012-04-18,,http://www.secretariasenado.gov.co/senado/basedoc/constitucion_politica_1991.html
co:cc:c-517:1992,interpreta,co:constitucion:1991:art:77,,,http://www.secretariasenado.gov.co/senado/basedoc/constitucion_politica_1991.html
co:cc:c-033:1993,interpreta,co:constitucion:1991:art:77,,,http://www.secretariasenado.gov.co/senado/basedoc/constitucion_politica_1991.html
co:cc:c-189:1994,interpreta,co:constitucion:1991:art:77,,,http://www.secretariasenado.gov.co/senado/basedoc/constitucion_politica_1991.html
co:cc:c-408:1994,interpreta,co:constitucion:1991:art:77,,,http://www.secretariasenado.gov.co/senado/basedoc/constitucion_politica_1991.html
co:cc:c-333:1999,interpreta,co:constitucion:1991:art:77,,,http://www.secretariasenado.gov.co/senado/basedoc/constitucion_politica_1991.html
co:cc:c-351:2004,interpreta,co:constitucion:1991:art:77,,,http://www.secretariasenado.gov.co/senado/basedoc/constitucion_politica_1991.html
co:cc:c-356:2004,interpreta,co:constitucion:1991:art:77,,,http://www.secretariasenado.gov.co/senado/basedoc/constitucion_politica_1991.html
co:cc:c-1172:2005,interpreta,co:constitucion:1991:art:77,,,http://www.secretariasenado.gov.co/senado/basedoc/constitucion_politica_1991.html
co:cc:c-532:2006,interpreta,co:constitucion:1991:art:77,,,http://www.secretariasenado.gov.co/senado/basedoc/constitucion_politica_1991.html
co:cc:c-1001:2007,interpreta,co:constitucion:1991:art:77,,,http://www.secretariasenado.gov.co/senado/basedoc/constitucion_politica_1991.html
co:cc:c-359:2016,interpreta,co:constitucion:1991:art:77,,,http://www.secretariasenado.gov.co/senado/basedoc/constitucion_politica_1991.html
co:cc:c-379:1993,interpreta,co:constitucion:1991:art:78,,,http://www.secretariasenado.gov.co/senado/basedoc/constitucion_politica_1991.html
co:cc:c-488:1993,interpreta,co:constitucion:1991:art:78,,,http://www.secretariasenado.gov.co/senado/basedoc/constitucion_politica_1991.html
co:cc:c-180:1994,interpreta,co:constitucion:1991:art:78,,,http://www.secretariasenado.gov.co/senado/basedoc/constitucion_politica_1991.html
co:cc:c-519:1994,interpreta,co:constitucion:1991:art:78,,,http://www.secretariasenado.gov.co/senado/basedoc/constitucion_politica_1991.html
co:cc:c-831:2007,interpreta,co:constitucion:1991:art:78,,,http://www.secretariasenado.gov.co/senado/basedoc/constitucion_politica_1991.html
co:cc:c-037:2008,interpreta,co:constitucion:1991:art:78,,,http://www.secretariasenado.gov.co/senado/basedoc/constitucion_politica_1991.html
co:cc:c-749:2009,interpreta,co:constitucion:1991:art:78,,,http://www.secretariasenado.gov.co/senado/basedoc/constitucion_politica_1991.html
co:cc:c-592:2012,interpreta,co:constitucion:1991:art:78,,,http://www.secretariasenado.gov.co/senado/basedoc/constitucion_politica_1991.html
co:cc:c-909:2012,interpreta,co:constitucion:1991:art:78,,,http://www.secretariasenado.gov.co/senado/basedoc/constitucion_politica_1991.html
co:cc:c-133:2014,interpreta,co:constitucion:1991:art:78,,,http://www.secretariasenado.gov.co/senado/basedoc/constitucion_politica_1991.html
co:cc:c-583:2015,interpreta,co:constitucion:1991:art:78,,,http://www.secretariasenado.gov.co/senado/basedoc/constitucion_politica_1991.html
co:cc:c-032:2025,interpreta,co:constitucion:1991:art:78,,,http://www.secretariasenado.gov.co/senado/basedoc/constitucion_politica_1991.html
co:cc:c-216:1993,interpreta,co:constitucion:1991:art:79,,,http://www.secretariasenado.gov.co/senado/basedoc/constitucion_politica_1991.html
co:cc:c-337:1993,interpreta,co:constitucion:1991:art:79,,,http://www.secretariasenado.gov.co/senado/basedoc/constitucion_politica_1991.html
co:cc:c-379:1993,interpreta,co:constitucion:1991:art:79,,,http://www.secretariasenado.gov.co/senado/basedoc/constitucion_politica_1991.html
co:cc:c-530:1993,interpreta,co:constitucion:1991:art:79,,,http://www.secretariasenado.gov.co/senado/basedoc/constitucion_politica_1991.html
co:cc:c-649:1997,interpreta,co:constitucion:1991:art:79,,,http://www.secretariasenado.gov.co/senado/basedoc/constitucion_politica_1991.html
co:cc:c-012:2004,interpreta,co:constitucion:1991:art:79,,,http://www.secretariasenado.gov.co/senado/basedoc/constitucion_politica_1991.html
co:cc:c-245:2004,interpreta,co:constitucion:1991:art:79,,,http://www.secretariasenado.gov.co/senado/basedoc/constitucion_politica_1991.html
co:cc:c-474:2004,interpreta,co:constitucion:1991:art:79,,,http://www.secretariasenado.gov.co/senado/basedoc/constitucion_politica_1991.html
co:cc:c-538:2008,interpreta,co:constitucion:1991:art:79,,,http://www.secretariasenado.gov.co/senado/basedoc/constitucion_politica_1991.html
co:cc:c-944:2008,interpreta,co:constitucion:1991:art:79,,,http://www.secretariasenado.gov.co/senado/basedoc/constitucion_politica_1991.html
co:cc:c-443:2009,interpreta,co:constitucion:1991:art:79,,,http://www.secretariasenado.gov.co/senado/basedoc/constitucion_politica_1991.html
co:cc:c-035:2016,interpreta,co:constitucion:1991:art:79,,,http://www.secretariasenado.gov.co/senado/basedoc/constitucion_politica_1991.html
co:cc:c-045:2019,interpreta,co:constitucion:1991:art:79,,,http://www.secretariasenado.gov.co/senado/basedoc/constitucion_politica_1991.html
co:cc:c-300:2021,interpreta,co:constitucion:1991:art:79,,,http://www.secretariasenado.gov.co/senado/basedoc/constitucion_politica_1991.html
co:cc:c-148:2022,interpreta,co:constitucion:1991:art:79,,,http://www.secretariasenado.gov.co/senado/basedoc/constitucion_politica_1991.html
co:cc:c-194:2023,interpreta,co:constitucion:1991:art:79,,,http://www.secretariasenado.gov.co/senado/basedoc/constitucion_politica_1991.html
co:cc:c-280:2024,interpreta,co:constitucion:1991:art:79,,,http://www.secretariasenado.gov.co/senado/basedoc/constitucion_politica_1991.html
co:cc:c-216:1993,interpreta,co:constitucion:1991:art:80,,,http://www.secretariasenado.gov.co/senado/basedoc/constitucion_politica_1991.html
co:cc:c-379:1993,interpreta,co:constitucion:1991:art:80,,,http://www.secretariasenado.gov.co/senado/basedoc/constitucion_politica_1991.html
co:cc:c-464:1993,interpreta,co:constitucion:1991:art:80,,,http://www.secretariasenado.gov.co/senado/basedoc/constitucion_politica_1991.html
co:cc:c-531:1993,interpreta,co:constitucion:1991:art:80,,,http://www.secretariasenado.gov.co/senado/basedoc/constitucion_politica_1991.html
co:cc:c-305:1995,interpreta,co:constitucion:1991:art:80,,,http://www.secretariasenado.gov.co/senado/basedoc/constitucion_politica_1991.html
co:cc:c-894:2003,interpreta,co:constitucion:1991:art:80,,,http://www.secretariasenado.gov.co/senado/basedoc/constitucion_politica_1991.html
co:cc:c-012:2004,interpreta,co:constitucion:1991:art:80,,,http://www.secretariasenado.gov.co/senado/basedoc/constitucion_politica_1991.html
co:cc:c-245:2004,interpreta,co:constitucion:1991:art:80,,,http://www.secretariasenado.gov.co/senado/basedoc/constitucion_politica_1991.html
co:cc:c-462:2008,interpreta,co:constitucion:1991:art:80,,,http://www.secretariasenado.gov.co/senado/basedoc/constitucion_politica_1991.html
co:cc:c-538:2008,interpreta,co:constitucion:1991:art:80,,,http://www.secretariasenado.gov.co/senado/basedoc/constitucion_politica_1991.html
co:cc:c-598:2010,interpreta,co:constitucion:1991:art:80,,,http://www.secretariasenado.gov.co/senado/basedoc/constitucion_politica_1991.html
co:cc:c-045:2019,interpreta,co:constitucion:1991:art:80,,,http://www.secretariasenado.gov.co/senado/basedoc/constitucion_politica_1991.html
co:cc:c-148:2022,interpreta,co:constitucion:1991:art:80,,,http://www.secretariasenado.gov.co/senado/basedoc/constitucion_politica_1991.html
co:cc:c-280:2024,interpreta,co:constitucion:1991:art:80,,,http://www.secretariasenado.gov.co/senado/basedoc/constitucion_politica_1991.html
co:cc:c-519:1994,interpreta,co:constitucion:1991:art:81,,,http://www.secretariasenado.gov.co/senado/basedoc/constitucion_politica_1991.html
co:cc:c-526:1994,interpreta,co:constitucion:1991:art:81,,,http://www.secretariasenado.gov.co/senado/basedoc/constitucion_politica_1991.html
co:cc:c-799:2008,interpreta,co:constitucion:1991:art:81,,,http://www.secretariasenado.gov.co/senado/basedoc/constitucion_politica_1991.html
co:cc:c-350:2013,interpreta,co:constitucion:1991:art:81,,,http://www.secretariasenado.gov.co/senado/basedoc/constitucion_politica_1991.html
co:cc:c-026:1993,interpreta,co:constitucion:1991:art:82,,,http://www.secretariasenado.gov.co/senado/basedoc/constitucion_politica_1991.html
co:cc:c-216:1993,interpreta,co:constitucion:1991:art:82,,,http://www.secretariasenado.gov.co/senado/basedoc/constitucion_politica_1991.html
co:cc:c-295:1993,interpreta,co:constitucion:1991:art:82,,,http://www.secretariasenado.gov.co/senado/basedoc/constitucion_politica_1991.html
co:cc:c-071:1994,interpreta,co:constitucion:1991:art:82,,,http://www.secretariasenado.gov.co/senado/basedoc/constitucion_politica_1991.html
co:cc:c-221:1994,interpreta,co:constitucion:1991:art:82,,,http://www.secretariasenado.gov.co/senado/basedoc/constitucion_politica_1991.html
co:cc:c-519:1994,interpreta,co:constitucion:1991:art:82,,,http://www.secretariasenado.gov.co/senado/basedoc/constitucion_politica_1991.html
co:cc:c-526:1994,interpreta,co:constitucion:1991:art:82,,,http://www.secretariasenado.gov.co/senado/basedoc/constitucion_politica_1991.html
co:cc:c-183:2003,interpreta,co:constitucion:1991:art:82,,,http://www.secretariasenado.gov.co/senado/basedoc/constitucion_politica_1991.html
co:cc:c-568:2003,interpreta,co:constitucion:1991:art:82,,,http://www.secretariasenado.gov.co/senado/basedoc/constitucion_politica_1991.html
co:cc:c-1007:2005,interpreta,co:constitucion:1991:art:82,,,http://www.secretariasenado.gov.co/senado/basedoc/constitucion_politica_1991.html
co:cc:c-192:2016,interpreta,co:constitucion:1991:art:82,,,http://www.secretariasenado.gov.co/senado/basedoc/constitucion_politica_1991.html
co:cc:c-211:2017,interpreta,co:constitucion:1991:art:82,,,http://www.secretariasenado.gov.co/senado/basedoc/constitucion_politica_1991.html
co:cc:c-253:2019,interpreta,co:constitucion:1991:art:82,,,http://www.secretariasenado.gov.co/senado/basedoc/constitucion_politica_1991.html
co:cc:c-511:1992,interpreta,co:constitucion:1991:art:83,,,http://www.secretariasenado.gov.co/senado/basedoc/constitucion_politica_1991.html
co:cc:c-513:1992,interpreta,co:constitucion:1991:art:83,,,http://www.secretariasenado.gov.co/senado/basedoc/constitucion_politica_1991.html
co:cc:c-543:1992,interpreta,co:constitucion:1991:art:83,,,http://www.secretariasenado.gov.co/senado/basedoc/constitucion_politica_1991.html
co:cc:c-557:1992,interpreta,co:constitucion:1991:art:83,,,http://www.secretariasenado.gov.co/senado/basedoc/constitucion_politica_1991.html
co:cc:c-575:1992,interpreta,co:constitucion:1991:art:83,,,http://www.secretariasenado.gov.co/senado/basedoc/constitucion_politica_1991.html
co:cc:c-606:1992,interpreta,co:constitucion:1991:art:83,,,http://www.secretariasenado.gov.co/senado/basedoc/constitucion_politica_1991.html
co:cc:c-544:1994,interpreta,co:constitucion:1991:art:83,,,http://www.secretariasenado.gov.co/senado/basedoc/constitucion_politica_1991.html
co:cc:c-496:1997,interpreta,co:constitucion:1991:art:83,,,http://www.secretariasenado.gov.co/senado/basedoc/constitucion_politica_1991.html
co:cc:c-478:1998,interpreta,co:constitucion:1991:art:83,,,http://www.secretariasenado.gov.co/senado/basedoc/constitucion_politica_1991.html
co:cc:c-038:2003,interpreta,co:constitucion:1991:art:83,,,http://www.secretariasenado.gov.co/senado/basedoc/constitucion_politica_1991.html
co:cc:c-065:2003,interpreta,co:constitucion:1991:art:83,,,http://www.secretariasenado.gov.co/senado/basedoc/constitucion_politica_1991.html
co:cc:c-096:2003,interpreta,co:constitucion:1991:art:83,,,http://www.secretariasenado.gov.co/senado/basedoc/constitucion_politica_1991.html
co:cc:c-099:2003,interpreta,co:constitucion:1991:art:83,,,http://www.secretariasenado.gov.co/senado/basedoc/constitucion_politica_1991.html
co:cc:c-128:2003,interpreta,co:constitucion:1991:art:83,,,http://www.secretariasenado.gov.co/senado/basedoc/constitucion_politica_1991.html
co:cc:c-205:2003,interpreta,co:constitucion:1991:art:83,,,http://www.secretariasenado.gov.co/senado/basedoc/constitucion_politica_1991.html
co:cc:c-429:2003,interpreta,co:constitucion:1991:art:83,,,http://www.secretariasenado.gov.co/senado/basedoc/constitucion_politica_1991.html
co:cc:c-485:2003,interpreta,co:constitucion:1991:art:83,,,http://www.secretariasenado.gov.co/senado/basedoc/constitucion_politica_1991.html
co:cc:c-570:2003,interpreta,co:constitucion:1991:art:83,,,http://www.secretariasenado.gov.co/senado/basedoc/constitucion_politica_1991.html
co:cc:c-942:2003,interpreta,co:constitucion:1991:art:83,,,http://www.secretariasenado.gov.co/senado/basedoc/constitucion_politica_1991.html
co:cc:c-1096:2003,interpreta,co:constitucion:1991:art:83,,,http://www.secretariasenado.gov.co/senado/basedoc/constitucion_politica_1991.html
co:cc:c-071:2004,interpreta,co:constitucion:1991:art:83,,,http://www.secretariasenado.gov.co/senado/basedoc/constitucion_politica_1991.html
co:cc:c-131:2004,interpreta,co:constitucion:1991:art:83,,,http://www.secretariasenado.gov.co/senado/basedoc/constitucion_politica_1991.html
co:cc:c-157:2004,interpreta,co:constitucion:1991:art:83,,,http://www.secretariasenado.gov.co/senado/basedoc/constitucion_politica_1991.html
co:cc:c-349:2004,interpreta,co:constitucion:1991:art:83,,,http://www.secretariasenado.gov.co/senado/basedoc/constitucion_politica_1991.html
co:cc:c-459:2004,interpreta,co:constitucion:1991:art:83,,,http://www.secretariasenado.gov.co/senado/basedoc/constitucion_politica_1991.html
co:cc:c-512:2004,interpreta,co:constitucion:1991:art:83,,,http://www.secretariasenado.gov.co/senado/basedoc/constitucion_politica_1991.html
co:cc:c-513:2004,interpreta,co:constitucion:1991:art:83,,,http://www.secretariasenado.gov.co/senado/basedoc/constitucion_politica_1991.html
co:cc:c-118:2006,interpreta,co:constitucion:1991:art:83,,,http://www.secretariasenado.gov.co/senado/basedoc/constitucion_politica_1991.html
co:cc:c-277:2006,interpreta,co:constitucion:1991:art:83,,,http://www.secretariasenado.gov.co/senado/basedoc/constitucion_politica_1991.html
co:cc:c-392:2006,interpreta,co:constitucion:1991:art:83,,,http://www.secretariasenado.gov.co/senado/basedoc/constitucion_politica_1991.html
co:cc:c-292:2008,interpreta,co:constitucion:1991:art:83,,,http://www.secretariasenado.gov.co/senado/basedoc/constitucion_politica_1991.html
co:cc:c-1194:2008,interpreta,co:constitucion:1991:art:83,,,http://www.secretariasenado.gov.co/senado/basedoc/constitucion_politica_1991.html
co:cc:c-258:2013,interpreta,co:constitucion:1991:art:83,,,http://www.secretariasenado.gov.co/senado/basedoc/constitucion_politica_1991.html
co:cc:c-162:2022,interpreta,co:constitucion:1991:art:83,,,http://www.secretariasenado.gov.co/senado/basedoc/constitucion_politica_1991.html
co:cc:c-384:2023,interpreta,co:constitucion:1991:art:83,,,http://www.secretariasenado.gov.co/senado/basedoc/constitucion_politica_1991.html
co:cc:c-426:2023,interpreta,co:constitucion:1991:art:83,,,http://www.secretariasenado.gov.co/senado/basedoc/constitucion_politica_1991.html
co:cc:c-098:2025,interpreta,co:constitucion:1991:art:83,,,http://www.secretariasenado.gov.co/senado/basedoc/constitucion_politica_1991.html
co:cc:c-546:1992,interpreta,co:constitucion:1991:art:84,,,http://www.secretariasenado.gov.co/senado/basedoc/constitucion_politica_1991.html
co:cc:c-549:1992,interpreta,co:constitucion:1991:art:84,,,http://www.secretariasenado.gov.co/senado/basedoc/constitucion_politica_1991.html
co:cc:c-606:1992,interpreta,co:constitucion:1991:art:84,,,http://www.secretariasenado.gov.co/senado/basedoc/constitucion_politica_1991.html
co:cc:c-017:1993,interpreta,co:constitucion:1991:art:84,,,http://www.secretariasenado.gov.co/senado/basedoc/constitucion_politica_1991.html
co:cc:c-054:1993,interpreta,co:constitucion:1991:art:84,,,http://www.secretariasenado.gov.co/senado/basedoc/constitucion_politica_1991.html
co:cc:c-094:1993,interpreta,co:constitucion:1991:art:84,,,http://www.secretariasenado.gov.co/senado/basedoc/constitucion_politica_1991.html
co:cc:c-114:1993,interpreta,co:constitucion:1991:art:84,,,http://www.secretariasenado.gov.co/senado/basedoc/constitucion_politica_1991.html
co:cc:c-209:1993,interpreta,co:constitucion:1991:art:84,,,http://www.secretariasenado.gov.co/senado/basedoc/constitucion_politica_1991.html
co:cc:c-486:1993,interpreta,co:constitucion:1991:art:84,,,http://www.secretariasenado.gov.co/senado/basedoc/constitucion_politica_1991.html
co:cc:c-569:2004,interpreta,co:constitucion:1991:art:84,,,http://www.secretariasenado.gov.co/senado/basedoc/constitucion_politica_1991.html
co:cc:c-479:1992,interpreta,co:constitucion:1991:art:85,,,http://www.secretariasenado.gov.co/senado/basedoc/constitucion_politica_1991.html
co:cc:c-587:1992,interpreta,co:constitucion:1991:art:85,,,http://www.secretariasenado.gov.co/senado/basedoc/constitucion_politica_1991.html
co:cc:c-301:1993,interpreta,co:constitucion:1991:art:85,,,http://www.secretariasenado.gov.co/senado/basedoc/constitucion_politica_1991.html
co:cc:c-345:1993,interpreta,co:constitucion:1991:art:85,,,http://www.secretariasenado.gov.co/senado/basedoc/constitucion_politica_1991.html
co:cc:c-486:1993,interpreta,co:constitucion:1991:art:85,,,http://www.secretariasenado.gov.co/senado/basedoc/constitucion_politica_1991.html
co:cc:c-234:2003,interpreta,co:constitucion:1991:art:85,,,http://www.secretariasenado.gov.co/senado/basedoc/constitucion_politica_1991.html
co:cc:c-020:2004,interpreta,co:constitucion:1991:art:85,,,http://www.secretariasenado.gov.co/senado/basedoc/constitucion_politica_1991.html
co:cc:c-107:2004,interpreta,co:constitucion:1991:art:85,,,http://www.secretariasenado.gov.co/senado/basedoc/constitucion_politica_1991.html
co:cc:c-541:1992,interpreta,co:constitucion:1991:art:86,,,http://www.secretariasenado.gov.co/senado/basedoc/constitucion_politica_1991.html
co:cc:c-543:1992,interpreta,co:constitucion:1991:art:86,,,http://www.secretariasenado.gov.co/senado/basedoc/constitucion_politica_1991.html
co:cc:c-546:1992,interpreta,co:constitucion:1991:art:86,,,http://www.secretariasenado.gov.co/senado/basedoc/constitucion_politica_1991.html
co:cc:c-587:1992,interpreta,co:constitucion:1991:art:86,,,http://www.secretariasenado.gov.co/senado/basedoc/constitucion_politica_1991.html
co:cc:c-017:1993,interpreta,co:constitucion:1991:art:86,,,http://www.secretariasenado.gov.co/senado/basedoc/constitucion_politica_1991.html
co:cc:c-018:1993,interpreta,co:constitucion:1991:art:86,,,http://www.secretariasenado.gov.co/senado/basedoc/constitucion_politica_1991.html
co:cc:c-054:1993,interpreta,co:constitucion:1991:art:86,,,http://www.secretariasenado.gov.co/senado/basedoc/constitucion_politica_1991.html
co:cc:c-590:2005,interpreta,co:constitucion:1991:art:86,,,http://www.secretariasenado.gov.co/senado/basedoc/constitucion_politica_1991.html
co:cc:c-483:2008,interpreta,co:constitucion:1991:art:86,,,http://www.secretariasenado.gov.co/senado/basedoc/constitucion_politica_1991.html
co:cc:c-378:2010,interpreta,co:constitucion:1991:art:86,,,http://www.secretariasenado.gov.co/senado/basedoc/constitucion_politica_1991.html
co:cc:c-940:2010,interpreta,co:constitucion:1991:art:86,,,http://www.secretariasenado.gov.co/senado/basedoc/constitucion_politica_1991.html
co:cc:c-284:2014,interpreta,co:constitucion:1991:art:86,,,http://www.secretariasenado.gov.co/senado/basedoc/constitucion_politica_1991.html
co:cc:c-367:2014,interpreta,co:constitucion:1991:art:86,,,http://www.secretariasenado.gov.co/senado/basedoc/constitucion_politica_1991.html
co:cc:c-122:2018,interpreta,co:constitucion:1991:art:86,,,http://www.secretariasenado.gov.co/senado/basedoc/constitucion_politica_1991.html
co:cc:c-522:2023,interpreta,co:constitucion:1991:art:86,,,http://www.secretariasenado.gov.co/senado/basedoc/constitucion_politica_1991.html
co:cc:c-599:1992,interpreta,co:constitucion:1991:art:87,,,http://www.secretariasenado.gov.co/senado/basedoc/constitucion_politica_1991.html
co:cc:c-301:1993,interpreta,co:constitucion:1991:art:87,,,http://www.secretariasenado.gov.co/senado/basedoc/constitucion_politica_1991.html
co:cc:c-555:1993,interpreta,co:constitucion:1991:art:87,,,http://www.secretariasenado.gov.co/senado/basedoc/constitucion_politica_1991.html
co:cc:c-020:1994,interpreta,co:constitucion:1991:art:87,,,http://www.secretariasenado.gov.co/senado/basedoc/constitucion_politica_1991.html
co:cc:c-416:1994,interpreta,co:constitucion:1991:art:87,,,http://www.secretariasenado.gov.co/senado/basedoc/constitucion_politica_1991.html
co:cc:c-490:1994,interpreta,co:constitucion:1991:art:87,,,http://www.secretariasenado.gov.co/senado/basedoc/constitucion_politica_1991.html
co:cc:c-566:1994,interpreta,co:constitucion:1991:art:87,,,http://www.secretariasenado.gov.co/senado/basedoc/constitucion_politica_1991.html
co:cc:c-319:2013,interpreta,co:constitucion:1991:art:87,,,http://www.secretariasenado.gov.co/senado/basedoc/constitucion_politica_1991.html
co:cc:c-541:1992,interpreta,co:constitucion:1991:art:88,,,http://www.secretariasenado.gov.co/senado/basedoc/constitucion_politica_1991.html
co:cc:c-018:1993,interpreta,co:constitucion:1991:art:88,,,http://www.secretariasenado.gov.co/senado/basedoc/constitucion_politica_1991.html
co:cc:c-204:1993,interpreta,co:constitucion:1991:art:88,,,http://www.secretariasenado.gov.co/senado/basedoc/constitucion_politica_1991.html
co:cc:c-379:1993,interpreta,co:constitucion:1991:art:88,,,http://www.secretariasenado.gov.co/senado/basedoc/constitucion_politica_1991.html
co:cc:c-531:1993,interpreta,co:constitucion:1991:art:88,,,http://www.secretariasenado.gov.co/senado/basedoc/constitucion_politica_1991.html
co:cc:c-032:2003,interpreta,co:constitucion:1991:art:88,,,http://www.secretariasenado.gov.co/senado/basedoc/constitucion_politica_1991.html
co:cc:c-569:2004,interpreta,co:constitucion:1991:art:88,,,http://www.secretariasenado.gov.co/senado/basedoc/constitucion_politica_1991.html
co:cc:c-622:2007,interpreta,co:constitucion:1991:art:88,,,http://www.secretariasenado.gov.co/senado/basedoc/constitucion_politica_1991.html
co:cc:c-116:2008,interpreta,co:constitucion:1991:art:88,,,http://www.secretariasenado.gov.co/senado/basedoc/constitucion_politica_1991.html
co:cc:c-241:2009,interpreta,co:constitucion:1991:art:88,,,http://www.secretariasenado.gov.co/senado/basedoc/constitucion_politica_1991.html
co:cc:c-630:2011,interpreta,co:constitucion:1991:art:88,,,http://www.secretariasenado.gov.co/senado/basedoc/constitucion_politica_1991.html
co:cc:c-902:2011,interpreta,co:constitucion:1991:art:88,,,http://www.secretariasenado.gov.co/senado/basedoc/constitucion_politica_1991.html
co:cc:c-242:2012,interpreta,co:constitucion:1991:art:88,,,http://www.secretariasenado.gov.co/senado/basedoc/constitucion_politica_1991.html
co:cc:c-284:2014,interpreta,co:constitucion:1991:art:88,,,http://www.secretariasenado.gov.co/senado/basedoc/constitucion_politica_1991.html
co:cc:c-407:2021,interpreta,co:constitucion:1991:art:88,,,http://www.secretariasenado.gov.co/senado/basedoc/constitucion_politica_1991.html
co:cc:c-255:2025,interpreta,co:constitucion:1991:art:88,,,http://www.secretariasenado.gov.co/senado/basedoc/constitucion_politica_1991.html
co:cc:c-587:1992,interpreta,co:constitucion:1991:art:89,,,http://www.secretariasenado.gov.co/senado/basedoc/constitucion_politica_1991.html
co:cc:c-531:1993,interpreta,co:constitucion:1991:art:89,,,http://www.secretariasenado.gov.co/senado/basedoc/constitucion_politica_1991.html
co:cc:c-507:1994,interpreta,co:constitucion:1991:art:89,,,http://www.secretariasenado.gov.co/senado/basedoc/constitucion_politica_1991.html
co:cc:c-513:1994,interpreta,co:constitucion:1991:art:89,,,http://www.secretariasenado.gov.co/senado/basedoc/constitucion_politica_1991.html
co:cc:c-234:2003,interpreta,co:constitucion:1991:art:89,,,http://www.secretariasenado.gov.co/senado/basedoc/constitucion_politica_1991.html
co:cc:c-569:2004,interpreta,co:constitucion:1991:art:89,,,http://www.secretariasenado.gov.co/senado/basedoc/constitucion_politica_1991.html
co:cc:c-556:1992,interpreta,co:constitucion:1991:art:90,,,http://www.secretariasenado.gov.co/senado/basedoc/constitucion_politica_1991.html
co:cc:c-035:1993,interpreta,co:constitucion:1991:art:90,,,http://www.secretariasenado.gov.co/senado/basedoc/constitucion_politica_1991.html
co:cc:c-058:1993,interpreta,co:constitucion:1991:art:90,,,http://www.secretariasenado.gov.co/senado/basedoc/constitucion_politica_1991.html
co:cc:c-136:1993,interpreta,co:constitucion:1991:art:90,,,http://www.secretariasenado.gov.co/senado/basedoc/constitucion_politica_1991.html
co:cc:c-149:1993,interpreta,co:constitucion:1991:art:90,,,http://www.secretariasenado.gov.co/senado/basedoc/constitucion_politica_1991.html
co:cc:c-197:1993,interpreta,co:constitucion:1991:art:90,,,http://www.secretariasenado.gov.co/senado/basedoc/constitucion_politica_1991.html
co:cc:c-214:1993,interpreta,co:constitucion:1991:art:90,,,http://www.secretariasenado.gov.co/senado/basedoc/constitucion_politica_1991.html
co:cc:c-364:1993,interpreta,co:constitucion:1991:art:90,,,http://www.secretariasenado.gov.co/senado/basedoc/constitucion_politica_1991.html
co:cc:c-464:1993,interpreta,co:constitucion:1991:art:90,,,http://www.secretariasenado.gov.co/senado/basedoc/constitucion_politica_1991.html
co:cc:c-531:1993,interpreta,co:constitucion:1991:art:90,,,http://www.secretariasenado.gov.co/senado/basedoc/constitucion_politica_1991.html
co:cc:c-542:1993,interpreta,co:constitucion:1991:art:90,,,http://www.secretariasenado.gov.co/senado/basedoc/constitucion_politica_1991.html
co:cc:c-544:1993,interpreta,co:constitucion:1991:art:90,,,http://www.secretariasenado.gov.co/senado/basedoc/constitucion_politica_1991.html
co:cc:c-430:2000,interpreta,co:constitucion:1991:art:90,,,http://www.secretariasenado.gov.co/senado/basedoc/constitucion_politica_1991.html
co:cc:c-311:2003,interpreta,co:constitucion:1991:art:90,,,http://www.secretariasenado.gov.co/senado/basedoc/constitucion_politica_1991.html
co:cc:c-913:2003,interpreta,co:constitucion:1991:art:90,,,http://www.secretariasenado.gov.co/senado/basedoc/constitucion_politica_1991.html
co:cc:c-1003:2003,interpreta,co:constitucion:1991:art:90,,,http://www.secretariasenado.gov.co/senado/basedoc/constitucion_politica_1991.html
co:cc:c-043:2004,interpreta,co:constitucion:1991:art:90,,,http://www.secretariasenado.gov.co/senado/basedoc/constitucion_politica_1991.html
co:cc:c-125:2004,interpreta,co:constitucion:1991:art:90,,,http://www.secretariasenado.gov.co/senado/basedoc/constitucion_politica_1991.html
co:cc:c-542:2005,interpreta,co:constitucion:1991:art:90,,,http://www.secretariasenado.gov.co/senado/basedoc/constitucion_politica_1991.html
co:cc:c-038:2006,interpreta,co:constitucion:1991:art:90,,,http://www.secretariasenado.gov.co/senado/basedoc/constitucion_politica_1991.html
co:cc:c-338:2006,interpreta,co:constitucion:1991:art:90,,,http://www.secretariasenado.gov.co/senado/basedoc/constitucion_politica_1991.html
co:cc:c-957:2014,interpreta,co:constitucion:1991:art:90,,,http://www.secretariasenado.gov.co/senado/basedoc/constitucion_politica_1991.html
co:cc:c-470:2015,interpreta,co:constitucion:1991:art:90,,,http://www.secretariasenado.gov.co/senado/basedoc/constitucion_politica_1991.html
co:cc:c-286:2017,interpreta,co:constitucion:1991:art:90,,,http://www.secretariasenado.gov.co/senado/basedoc/constitucion_politica_1991.html
co:cc:c-266:2025,interpreta,co:constitucion:1991:art:90,,,http://www.secretariasenado.gov.co/senado/basedoc/constitucion_politica_1991.html
co:cc:c-587:1992,interpreta,co:constitucion:1991:art:91,,,http://www.secretariasenado.gov.co/senado/basedoc/constitucion_politica_1991.html
co:cc:c-034:1993,interpreta,co:constitucion:1991:art:91,,,http://www.secretariasenado.gov.co/senado/basedoc/constitucion_politica_1991.html
co:cc:c-214:1993,interpreta,co:constitucion:1991:art:91,,,http://www.secretariasenado.gov.co/senado/basedoc/constitucion_politica_1991.html
co:cc:c-179:1994,interpreta,co:constitucion:1991:art:91,,,http://www.secretariasenado.gov.co/senado/basedoc/constitucion_politica_1991.html
co:cc:c-431:2004,interpreta,co:constitucion:1991:art:91,,,http://www.secretariasenado.gov.co/senado/basedoc/constitucion_politica_1991.html
co:cc:c-474:2004,interpreta,co:constitucion:1991:art:91,,,http://www.secretariasenado.gov.co/senado/basedoc/constitucion_politica_1991.html
co:cc:c-570:2019,interpreta,co:constitucion:1991:art:91,,,http://www.secretariasenado.gov.co/senado/basedoc/constitucion_politica_1991.html
co:cc:c-587:1992,interpreta,co:constitucion:1991:art:92,,,http://www.secretariasenado.gov.co/senado/basedoc/constitucion_politica_1991.html
co:cc:c-165:1993,interpreta,co:constitucion:1991:art:92,,,http://www.secretariasenado.gov.co/senado/basedoc/constitucion_politica_1991.html
co:cc:c-250:1994,interpreta,co:constitucion:1991:art:92,,,http://www.secretariasenado.gov.co/senado/basedoc/constitucion_politica_1991.html
co:cc:c-221:1992,interpreta,co:constitucion:1991:art:93,,,http://www.secretariasenado.gov.co/senado/basedoc/constitucion_politica_1991.html
co:cc:c-479:1992,interpreta,co:constitucion:1991:art:93,,,http://www.secretariasenado.gov.co/senado/basedoc/constitucion_politica_1991.html
co:cc:c-546:1992,interpreta,co:constitucion:1991:art:93,,,http://www.secretariasenado.gov.co/senado/basedoc/constitucion_politica_1991.html
co:cc:c-556:1992,interpreta,co:constitucion:1991:art:93,,,http://www.secretariasenado.gov.co/senado/basedoc/constitucion_politica_1991.html
co:cc:c-557:1992,interpreta,co:constitucion:1991:art:93,,,http://www.secretariasenado.gov.co/senado/basedoc/constitucion_politica_1991.html
co:cc:c-561:1992,interpreta,co:constitucion:1991:art:93,,,http://www.secretariasenado.gov.co/senado/basedoc/constitucion_politica_1991.html
co:cc:c-562:1992,interpreta,co:constitucion:1991:art:93,,,http://www.secretariasenado.gov.co/senado/basedoc/constitucion_politica_1991.html
co:cc:c-574:1992,interpreta,co:constitucion:1991:art:93,,,http://www.secretariasenado.gov.co/senado/basedoc/constitucion_politica_1991.html
co:cc:c-575:1992,interpreta,co:constitucion:1991:art:93,,,http://www.secretariasenado.gov.co/senado/basedoc/constitucion_politica_1991.html
co:cc:c-531:1993,interpreta,co:constitucion:1991:art:93,,,http://www.secretariasenado.gov.co/senado/basedoc/constitucion_politica_1991.html
co:cc:c-225:1995,interpreta,co:constitucion:1991:art:93,,,http://www.secretariasenado.gov.co/senado/basedoc/constitucion_politica_1991.html
co:cc:c-423:1995,interpreta,co:constitucion:1991:art:93,,,http://www.secretariasenado.gov.co/senado/basedoc/constitucion_politica_1991.html
co:cc:c-578:1995,interpreta,co:constitucion:1991:art:93,,,http://www.secretariasenado.gov.co/senado/basedoc/constitucion_politica_1991.html
co:cc:c-327:1997,interpreta,co:constitucion:1991:art:93,,,http://www.secretariasenado.gov.co/senado/basedoc/constitucion_politica_1991.html
co:cc:c-358:1997,interpreta,co:constitucion:1991:art:93,,,http://www.secretariasenado.gov.co/senado/basedoc/constitucion_politica_1991.html
co:cc:c-155:1998,interpreta,co:constitucion:1991:art:93,,,http://www.secretariasenado.gov.co/senado/basedoc/constitucion_politica_1991.html
co:cc:c-191:1998,interpreta,co:constitucion:1991:art:93,,,http://www.secretariasenado.gov.co/senado/basedoc/constitucion_politica_1991.html
co:cc:c-256:1998,interpreta,co:constitucion:1991:art:93,,,http://www.secretariasenado.gov.co/senado/basedoc/constitucion_politica_1991.html
co:cc:c-400:1998,interpreta,co:constitucion:1991:art:93,,,http://www.secretariasenado.gov.co/senado/basedoc/constitucion_politica_1991.html
co:cc:c-582:1999,interpreta,co:constitucion:1991:art:93,,,http://www.secretariasenado.gov.co/senado/basedoc/constitucion_politica_1991.html
co:cc:c-1022:1999,interpreta,co:constitucion:1991:art:93,,,http://www.secretariasenado.gov.co/senado/basedoc/constitucion_politica_1991.html
co:cc:c-1490:2000,interpreta,co:constitucion:1991:art:93,,,http://www.secretariasenado.gov.co/senado/basedoc/constitucion_politica_1991.html
co:cc:c-067:2003,interpreta,co:constitucion:1991:art:93,,,http://www.secretariasenado.gov.co/senado/basedoc/constitucion_politica_1991.html
co:cc:c-450:2003,interpreta,co:constitucion:1991:art:93,,,http://www.secretariasenado.gov.co/senado/basedoc/constitucion_politica_1991.html
co:cc:c-902:2003,interpreta,co:constitucion:1991:art:93,,,http://www.secretariasenado.gov.co/senado/basedoc/constitucion_politica_1991.html
co:cc:c-014:2004,interpreta,co:constitucion:1991:art:93,,,http://www.secretariasenado.gov.co/senado/basedoc/constitucion_politica_1991.html
co:cc:c-042:2004,interpreta,co:constitucion:1991:art:93,,,http://www.secretariasenado.gov.co/senado/basedoc/constitucion_politica_1991.html
co:cc:c-122:2004,interpreta,co:constitucion:1991:art:93,,,http://www.secretariasenado.gov.co/senado/basedoc/constitucion_politica_1991.html
co:cc:c-247:2004,interpreta,co:constitucion:1991:art:93,,,http://www.secretariasenado.gov.co/senado/basedoc/constitucion_politica_1991.html
co:cc:c-379:2004,interpreta,co:constitucion:1991:art:93,,,http://www.secretariasenado.gov.co/senado/basedoc/constitucion_politica_1991.html
co:cc:c-457:2004,interpreta,co:constitucion:1991:art:93,,,http://www.secretariasenado.gov.co/senado/basedoc/constitucion_politica_1991.html
co:cc:c-988:2004,interpreta,co:constitucion:1991:art:93,,,http://www.secretariasenado.gov.co/senado/basedoc/constitucion_politica_1991.html
co:cc:c-401:2005,interpreta,co:constitucion:1991:art:93,,,http://www.secretariasenado.gov.co/senado/basedoc/constitucion_politica_1991.html
co:cc:c-028:2006,interpreta,co:constitucion:1991:art:93,,,http://www.secretariasenado.gov.co/senado/basedoc/constitucion_politica_1991.html
co:cc:c-047:2006,interpreta,co:constitucion:1991:art:93,,,http://www.secretariasenado.gov.co/senado/basedoc/constitucion_politica_1991.html
co:cc:c-172:2006,interpreta,co:constitucion:1991:art:93,,,http://www.secretariasenado.gov.co/senado/basedoc/constitucion_politica_1991.html
co:cc:c-321:2006,interpreta,co:constitucion:1991:art:93,,,http://www.secretariasenado.gov.co/senado/basedoc/constitucion_politica_1991.html
co:cc:c-339:2006,interpreta,co:constitucion:1991:art:93,,,http://www.secretariasenado.gov.co/senado/basedoc/constitucion_politica_1991.html
co:cc:c-822:2006,interpreta,co:constitucion:1991:art:93,,,http://www.secretariasenado.gov.co/senado/basedoc/constitucion_politica_1991.html
co:cc:c-291:2007,interpreta,co:constitucion:1991:art:93,,,http://www.secretariasenado.gov.co/senado/basedoc/constitucion_politica_1991.html
co:cc:c-063:2008,interpreta,co:constitucion:1991:art:93,,,http://www.secretariasenado.gov.co/senado/basedoc/constitucion_politica_1991.html
co:cc:c-182:2010,interpreta,co:constitucion:1991:art:93,,,http://www.secretariasenado.gov.co/senado/basedoc/constitucion_politica_1991.html
co:cc:c-500:2014,interpreta,co:constitucion:1991:art:93,,,http://www.secretariasenado.gov.co/senado/basedoc/constitucion_politica_1991.html
co:cc:c-327:2016,interpreta,co:constitucion:1991:art:93,,,http://www.secretariasenado.gov.co/senado/basedoc/constitucion_politica_1991.html
co:cc:c-048:2017,interpreta,co:constitucion:1991:art:93,,,http://www.secretariasenado.gov.co/senado/basedoc/constitucion_politica_1991.html
co:cc:c-101:2018,interpreta,co:constitucion:1991:art:93,,,http://www.secretariasenado.gov.co/senado/basedoc/constitucion_politica_1991.html
co:cc:c-069:2020,interpreta,co:constitucion:1991:art:93,,,http://www.secretariasenado.gov.co/senado/basedoc/constitucion_politica_1991.html
co:cc:c-146:2021,interpreta,co:constitucion:1991:art:93,,,http://www.secretariasenado.gov.co/senado/basedoc/constitucion_politica_1991.html
co:cc:c-325:2021,interpreta,co:constitucion:1991:art:93,,,http://www.secretariasenado.gov.co/senado/basedoc/constitucion_politica_1991.html
co:cc:c-110:2022,interpreta,co:constitucion:1991:art:93,,,http://www.secretariasenado.gov.co/senado/basedoc/constitucion_politica_1991.html
co:cc:c-030:2023,interpreta,co:constitucion:1991:art:93,,,http://www.secretariasenado.gov.co/senado/basedoc/constitucion_politica_1991.html
co:cc:c-036:2025,interpreta,co:constitucion:1991:art:93,,,http://www.secretariasenado.gov.co/senado/basedoc/constitucion_politica_1991.html
co:cc:c-217:2026,interpreta,co:constitucion:1991:art:93,,,http://www.secretariasenado.gov.co/senado/basedoc/constitucion_politica_1991.html
co:cc:c-221:1992,interpreta,co:constitucion:1991:art:94,,,http://www.secretariasenado.gov.co/senado/basedoc/constitucion_politica_1991.html
co:cc:c-479:1992,interpreta,co:constitucion:1991:art:94,,,http://www.secretariasenado.gov.co/senado/basedoc/constitucion_politica_1991.html
co:cc:c-546:1992,interpreta,co:constitucion:1991:art:94,,,http://www.secretariasenado.gov.co/senado/basedoc/constitucion_politica_1991.html
co:cc:c-574:1992,interpreta,co:constitucion:1991:art:94,,,http://www.secretariasenado.gov.co/senado/basedoc/constitucion_politica_1991.html
co:cc:c-067:2003,interpreta,co:constitucion:1991:art:94,,,http://www.secretariasenado.gov.co/senado/basedoc/constitucion_politica_1991.html
co:cc:c-101:2018,interpreta,co:constitucion:1991:art:94,,,http://www.secretariasenado.gov.co/senado/basedoc/constitucion_politica_1991.html
co:cc:c-325:2021,interpreta,co:constitucion:1991:art:94,,,http://www.secretariasenado.gov.co/senado/basedoc/constitucion_politica_1991.html
co:cc:c-127:1993,interpreta,co:constitucion:1991:art:95,,,http://www.secretariasenado.gov.co/senado/basedoc/constitucion_politica_1991.html
co:cc:c-131:1993,interpreta,co:constitucion:1991:art:95,,,http://www.secretariasenado.gov.co/senado/basedoc/constitucion_politica_1991.html
co:cc:c-136:1993,interpreta,co:constitucion:1991:art:95,,,http://www.secretariasenado.gov.co/senado/basedoc/constitucion_politica_1991.html
co:cc:c-165:1993,interpreta,co:constitucion:1991:art:95,,,http://www.secretariasenado.gov.co/senado/basedoc/constitucion_politica_1991.html
co:cc:c-204:1993,interpreta,co:constitucion:1991:art:95,,,http://www.secretariasenado.gov.co/senado/basedoc/constitucion_politica_1991.html
co:cc:c-216:1993,interpreta,co:constitucion:1991:art:95,,,http://www.secretariasenado.gov.co/senado/basedoc/constitucion_politica_1991.html
co:cc:c-454:1993,interpreta,co:constitucion:1991:art:95,,,http://www.secretariasenado.gov.co/senado/basedoc/constitucion_politica_1991.html
co:cc:c-486:1993,interpreta,co:constitucion:1991:art:95,,,http://www.secretariasenado.gov.co/senado/basedoc/constitucion_politica_1991.html
co:cc:c-488:1993,interpreta,co:constitucion:1991:art:95,,,http://www.secretariasenado.gov.co/senado/basedoc/constitucion_politica_1991.html
co:cc:c-250:2003,interpreta,co:constitucion:1991:art:95,,,http://www.secretariasenado.gov.co/senado/basedoc/constitucion_politica_1991.html
co:cc:c-041:2004,interpreta,co:constitucion:1991:art:95,,,http://www.secretariasenado.gov.co/senado/basedoc/constitucion_politica_1991.html
co:cc:c-376:2004,interpreta,co:constitucion:1991:art:95,,,http://www.secretariasenado.gov.co/senado/basedoc/constitucion_politica_1991.html
co:cc:c-540:1993,interpreta,co:constitucion:1991:art:95,,,http://www.secretariasenado.gov.co/senado/basedoc/constitucion_politica_1991.html
co:cc:c-542:1993,interpreta,co:constitucion:1991:art:95,,,http://www.secretariasenado.gov.co/senado/basedoc/constitucion_politica_1991.html
co:cc:c-565:1993,interpreta,co:constitucion:1991:art:95,,,http://www.secretariasenado.gov.co/senado/basedoc/constitucion_politica_1991.html
co:cc:c-564:1992,interpreta,co:constitucion:1991:art:95,,,http://www.secretariasenado.gov.co/senado/basedoc/constitucion_politica_1991.html
co:cc:c-575:1992,interpreta,co:constitucion:1991:art:95,,,http://www.secretariasenado.gov.co/senado/basedoc/constitucion_politica_1991.html
co:cc:c-134:1993,interpreta,co:constitucion:1991:art:95,,,http://www.secretariasenado.gov.co/senado/basedoc/constitucion_politica_1991.html
co:cc:c-197:1993,interpreta,co:constitucion:1991:art:95,,,http://www.secretariasenado.gov.co/senado/basedoc/constitucion_politica_1991.html
co:cc:c-411:1993,interpreta,co:constitucion:1991:art:95,,,http://www.secretariasenado.gov.co/senado/basedoc/constitucion_politica_1991.html
co:cc:c-122:1999,interpreta,co:constitucion:1991:art:95,,,http://www.secretariasenado.gov.co/senado/basedoc/constitucion_politica_1991.html
co:cc:c-246:2002,interpreta,co:constitucion:1991:art:95,,,http://www.secretariasenado.gov.co/senado/basedoc/constitucion_politica_1991.html
co:cc:c-400:2003,interpreta,co:constitucion:1991:art:95,,,http://www.secretariasenado.gov.co/senado/basedoc/constitucion_politica_1991.html
co:cc:c-459:2004,interpreta,co:constitucion:1991:art:95,,,http://www.secretariasenado.gov.co/senado/basedoc/constitucion_politica_1991.html
co:cc:c-512:2004,interpreta,co:constitucion:1991:art:95,,,http://www.secretariasenado.gov.co/senado/basedoc/constitucion_politica_1991.html
co:cc:c-313:2013,interpreta,co:constitucion:1991:art:95,,,http://www.secretariasenado.gov.co/senado/basedoc/constitucion_politica_1991.html
co:cc:c-793:2014,interpreta,co:constitucion:1991:art:95,,,http://www.secretariasenado.gov.co/senado/basedoc/constitucion_politica_1991.html
co:cc:c-343:2017,interpreta,co:constitucion:1991:art:95,,,http://www.secretariasenado.gov.co/senado/basedoc/constitucion_politica_1991.html
co:cc:c-075:1993,interpreta,co:constitucion:1991:art:95,,,http://www.secretariasenado.gov.co/senado/basedoc/constitucion_politica_1991.html
co:cc:c-058:1994,interpreta,co:constitucion:1991:art:95,,,http://www.secretariasenado.gov.co/senado/basedoc/constitucion_politica_1991.html
co:cc:c-511:1994,interpreta,co:constitucion:1991:art:95,,,http://www.secretariasenado.gov.co/senado/basedoc/constitucion_politica_1991.html
co:cc:c-519:1994,interpreta,co:constitucion:1991:art:95,,,http://www.secretariasenado.gov.co/senado/basedoc/constitucion_politica_1991.html
co:cc:c-415:1993,interpreta,co:constitucion:1991:art:95,,,http://www.secretariasenado.gov.co/senado/basedoc/constitucion_politica_1991.html
co:cc:c-307:2004,interpreta,co:constitucion:1991:art:95,,,http://www.secretariasenado.gov.co/senado/basedoc/constitucion_politica_1991.html
co:cc:c-077:1993,interpreta,co:constitucion:1991:art:95,,,http://www.secretariasenado.gov.co/senado/basedoc/constitucion_politica_1991.html
co:cc:c-169:1993,interpreta,co:constitucion:1991:art:95,,,http://www.secretariasenado.gov.co/senado/basedoc/constitucion_politica_1991.html
co:cc:c-266:1993,interpreta,co:constitucion:1991:art:95,,,http://www.secretariasenado.gov.co/senado/basedoc/constitucion_politica_1991.html
co:cc:c-267:1993,interpreta,co:constitucion:1991:art:95,,,http://www.secretariasenado.gov.co/senado/basedoc/constitucion_politica_1991.html
co:cc:c-268:1993,interpreta,co:constitucion:1991:art:95,,,http://www.secretariasenado.gov.co/senado/basedoc/constitucion_politica_1991.html
co:cc:c-464:1993,interpreta,co:constitucion:1991:art:95,,,http://www.secretariasenado.gov.co/senado/basedoc/constitucion_politica_1991.html
co:cc:c-525:2023,interpreta,co:constitucion:1991:art:95,,,http://www.secretariasenado.gov.co/senado/basedoc/constitucion_politica_1991.html
co:cc:c-513:1992,interpreta,co:constitucion:1991:art:95,,,http://www.secretariasenado.gov.co/senado/basedoc/constitucion_politica_1991.html
co:cc:c-035:1993,interpreta,co:constitucion:1991:art:95,,,http://www.secretariasenado.gov.co/senado/basedoc/constitucion_politica_1991.html
co:cc:c-052:1993,interpreta,co:constitucion:1991:art:95,,,http://www.secretariasenado.gov.co/senado/basedoc/constitucion_politica_1991.html
co:cc:c-053:1993,interpreta,co:constitucion:1991:art:95,,,http://www.secretariasenado.gov.co/senado/basedoc/constitucion_politica_1991.html
co:cc:c-171:1993,interpreta,co:constitucion:1991:art:95,,,http://www.secretariasenado.gov.co/senado/basedoc/constitucion_politica_1991.html
co:cc:c-207:1993,interpreta,co:constitucion:1991:art:95,,,http://www.secretariasenado.gov.co/senado/basedoc/constitucion_politica_1991.html
co:cc:c-214:1993,interpreta,co:constitucion:1991:art:95,,,http://www.secretariasenado.gov.co/senado/basedoc/constitucion_politica_1991.html
co:cc:c-379:1993,interpreta,co:constitucion:1991:art:95,,,http://www.secretariasenado.gov.co/senado/basedoc/constitucion_politica_1991.html
co:cc:c-530:1993,interpreta,co:constitucion:1991:art:95,,,http://www.secretariasenado.gov.co/senado/basedoc/constitucion_politica_1991.html
co:cc:c-059:1994,interpreta,co:constitucion:1991:art:95,,,http://www.secretariasenado.gov.co/senado/basedoc/constitucion_politica_1991.html
co:cc:c-318:1994,interpreta,co:constitucion:1991:art:95,,,http://www.secretariasenado.gov.co/senado/basedoc/constitucion_politica_1991.html
co:cc:c-423:1994,interpreta,co:constitucion:1991:art:95,,,http://www.secretariasenado.gov.co/senado/basedoc/constitucion_politica_1991.html
co:cc:c-510:1992,interpreta,co:constitucion:1991:art:95,,,http://www.secretariasenado.gov.co/senado/basedoc/constitucion_politica_1991.html
co:cc:c-541:1992,interpreta,co:constitucion:1991:art:95,,,http://www.secretariasenado.gov.co/senado/basedoc/constitucion_politica_1991.html
co:cc:c-580:1992,interpreta,co:constitucion:1991:art:95,,,http://www.secretariasenado.gov.co/senado/basedoc/constitucion_politica_1991.html
co:cc:c-587:1992,interpreta,co:constitucion:1991:art:95,,,http://www.secretariasenado.gov.co/senado/basedoc/constitucion_politica_1991.html
co:cc:c-608:1992,interpreta,co:constitucion:1991:art:95,,,http://www.secretariasenado.gov.co/senado/basedoc/constitucion_politica_1991.html
co:cc:c-003:1993,interpreta,co:constitucion:1991:art:95,,,http://www.secretariasenado.gov.co/senado/basedoc/constitucion_politica_1991.html
co:cc:c-015:1993,interpreta,co:constitucion:1991:art:95,,,http://www.secretariasenado.gov.co/senado/basedoc/constitucion_politica_1991.html
co:cc:c-025:1993,interpreta,co:constitucion:1991:art:95,,,http://www.secretariasenado.gov.co/senado/basedoc/constitucion_politica_1991.html
co:cc:c-033:1993,interpreta,co:constitucion:1991:art:95,,,http://www.secretariasenado.gov.co/senado/basedoc/constitucion_politica_1991.html
co:cc:c-040:1993,interpreta,co:constitucion:1991:art:95,,,http://www.secretariasenado.gov.co/senado/basedoc/constitucion_politica_1991.html
co:cc:c-094:1993,interpreta,co:constitucion:1991:art:95,,,http://www.secretariasenado.gov.co/senado/basedoc/constitucion_politica_1991.html
co:cc:c-103:1993,interpreta,co:constitucion:1991:art:95,,,http://www.secretariasenado.gov.co/senado/basedoc/constitucion_politica_1991.html
co:cc:c-252:1997,interpreta,co:constitucion:1991:art:95,,,http://www.secretariasenado.gov.co/senado/basedoc/constitucion_politica_1991.html
co:cc:c-160:1998,interpreta,co:constitucion:1991:art:95,,,http://www.secretariasenado.gov.co/senado/basedoc/constitucion_politica_1991.html
co:cc:c-872:2002,interpreta,co:constitucion:1991:art:95,,,http://www.secretariasenado.gov.co/senado/basedoc/constitucion_politica_1991.html
co:cc:c-231:2003,interpreta,co:constitucion:1991:art:95,,,http://www.secretariasenado.gov.co/senado/basedoc/constitucion_politica_1991.html
co:cc:c-913:2003,interpreta,co:constitucion:1991:art:95,,,http://www.secretariasenado.gov.co/senado/basedoc/constitucion_politica_1991.html
co:cc:c-1017:2003,interpreta,co:constitucion:1991:art:95,,,http://www.secretariasenado.gov.co/senado/basedoc/constitucion_politica_1991.html
co:cc:c-229:2004,interpreta,co:constitucion:1991:art:95,,,http://www.secretariasenado.gov.co/senado/basedoc/constitucion_politica_1991.html
co:cc:c-374:2004,interpreta,co:constitucion:1991:art:95,,,http://www.secretariasenado.gov.co/senado/basedoc/constitucion_politica_1991.html
co:cc:c-461:2004,interpreta,co:constitucion:1991:art:95,,,http://www.secretariasenado.gov.co/senado/basedoc/constitucion_politica_1991.html
co:cc:c-475:2004,interpreta,co:constitucion:1991:art:95,,,http://www.secretariasenado.gov.co/senado/basedoc/constitucion_politica_1991.html
co:cc:c-536:2006,interpreta,co:constitucion:1991:art:95,,,http://www.secretariasenado.gov.co/senado/basedoc/constitucion_politica_1991.html
co:cc:c-833:2013,interpreta,co:constitucion:1991:art:95,,,http://www.secretariasenado.gov.co/senado/basedoc/constitucion_politica_1991.html
co:cc:c-743:2015,interpreta,co:constitucion:1991:art:95,,,http://www.secretariasenado.gov.co/senado/basedoc/constitucion_politica_1991.html
co:cc:c-388:2016,interpreta,co:constitucion:1991:art:95,,,http://www.secretariasenado.gov.co/senado/basedoc/constitucion_politica_1991.html
co:cc:c-010:2018,interpreta,co:constitucion:1991:art:95,,,http://www.secretariasenado.gov.co/senado/basedoc/constitucion_politica_1991.html
co:cc:c-060:2018,interpreta,co:constitucion:1991:art:95,,,http://www.secretariasenado.gov.co/senado/basedoc/constitucion_politica_1991.html
co:cc:c-088:2018,interpreta,co:constitucion:1991:art:95,,,http://www.secretariasenado.gov.co/senado/basedoc/constitucion_politica_1991.html
co:cc:c-120:2018,interpreta,co:constitucion:1991:art:95,,,http://www.secretariasenado.gov.co/senado/basedoc/constitucion_politica_1991.html
co:cc:c-514:2019,interpreta,co:constitucion:1991:art:95,,,http://www.secretariasenado.gov.co/senado/basedoc/constitucion_politica_1991.html
co:cc:c-486:2020,interpreta,co:constitucion:1991:art:95,,,http://www.secretariasenado.gov.co/senado/basedoc/constitucion_politica_1991.html
co:cc:c-057:2021,interpreta,co:constitucion:1991:art:95,,,http://www.secretariasenado.gov.co/senado/basedoc/constitucion_politica_1991.html
co:cc:c-059:2021,interpreta,co:constitucion:1991:art:95,,,http://www.secretariasenado.gov.co/senado/basedoc/constitucion_politica_1991.html
co:cc:c-061:2021,interpreta,co:constitucion:1991:art:95,,,http://www.secretariasenado.gov.co/senado/basedoc/constitucion_politica_1991.html
co:cc:c-389:2023,interpreta,co:constitucion:1991:art:95,,,http://www.secretariasenado.gov.co/senado/basedoc/constitucion_politica_1991.html
co:cc:c-489:2023,interpreta,co:constitucion:1991:art:95,,,http://www.secretariasenado.gov.co/senado/basedoc/constitucion_politica_1991.html
co:acto-legislativo:1:2002:art:1,modifica,co:constitucion:1991:art:96,2002-01-31,,http://www.secretariasenado.gov.co/senado/basedoc/constitucion_politica_1991.html
co:cc:c-003:1993,interpreta,co:constitucion:1991:art:96,,,http://www.secretariasenado.gov.co/senado/basedoc/constitucion_politica_1991.html
co:cc:c-027:1993,interpreta,co:constitucion:1991:art:96,,,http://www.secretariasenado.gov.co/senado/basedoc/constitucion_politica_1991.html
co:cc:c-893:2009,interpreta,co:constitucion:1991:art:96,,,http://www.secretariasenado.gov.co/senado/basedoc/constitucion_politica_1991.html
co:cc:c-179:1994,interpreta,co:constitucion:1991:art:97,,,http://www.secretariasenado.gov.co/senado/basedoc/constitucion_politica_1991.html
co:cc:c-003:1993,interpreta,co:constitucion:1991:art:98,,,http://www.secretariasenado.gov.co/senado/basedoc/constitucion_politica_1991.html
co:cc:c-329:2003,interpreta,co:constitucion:1991:art:98,,,http://www.secretariasenado.gov.co/senado/basedoc/constitucion_politica_1991.html
co:cc:c-523:2003,interpreta,co:constitucion:1991:art:98,,,http://www.secretariasenado.gov.co/senado/basedoc/constitucion_politica_1991.html
co:cc:c-862:2012,interpreta,co:constitucion:1991:art:98,,,http://www.secretariasenado.gov.co/senado/basedoc/constitucion_politica_1991.html
co:cc:c-027:1993,interpreta,co:constitucion:1991:art:99,,,http://www.secretariasenado.gov.co/senado/basedoc/constitucion_politica_1991.html
co:cc:c-545:1993,interpreta,co:constitucion:1991:art:99,,,http://www.secretariasenado.gov.co/senado/basedoc/constitucion_politica_1991.html
co:cc:c-406:1994,interpreta,co:constitucion:1991:art:99,,,http://www.secretariasenado.gov.co/senado/basedoc/constitucion_politica_1991.html
co:cc:c-523:2003,interpreta,co:constitucion:1991:art:99,,,http://www.secretariasenado.gov.co/senado/basedoc/constitucion_politica_1991.html
co:cc:c-003:1993,interpreta,co:constitucion:1991:art:100,,,http://www.secretariasenado.gov.co/senado/basedoc/constitucion_politica_1991.html
co:cc:c-094:1993,interpreta,co:constitucion:1991:art:100,,,http://www.secretariasenado.gov.co/senado/basedoc/constitucion_politica_1991.html
co:cc:c-115:1993,interpreta,co:constitucion:1991:art:100,,,http://www.secretariasenado.gov.co/senado/basedoc/constitucion_politica_1991.html
co:cc:c-454:1993,interpreta,co:constitucion:1991:art:100,,,http://www.secretariasenado.gov.co/senado/basedoc/constitucion_politica_1991.html
co:cc:c-179:1994,interpreta,co:constitucion:1991:art:100,,,http://www.secretariasenado.gov.co/senado/basedoc/constitucion_politica_1991.html
co:cc:c-1259:2001,interpreta,co:constitucion:1991:art:100,,,http://www.secretariasenado.gov.co/senado/basedoc/constitucion_politica_1991.html
co:cc:c-523:2003,interpreta,co:constitucion:1991:art:100,,,http://www.secretariasenado.gov.co/senado/basedoc/constitucion_politica_1991.html
co:cc:c-913:2003,interpreta,co:constitucion:1991:art:100,,,http://www.secretariasenado.gov.co/senado/basedoc/constitucion_politica_1991.html
co:cc:c-1058:2003,interpreta,co:constitucion:1991:art:100,,,http://www.secretariasenado.gov.co/senado/basedoc/constitucion_politica_1991.html
co:cc:c-070:2004,interpreta,co:constitucion:1991:art:100,,,http://www.secretariasenado.gov.co/senado/basedoc/constitucion_politica_1991.html
co:cc:c-249:2004,interpreta,co:constitucion:1991:art:100,,,http://www.secretariasenado.gov.co/senado/basedoc/constitucion_politica_1991.html
co:cc:c-238:2006,interpreta,co:constitucion:1991:art:100,,,http://www.secretariasenado.gov.co/senado/basedoc/constitucion_politica_1991.html
co:cc:c-311:2007,interpreta,co:constitucion:1991:art:100,,,http://www.secretariasenado.gov.co/senado/basedoc/constitucion_politica_1991.html
co:cc:c-834:2007,interpreta,co:constitucion:1991:art:100,,,http://www.secretariasenado.gov.co/senado/basedoc/constitucion_politica_1991.html
co:cc:c-292:2008,interpreta,co:constitucion:1991:art:100,,,http://www.secretariasenado.gov.co/senado/basedoc/constitucion_politica_1991.html
co:cc:c-123:2011,interpreta,co:constitucion:1991:art:100,,,http://www.secretariasenado.gov.co/senado/basedoc/constitucion_politica_1991.html
co:cc:c-725:2015,interpreta,co:constitucion:1991:art:100,,,http://www.secretariasenado.gov.co/senado/basedoc/constitucion_politica_1991.html
co:cc:c-574:1992,interpreta,co:constitucion:1991:art:101,,,http://www.secretariasenado.gov.co/senado/basedoc/constitucion_politica_1991.html
co:cc:c-027:1993,interpreta,co:constitucion:1991:art:101,,,http://www.secretariasenado.gov.co/senado/basedoc/constitucion_politica_1991.html
co:cc:c-060:1993,interpreta,co:constitucion:1991:art:101,,,http://www.secretariasenado.gov.co/senado/basedoc/constitucion_politica_1991.html
co:cc:c-216:1993,interpreta,co:constitucion:1991:art:101,,,http://www.secretariasenado.gov.co/senado/basedoc/constitucion_politica_1991.html
co:cc:c-457:1993,interpreta,co:constitucion:1991:art:101,,,http://www.secretariasenado.gov.co/senado/basedoc/constitucion_politica_1991.html
co:cc:c-067:2003,interpreta,co:constitucion:1991:art:101,,,http://www.secretariasenado.gov.co/senado/basedoc/constitucion_politica_1991.html
co:cc:c-278:2004,interpreta,co:constitucion:1991:art:101,,,http://www.secretariasenado.gov.co/senado/basedoc/constitucion_politica_1991.html
co:cc:c-269:2014,interpreta,co:constitucion:1991:art:101,,,http://www.secretariasenado.gov.co/senado/basedoc/constitucion_politica_1991.html
co:cc:c-060:1993,interpreta,co:constitucion:1991:art:102,,,http://www.secretariasenado.gov.co/senado/basedoc/constitucion_politica_1991.html
co:cc:c-096:1993,interpreta,co:constitucion:1991:art:102,,,http://www.secretariasenado.gov.co/senado/basedoc/constitucion_politica_1991.html
co:cc:c-216:1993,interpreta,co:constitucion:1991:art:102,,,http://www.secretariasenado.gov.co/senado/basedoc/constitucion_politica_1991.html
co:cc:c-189:1994,interpreta,co:constitucion:1991:art:102,,,http://www.secretariasenado.gov.co/senado/basedoc/constitucion_politica_1991.html
co:cc:c-067:2003,interpreta,co:constitucion:1991:art:102,,,http://www.secretariasenado.gov.co/senado/basedoc/constitucion_politica_1991.html
co:cc:c-568:2003,interpreta,co:constitucion:1991:art:102,,,http://www.secretariasenado.gov.co/senado/basedoc/constitucion_politica_1991.html
co:cc:c-278:2004,interpreta,co:constitucion:1991:art:102,,,http://www.secretariasenado.gov.co/senado/basedoc/constitucion_politica_1991.html
co:cc:c-351:2004,interpreta,co:constitucion:1991:art:102,,,http://www.secretariasenado.gov.co/senado/basedoc/constitucion_politica_1991.html
co:cc:c-449:1992,interpreta,co:constitucion:1991:art:103,,,http://www.secretariasenado.gov.co/senado/basedoc/constitucion_politica_1991.html
co:cc:c-477:1992,interpreta,co:constitucion:1991:art:103,,,http://www.secretariasenado.gov.co/senado/basedoc/constitucion_politica_1991.html
co:cc:c-517:1992,interpreta,co:constitucion:1991:art:103,,,http://www.secretariasenado.gov.co/senado/basedoc/constitucion_politica_1991.html
co:cc:c-544:1992,interpreta,co:constitucion:1991:art:103,,,http://www.secretariasenado.gov.co/senado/basedoc/constitucion_politica_1991.html
co:cc:c-606:1992,interpreta,co:constitucion:1991:art:103,,,http://www.secretariasenado.gov.co/senado/basedoc/constitucion_politica_1991.html
co:cc:c-041:2004,interpreta,co:constitucion:1991:art:103,,,http://www.secretariasenado.gov.co/senado/basedoc/constitucion_politica_1991.html
co:cc:c-307:2004,interpreta,co:constitucion:1991:art:103,,,http://www.secretariasenado.gov.co/senado/basedoc/constitucion_politica_1991.html
co:cc:c-161:2008,interpreta,co:constitucion:1991:art:103,,,http://www.secretariasenado.gov.co/senado/basedoc/constitucion_politica_1991.html
co:cc:c-862:2012,interpreta,co:constitucion:1991:art:103,,,http://www.secretariasenado.gov.co/senado/basedoc/constitucion_politica_1991.html
co:cc:c-379:2016,interpreta,co:constitucion:1991:art:103,,,http://www.secretariasenado.gov.co/senado/basedoc/constitucion_politica_1991.html
co:cc:c-484:2017,interpreta,co:constitucion:1991:art:103,,,http://www.secretariasenado.gov.co/senado/basedoc/constitucion_politica_1991.html
co:cc:c-454:1993,interpreta,co:constitucion:1991:art:104,,,http://www.secretariasenado.gov.co/senado/basedoc/constitucion_politica_1991.html
co:cc:c-180:1994,interpreta,co:constitucion:1991:art:104,,,http://www.secretariasenado.gov.co/senado/basedoc/constitucion_politica_1991.html
co:cc:c-264:1994,interpreta,co:constitucion:1991:art:104,,,http://www.secretariasenado.gov.co/senado/basedoc/constitucion_politica_1991.html
co:cc:c-379:2016,interpreta,co:constitucion:1991:art:104,,,http://www.secretariasenado.gov.co/senado/basedoc/constitucion_politica_1991.html
co:cc:c-036:2026,interpreta,co:constitucion:1991:art:104,,,http://www.secretariasenado.gov.co/senado/basedoc/constitucion_politica_1991.html
co:cc:c-454:1993,interpreta,co:constitucion:1991:art:105,,,http://www.secretariasenado.gov.co/senado/basedoc/constitucion_politica_1991.html
co:cc:c-089:1994,interpreta,co:constitucion:1991:art:105,,,http://www.secretariasenado.gov.co/senado/basedoc/constitucion_politica_1991.html
co:cc:c-180:1994,interpreta,co:constitucion:1991:art:105,,,http://www.secretariasenado.gov.co/senado/basedoc/constitucion_politica_1991.html
co:cc:c-551:2003,interpreta,co:constitucion:1991:art:105,,,http://www.secretariasenado.gov.co/senado/basedoc/constitucion_politica_1991.html
co:cc:c-127:2004,interpreta,co:constitucion:1991:art:105,,,http://www.secretariasenado.gov.co/senado/basedoc/constitucion_politica_1991.html
co:cc:c-123:2014,interpreta,co:constitucion:1991:art:105,,,http://www.secretariasenado.gov.co/senado/basedoc/constitucion_politica_1991.html
co:cc:c-150:2015,interpreta,co:constitucion:1991:art:105,,,http://www.secretariasenado.gov.co/senado/basedoc/constitucion_politica_1991.html
co:cc:c-053:2019,interpreta,co:constitucion:1991:art:105,,,http://www.secretariasenado.gov.co/senado/basedoc/constitucion_politica_1991.html
co:cc:c-454:1993,interpreta,co:constitucion:1991:art:106,,,http://www.secretariasenado.gov.co/senado/basedoc/constitucion_politica_1991.html
co:cc:c-180:1994,interpreta,co:constitucion:1991:art:106,,,http://www.secretariasenado.gov.co/senado/basedoc/constitucion_politica_1991.html
co:acto-legislativo:1:2009:art:1,modifica,co:constitucion:1991:art:107,2009-07-14,,http://www.secretariasenado.gov.co/senado/basedoc/constitucion_politica_1991.html
co:acto-legislativo:1:2003:art:1,modifica,co:constitucion:1991:art:107,2003-07-03,,http://www.secretariasenado.gov.co/senado/basedoc/constitucion_politica_1991.html
co:cc:c-020:1993,interpreta,co:constitucion:1991:art:107,,,http://www.secretariasenado.gov.co/senado/basedoc/constitucion_politica_1991.html
co:cc:c-454:1993,interpreta,co:constitucion:1991:art:107,,,http://www.secretariasenado.gov.co/senado/basedoc/constitucion_politica_1991.html
co:cc:c-488:1993,interpreta,co:constitucion:1991:art:107,,,http://www.secretariasenado.gov.co/senado/basedoc/constitucion_politica_1991.html
co:cc:c-089:1994,interpreta,co:constitucion:1991:art:107,,,http://www.secretariasenado.gov.co/senado/basedoc/constitucion_politica_1991.html
co:cc:c-265:1994,interpreta,co:constitucion:1991:art:107,,,http://www.secretariasenado.gov.co/senado/basedoc/constitucion_politica_1991.html
co:cc:c-572:2004,interpreta,co:constitucion:1991:art:107,,,http://www.secretariasenado.gov.co/senado/basedoc/constitucion_politica_1991.html
co:cc:c-342:2006,interpreta,co:constitucion:1991:art:107,,,http://www.secretariasenado.gov.co/senado/basedoc/constitucion_politica_1991.html
co:cc:c-334:2014,interpreta,co:constitucion:1991:art:107,,,http://www.secretariasenado.gov.co/senado/basedoc/constitucion_politica_1991.html
co:cc:c-702:2010,declara_inexequible,co:constitucion:1991:art:108,2010-09-06,,http://www.secretariasenado.gov.co/senado/basedoc/constitucion_politica_1991.html
co:acto-legislativo:1:2009:art:2,modifica,co:constitucion:1991:art:108,2009-07-14,,http://www.secretariasenado.gov.co/senado/basedoc/constitucion_politica_1991.html
co:acto-legislativo:1:2003:art:2,modifica,co:constitucion:1991:art:108,2003-07-03,,http://www.secretariasenado.gov.co/senado/basedoc/constitucion_politica_1991.html
co:cc:c-020:1993,interpreta,co:constitucion:1991:art:108,,,http://www.secretariasenado.gov.co/senado/basedoc/constitucion_politica_1991.html
co:cc:c-027:1993,interpreta,co:constitucion:1991:art:108,,,http://www.secretariasenado.gov.co/senado/basedoc/constitucion_politica_1991.html
co:cc:c-454:1993,interpreta,co:constitucion:1991:art:108,,,http://www.secretariasenado.gov.co/senado/basedoc/constitucion_politica_1991.html
co:cc:c-488:1993,interpreta,co:constitucion:1991:art:108,,,http://www.secretariasenado.gov.co/senado/basedoc/constitucion_politica_1991.html
co:cc:c-089:1994,interpreta,co:constitucion:1991:art:108,,,http://www.secretariasenado.gov.co/senado/basedoc/constitucion_politica_1991.html
co:cc:c-145:1994,interpreta,co:constitucion:1991:art:108,,,http://www.secretariasenado.gov.co/senado/basedoc/constitucion_politica_1991.html
co:cc:c-264:1994,interpreta,co:constitucion:1991:art:108,,,http://www.secretariasenado.gov.co/senado/basedoc/constitucion_politica_1991.html
co:cc:c-265:1994,interpreta,co:constitucion:1991:art:108,,,http://www.secretariasenado.gov.co/senado/basedoc/constitucion_politica_1991.html
co:cc:c-353:1994,interpreta,co:constitucion:1991:art:108,,,http://www.secretariasenado.gov.co/senado/basedoc/constitucion_politica_1991.html
co:cc:c-572:2004,interpreta,co:constitucion:1991:art:108,,,http://www.secretariasenado.gov.co/senado/basedoc/constitucion_politica_1991.html
co:cc:c-859:2006,interpreta,co:constitucion:1991:art:108,,,http://www.secretariasenado.gov.co/senado/basedoc/constitucion_politica_1991.html
co:cc:c-141:2010,interpreta,co:constitucion:1991:art:108,,,http://www.secretariasenado.gov.co/senado/basedoc/constitucion_politica_1991.html
co:cc:c-1017:2012,interpreta,co:constitucion:1991:art:108,,,http://www.secretariasenado.gov.co/senado/basedoc/constitucion_politica_1991.html
co:acto-legislativo:1:2009:art:3,modifica,co:constitucion:1991:art:109,2009-07-14,,http://www.secretariasenado.gov.co/senado/basedoc/constitucion_politica_1991.html
co:acto-legislativo:1:2003:art:3,modifica,co:constitucion:1991:art:109,2003-07-03,,http://www.secretariasenado.gov.co/senado/basedoc/constitucion_politica_1991.html
co:cc:c-971:2004,declara_exequible,co:constitucion:1991:art:109,2004-10-07,,http://www.secretariasenado.gov.co/senado/basedoc/constitucion_politica_1991.html
co:cc:c-020:1993,interpreta,co:constitucion:1991:art:109,,,http://www.secretariasenado.gov.co/senado/basedoc/constitucion_politica_1991.html
co:cc:c-039:1993,interpreta,co:constitucion:1991:art:109,,,http://www.secretariasenado.gov.co/senado/basedoc/constitucion_politica_1991.html
co:cc:c-454:1993,interpreta,co:constitucion:1991:art:109,,,http://www.secretariasenado.gov.co/senado/basedoc/constitucion_politica_1991.html
co:cc:c-488:1993,interpreta,co:constitucion:1991:art:109,,,http://www.secretariasenado.gov.co/senado/basedoc/constitucion_politica_1991.html
co:cc:c-089:1994,interpreta,co:constitucion:1991:art:109,,,http://www.secretariasenado.gov.co/senado/basedoc/constitucion_politica_1991.html
co:cc:c-145:1994,interpreta,co:constitucion:1991:art:109,,,http://www.secretariasenado.gov.co/senado/basedoc/constitucion_politica_1991.html
co:cc:c-264:1994,interpreta,co:constitucion:1991:art:109,,,http://www.secretariasenado.gov.co/senado/basedoc/constitucion_politica_1991.html
co:cc:c-353:1994,interpreta,co:constitucion:1991:art:109,,,http://www.secretariasenado.gov.co/senado/basedoc/constitucion_politica_1991.html
co:cc:c-572:2004,interpreta,co:constitucion:1991:art:109,,,http://www.secretariasenado.gov.co/senado/basedoc/constitucion_politica_1991.html
co:cc:c-523:2005,interpreta,co:constitucion:1991:art:109,,,http://www.secretariasenado.gov.co/senado/basedoc/constitucion_politica_1991.html
co:cc:c-141:2010,interpreta,co:constitucion:1991:art:109,,,http://www.secretariasenado.gov.co/senado/basedoc/constitucion_politica_1991.html
co:cc:c-443:2011,interpreta,co:constitucion:1991:art:109,,,http://www.secretariasenado.gov.co/senado/basedoc/constitucion_politica_1991.html
co:cc:c-020:1993,interpreta,co:constitucion:1991:art:110,,,http://www.secretariasenado.gov.co/senado/basedoc/constitucion_politica_1991.html
co:cc:c-454:1993,interpreta,co:constitucion:1991:art:110,,,http://www.secretariasenado.gov.co/senado/basedoc/constitucion_politica_1991.html
co:cc:c-488:1993,interpreta,co:constitucion:1991:art:110,,,http://www.secretariasenado.gov.co/senado/basedoc/constitucion_politica_1991.html
co:cc:c-089:1994,interpreta,co:constitucion:1991:art:110,,,http://www.secretariasenado.gov.co/senado/basedoc/constitucion_politica_1991.html
co:acto-legislativo:1:2003:art:4,modifica,co:constitucion:1991:art:111,2003-07-03,,http://www.secretariasenado.gov.co/senado/basedoc/constitucion_politica_1991.html
co:cc:c-572:2004,interpreta,co:constitucion:1991:art:111,,,http://www.secretariasenado.gov.co/senado/basedoc/constitucion_politica_1991.html
co:cc:c-342:2006,interpreta,co:constitucion:1991:art:111,,,http://www.secretariasenado.gov.co/senado/basedoc/constitucion_politica_1991.html
co:acto-legislativo:2:2015:art:1,adiciona,co:constitucion:1991:art:112,2015-07-01,,http://www.secretariasenado.gov.co/senado/basedoc/constitucion_politica_1991.html
co:cc:c-029:2018,declara_exequible,co:constitucion:1991:art:112,2018-05-02,,http://www.secretariasenado.gov.co/senado/basedoc/constitucion_politica_1991.html
co:acto-legislativo:1:2003:art:5,modifica,co:constitucion:1991:art:112,2003-07-03,,http://www.secretariasenado.gov.co/senado/basedoc/constitucion_politica_1991.html
co:cc:c-454:1993,interpreta,co:constitucion:1991:art:112,,,http://www.secretariasenado.gov.co/senado/basedoc/constitucion_politica_1991.html
co:cc:c-488:1993,interpreta,co:constitucion:1991:art:112,,,http://www.secretariasenado.gov.co/senado/basedoc/constitucion_politica_1991.html
co:cc:c-089:1994,interpreta,co:constitucion:1991:art:112,,,http://www.secretariasenado.gov.co/senado/basedoc/constitucion_politica_1991.html
co:cc:c-180:1994,interpreta,co:constitucion:1991:art:112,,,http://www.secretariasenado.gov.co/senado/basedoc/constitucion_politica_1991.html
co:cc:c-041:2004,interpreta,co:constitucion:1991:art:112,,,http://www.secretariasenado.gov.co/senado/basedoc/constitucion_politica_1991.html
co:cc:c-224:2004,interpreta,co:constitucion:1991:art:112,,,http://www.secretariasenado.gov.co/senado/basedoc/constitucion_politica_1991.html
co:cc:c-572:2004,interpreta,co:constitucion:1991:art:112,,,http://www.secretariasenado.gov.co/senado/basedoc/constitucion_politica_1991.html
co:cc:c-342:2006,interpreta,co:constitucion:1991:art:112,,,http://www.secretariasenado.gov.co/senado/basedoc/constitucion_politica_1991.html
co:cc:c-122:2011,interpreta,co:constitucion:1991:art:112,,,http://www.secretariasenado.gov.co/senado/basedoc/constitucion_politica_1991.html
co:cc:c-699:2013,interpreta,co:constitucion:1991:art:112,,,http://www.secretariasenado.gov.co/senado/basedoc/constitucion_politica_1991.html
co:cc:c-416:1992,interpreta,co:constitucion:1991:art:113,,,http://www.secretariasenado.gov.co/senado/basedoc/constitucion_politica_1991.html
co:cc:c-449:1992,interpreta,co:constitucion:1991:art:113,,,http://www.secretariasenado.gov.co/senado/basedoc/constitucion_politica_1991.html
co:cc:c-514:1992,interpreta,co:constitucion:1991:art:113,,,http://www.secretariasenado.gov.co/senado/basedoc/constitucion_politica_1991.html
co:cc:c-517:1992,interpreta,co:constitucion:1991:art:113,,,http://www.secretariasenado.gov.co/senado/basedoc/constitucion_politica_1991.html
co:cc:c-543:1992,interpreta,co:constitucion:1991:art:113,,,http://www.secretariasenado.gov.co/senado/basedoc/constitucion_politica_1991.html
co:cc:c-561:1992,interpreta,co:constitucion:1991:art:113,,,http://www.secretariasenado.gov.co/senado/basedoc/constitucion_politica_1991.html
co:cc:c-592:1992,interpreta,co:constitucion:1991:art:113,,,http://www.secretariasenado.gov.co/senado/basedoc/constitucion_politica_1991.html
co:cc:c-025:1993,interpreta,co:constitucion:1991:art:113,,,http://www.secretariasenado.gov.co/senado/basedoc/constitucion_politica_1991.html
co:cc:c-027:1993,interpreta,co:constitucion:1991:art:113,,,http://www.secretariasenado.gov.co/senado/basedoc/constitucion_politica_1991.html
co:cc:c-059:1993,interpreta,co:constitucion:1991:art:113,,,http://www.secretariasenado.gov.co/senado/basedoc/constitucion_politica_1991.html
co:cc:c-074:1993,interpreta,co:constitucion:1991:art:113,,,http://www.secretariasenado.gov.co/senado/basedoc/constitucion_politica_1991.html
co:cc:c-113:1993,interpreta,co:constitucion:1991:art:113,,,http://www.secretariasenado.gov.co/senado/basedoc/constitucion_politica_1991.html
co:cc:c-132:1993,interpreta,co:constitucion:1991:art:113,,,http://www.secretariasenado.gov.co/senado/basedoc/constitucion_politica_1991.html
co:cc:c-144:1993,interpreta,co:constitucion:1991:art:113,,,http://www.secretariasenado.gov.co/senado/basedoc/constitucion_politica_1991.html
co:cc:c-150:1993,interpreta,co:constitucion:1991:art:113,,,http://www.secretariasenado.gov.co/senado/basedoc/constitucion_politica_1991.html
co:cc:c-123:2003,interpreta,co:constitucion:1991:art:113,,,http://www.secretariasenado.gov.co/senado/basedoc/constitucion_politica_1991.html
co:cc:c-431:2003,interpreta,co:constitucion:1991:art:113,,,http://www.secretariasenado.gov.co/senado/basedoc/constitucion_politica_1991.html
co:cc:c-452:2003,interpreta,co:constitucion:1991:art:113,,,http://www.secretariasenado.gov.co/senado/basedoc/constitucion_politica_1991.html
co:cc:c-485:2003,interpreta,co:constitucion:1991:art:113,,,http://www.secretariasenado.gov.co/senado/basedoc/constitucion_politica_1991.html
co:cc:c-022:2004,interpreta,co:constitucion:1991:art:113,,,http://www.secretariasenado.gov.co/senado/basedoc/constitucion_politica_1991.html
co:cc:c-128:2004,interpreta,co:constitucion:1991:art:113,,,http://www.secretariasenado.gov.co/senado/basedoc/constitucion_politica_1991.html
co:cc:c-173:2004,interpreta,co:constitucion:1991:art:113,,,http://www.secretariasenado.gov.co/senado/basedoc/constitucion_politica_1991.html
co:cc:c-246:2004,interpreta,co:constitucion:1991:art:113,,,http://www.secretariasenado.gov.co/senado/basedoc/constitucion_politica_1991.html
co:cc:c-306:2004,interpreta,co:constitucion:1991:art:113,,,http://www.secretariasenado.gov.co/senado/basedoc/constitucion_politica_1991.html
co:cc:c-350:2004,interpreta,co:constitucion:1991:art:113,,,http://www.secretariasenado.gov.co/senado/basedoc/constitucion_politica_1991.html
co:cc:c-351:2004,interpreta,co:constitucion:1991:art:113,,,http://www.secretariasenado.gov.co/senado/basedoc/constitucion_politica_1991.html
co:cc:c-356:2004,interpreta,co:constitucion:1991:art:113,,,http://www.secretariasenado.gov.co/senado/basedoc/constitucion_politica_1991.html
co:cc:c-407:2004,interpreta,co:constitucion:1991:art:113,,,http://www.secretariasenado.gov.co/senado/basedoc/constitucion_politica_1991.html
co:cc:c-409:2004,interpreta,co:constitucion:1991:art:113,,,http://www.secretariasenado.gov.co/senado/basedoc/constitucion_politica_1991.html
co:cc:c-593:2005,interpreta,co:constitucion:1991:art:113,,,http://www.secretariasenado.gov.co/senado/basedoc/constitucion_politica_1991.html
co:cc:c-532:2006,interpreta,co:constitucion:1991:art:113,,,http://www.secretariasenado.gov.co/senado/basedoc/constitucion_politica_1991.html
co:cc:c-757:2008,interpreta,co:constitucion:1991:art:113,,,http://www.secretariasenado.gov.co/senado/basedoc/constitucion_politica_1991.html
co:cc:c-247:2013,interpreta,co:constitucion:1991:art:113,,,http://www.secretariasenado.gov.co/senado/basedoc/constitucion_politica_1991.html
co:cc:c-630:2014,interpreta,co:constitucion:1991:art:113,,,http://www.secretariasenado.gov.co/senado/basedoc/constitucion_politica_1991.html
co:cc:c-557:2019,interpreta,co:constitucion:1991:art:113,,,http://www.secretariasenado.gov.co/senado/basedoc/constitucion_politica_1991.html
co:cc:c-376:2022,interpreta,co:constitucion:1991:art:113,,,http://www.secretariasenado.gov.co/senado/basedoc/constitucion_politica_1991.html
co:cc:c-036:2025,interpreta,co:constitucion:1991:art:113,,,http://www.secretariasenado.gov.co/senado/basedoc/constitucion_politica_1991.html
co:cc:c-449:1992,interpreta,co:constitucion:1991:art:114,,,http://www.secretariasenado.gov.co/senado/basedoc/constitucion_politica_1991.html
co:cc:c-027:1993,interpreta,co:constitucion:1991:art:114,,,http://www.secretariasenado.gov.co/senado/basedoc/constitucion_politica_1991.html
co:cc:c-132:1993,interpreta,co:constitucion:1991:art:114,,,http://www.secretariasenado.gov.co/senado/basedoc/constitucion_politica_1991.html
co:cc:c-133:1993,interpreta,co:constitucion:1991:art:114,,,http://www.secretariasenado.gov.co/senado/basedoc/constitucion_politica_1991.html
co:cc:c-144:1993,interpreta,co:constitucion:1991:art:114,,,http://www.secretariasenado.gov.co/senado/basedoc/constitucion_politica_1991.html
co:cc:c-363:1993,interpreta,co:constitucion:1991:art:114,,,http://www.secretariasenado.gov.co/senado/basedoc/constitucion_politica_1991.html
co:cc:c-428:1993,interpreta,co:constitucion:1991:art:114,,,http://www.secretariasenado.gov.co/senado/basedoc/constitucion_politica_1991.html
co:cc:c-022:2004,interpreta,co:constitucion:1991:art:114,,,http://www.secretariasenado.gov.co/senado/basedoc/constitucion_politica_1991.html
co:cc:c-407:2004,interpreta,co:constitucion:1991:art:114,,,http://www.secretariasenado.gov.co/senado/basedoc/constitucion_politica_1991.html
co:cc:c-557:1992,interpreta,co:constitucion:1991:art:115,,,http://www.secretariasenado.gov.co/senado/basedoc/constitucion_politica_1991.html
co:cc:c-599:1992,interpreta,co:constitucion:1991:art:115,,,http://www.secretariasenado.gov.co/senado/basedoc/constitucion_politica_1991.html
co:cc:c-027:1993,interpreta,co:constitucion:1991:art:115,,,http://www.secretariasenado.gov.co/senado/basedoc/constitucion_politica_1991.html
co:cc:c-227:1993,interpreta,co:constitucion:1991:art:115,,,http://www.secretariasenado.gov.co/senado/basedoc/constitucion_politica_1991.html
co:cc:c-333:1993,interpreta,co:constitucion:1991:art:115,,,http://www.secretariasenado.gov.co/senado/basedoc/constitucion_politica_1991.html
co:cc:c-537:1993,interpreta,co:constitucion:1991:art:115,,,http://www.secretariasenado.gov.co/senado/basedoc/constitucion_politica_1991.html
co:cc:c-022:2004,interpreta,co:constitucion:1991:art:115,,,http://www.secretariasenado.gov.co/senado/basedoc/constitucion_politica_1991.html
co:cc:c-910:2007,interpreta,co:constitucion:1991:art:115,,,http://www.secretariasenado.gov.co/senado/basedoc/constitucion_politica_1991.html
co:acto-legislativo:3:2023:art:1,modifica,co:constitucion:1991:art:116,2023-07-24,,http://www.secretariasenado.gov.co/senado/basedoc/constitucion_politica_1991.html
co:cc:c-029:2018,declara_exequible,co:constitucion:1991:art:116,2018-05-02,,http://www.secretariasenado.gov.co/senado/basedoc/constitucion_politica_1991.html
co:cc:c-156:2013,interpreta,co:constitucion:1991:art:116,,,http://www.secretariasenado.gov.co/senado/basedoc/constitucion_politica_1991.html
co:cc:c-436:2013,interpreta,co:constitucion:1991:art:116,,,http://www.secretariasenado.gov.co/senado/basedoc/constitucion_politica_1991.html
co:cc:c-170:2014,interpreta,co:constitucion:1991:art:116,,,http://www.secretariasenado.gov.co/senado/basedoc/constitucion_politica_1991.html
co:cc:c-030:2023,interpreta,co:constitucion:1991:art:116,,,http://www.secretariasenado.gov.co/senado/basedoc/constitucion_politica_1991.html
co:cc:c-318:2023,interpreta,co:constitucion:1991:art:116,,,http://www.secretariasenado.gov.co/senado/basedoc/constitucion_politica_1991.html
co:cc:c-126:2024,interpreta,co:constitucion:1991:art:116,,,http://www.secretariasenado.gov.co/senado/basedoc/constitucion_politica_1991.html
co:cc:c-506:2025,interpreta,co:constitucion:1991:art:116,,,http://www.secretariasenado.gov.co/senado/basedoc/constitucion_politica_1991.html
co:cc:c-294:1995,interpreta,co:constitucion:1991:art:116,,,http://www.secretariasenado.gov.co/senado/basedoc/constitucion_politica_1991.html
co:cc:c-961:2006,interpreta,co:constitucion:1991:art:116,,,http://www.secretariasenado.gov.co/senado/basedoc/constitucion_politica_1991.html
co:cc:c-378:2008,interpreta,co:constitucion:1991:art:116,,,http://www.secretariasenado.gov.co/senado/basedoc/constitucion_politica_1991.html
co:cc:c-330:2012,interpreta,co:constitucion:1991:art:116,,,http://www.secretariasenado.gov.co/senado/basedoc/constitucion_politica_1991.html
co:cc:c-222:2013,interpreta,co:constitucion:1991:art:116,,,http://www.secretariasenado.gov.co/senado/basedoc/constitucion_politica_1991.html
co:cc:c-727:2014,interpreta,co:constitucion:1991:art:116,,,http://www.secretariasenado.gov.co/senado/basedoc/constitucion_politica_1991.html
co:cc:c-947:2014,interpreta,co:constitucion:1991:art:116,,,http://www.secretariasenado.gov.co/senado/basedoc/constitucion_politica_1991.html
co:cc:c-135:2016,interpreta,co:constitucion:1991:art:116,,,http://www.secretariasenado.gov.co/senado/basedoc/constitucion_politica_1991.html
co:acto-legislativo:3:2002:art:1,modifica,co:constitucion:1991:art:116,2002-12-20,,http://www.secretariasenado.gov.co/senado/basedoc/constitucion_politica_1991.html
co:cc:c-1039:2004,declara_exequible,co:constitucion:1991:art:116,2004-10-22,,http://www.secretariasenado.gov.co/senado/basedoc/constitucion_politica_1991.html
co:cc:c-541:1992,interpreta,co:constitucion:1991:art:116,,,http://www.secretariasenado.gov.co/senado/basedoc/constitucion_politica_1991.html
co:cc:c-549:1992,interpreta,co:constitucion:1991:art:116,,,http://www.secretariasenado.gov.co/senado/basedoc/constitucion_politica_1991.html
co:cc:c-561:1992,interpreta,co:constitucion:1991:art:116,,,http://www.secretariasenado.gov.co/senado/basedoc/constitucion_politica_1991.html
co:cc:c-592:1992,interpreta,co:constitucion:1991:art:116,,,http://www.secretariasenado.gov.co/senado/basedoc/constitucion_politica_1991.html
co:cc:c-599:1992,interpreta,co:constitucion:1991:art:116,,,http://www.secretariasenado.gov.co/senado/basedoc/constitucion_politica_1991.html
co:cc:c-242:1997,interpreta,co:constitucion:1991:art:116,,,http://www.secretariasenado.gov.co/senado/basedoc/constitucion_politica_1991.html
co:cc:c-672:1999,interpreta,co:constitucion:1991:art:116,,,http://www.secretariasenado.gov.co/senado/basedoc/constitucion_politica_1991.html
co:cc:c-164:2000,interpreta,co:constitucion:1991:art:116,,,http://www.secretariasenado.gov.co/senado/basedoc/constitucion_politica_1991.html
co:cc:c-182:2003,interpreta,co:constitucion:1991:art:116,,,http://www.secretariasenado.gov.co/senado/basedoc/constitucion_politica_1991.html
co:cc:c-204:2003,interpreta,co:constitucion:1991:art:116,,,http://www.secretariasenado.gov.co/senado/basedoc/constitucion_politica_1991.html
co:cc:c-431:2003,interpreta,co:constitucion:1991:art:116,,,http://www.secretariasenado.gov.co/senado/basedoc/constitucion_politica_1991.html
co:cc:c-485:2003,interpreta,co:constitucion:1991:art:116,,,http://www.secretariasenado.gov.co/senado/basedoc/constitucion_politica_1991.html
co:cc:c-1092:2003,interpreta,co:constitucion:1991:art:116,,,http://www.secretariasenado.gov.co/senado/basedoc/constitucion_politica_1991.html
co:cc:c-013:2004,interpreta,co:constitucion:1991:art:116,,,http://www.secretariasenado.gov.co/senado/basedoc/constitucion_politica_1991.html
co:cc:c-407:2004,interpreta,co:constitucion:1991:art:116,,,http://www.secretariasenado.gov.co/senado/basedoc/constitucion_politica_1991.html
co:cc:c-1121:2005,interpreta,co:constitucion:1991:art:116,,,http://www.secretariasenado.gov.co/senado/basedoc/constitucion_politica_1991.html
co:cc:c-990:2006,interpreta,co:constitucion:1991:art:116,,,http://www.secretariasenado.gov.co/senado/basedoc/constitucion_politica_1991.html
co:cc:c-035:2008,interpreta,co:constitucion:1991:art:116,,,http://www.secretariasenado.gov.co/senado/basedoc/constitucion_politica_1991.html
co:cc:c-117:2008,interpreta,co:constitucion:1991:art:116,,,http://www.secretariasenado.gov.co/senado/basedoc/constitucion_politica_1991.html
co:cc:c-466:2008,interpreta,co:constitucion:1991:art:116,,,http://www.secretariasenado.gov.co/senado/basedoc/constitucion_politica_1991.html
co:cc:c-620:2008,interpreta,co:constitucion:1991:art:116,,,http://www.secretariasenado.gov.co/senado/basedoc/constitucion_politica_1991.html
co:cc:c-860:2008,interpreta,co:constitucion:1991:art:116,,,http://www.secretariasenado.gov.co/senado/basedoc/constitucion_politica_1991.html
co:cc:c-902:2008,interpreta,co:constitucion:1991:art:116,,,http://www.secretariasenado.gov.co/senado/basedoc/constitucion_politica_1991.html
co:cc:c-1159:2008,interpreta,co:constitucion:1991:art:116,,,http://www.secretariasenado.gov.co/senado/basedoc/constitucion_politica_1991.html
co:cc:c-349:2009,interpreta,co:constitucion:1991:art:116,,,http://www.secretariasenado.gov.co/senado/basedoc/constitucion_politica_1991.html
co:cc:c-863:2012,interpreta,co:constitucion:1991:art:116,,,http://www.secretariasenado.gov.co/senado/basedoc/constitucion_politica_1991.html
co:cc:c-896:2012,interpreta,co:constitucion:1991:art:116,,,http://www.secretariasenado.gov.co/senado/basedoc/constitucion_politica_1991.html
co:cc:c-466:2020,interpreta,co:constitucion:1991:art:116,,,http://www.secretariasenado.gov.co/senado/basedoc/constitucion_politica_1991.html
co:cc:c-027:1993,interpreta,co:constitucion:1991:art:117,,,http://www.secretariasenado.gov.co/senado/basedoc/constitucion_politica_1991.html
co:cc:c-534:1993,interpreta,co:constitucion:1991:art:117,,,http://www.secretariasenado.gov.co/senado/basedoc/constitucion_politica_1991.html
co:cc:c-320:1994,interpreta,co:constitucion:1991:art:117,,,http://www.secretariasenado.gov.co/senado/basedoc/constitucion_politica_1991.html
co:cc:c-374:1994,interpreta,co:constitucion:1991:art:117,,,http://www.secretariasenado.gov.co/senado/basedoc/constitucion_politica_1991.html
co:cc:c-938:2003,interpreta,co:constitucion:1991:art:117,,,http://www.secretariasenado.gov.co/senado/basedoc/constitucion_politica_1991.html
co:cc:c-027:1993,interpreta,co:constitucion:1991:art:118,,,http://www.secretariasenado.gov.co/senado/basedoc/constitucion_politica_1991.html
co:cc:c-364:1993,interpreta,co:constitucion:1991:art:118,,,http://www.secretariasenado.gov.co/senado/basedoc/constitucion_politica_1991.html
co:cc:c-487:1993,interpreta,co:constitucion:1991:art:118,,,http://www.secretariasenado.gov.co/senado/basedoc/constitucion_politica_1991.html
co:cc:c-027:1993,interpreta,co:constitucion:1991:art:119,,,http://www.secretariasenado.gov.co/senado/basedoc/constitucion_politica_1991.html
co:cc:c-534:1993,interpreta,co:constitucion:1991:art:119,,,http://www.secretariasenado.gov.co/senado/basedoc/constitucion_politica_1991.html
co:cc:c-320:1994,interpreta,co:constitucion:1991:art:119,,,http://www.secretariasenado.gov.co/senado/basedoc/constitucion_politica_1991.html
co:cc:c-514:1994,interpreta,co:constitucion:1991:art:119,,,http://www.secretariasenado.gov.co/senado/basedoc/constitucion_politica_1991.html
co:cc:c-938:2003,interpreta,co:constitucion:1991:art:119,,,http://www.secretariasenado.gov.co/senado/basedoc/constitucion_politica_1991.html
co:cc:c-027:1993,interpreta,co:constitucion:1991:art:120,,,http://www.secretariasenado.gov.co/senado/basedoc/constitucion_politica_1991.html
co:cc:c-089:1994,interpreta,co:constitucion:1991:art:120,,,http://www.secretariasenado.gov.co/senado/basedoc/constitucion_politica_1991.html
co:cc:c-152:1994,interpreta,co:constitucion:1991:art:120,,,http://www.secretariasenado.gov.co/senado/basedoc/constitucion_politica_1991.html
co:cc:c-513:2004,interpreta,co:constitucion:1991:art:120,,,http://www.secretariasenado.gov.co/senado/basedoc/constitucion_politica_1991.html
co:cc:c-449:1992,interpreta,co:constitucion:1991:art:121,,,http://www.secretariasenado.gov.co/senado/basedoc/constitucion_politica_1991.html
co:cc:c-479:1992,interpreta,co:constitucion:1991:art:121,,,http://www.secretariasenado.gov.co/senado/basedoc/constitucion_politica_1991.html
co:cc:c-027:1993,interpreta,co:constitucion:1991:art:121,,,http://www.secretariasenado.gov.co/senado/basedoc/constitucion_politica_1991.html
co:cc:c-034:1993,interpreta,co:constitucion:1991:art:121,,,http://www.secretariasenado.gov.co/senado/basedoc/constitucion_politica_1991.html
co:cc:c-113:1993,interpreta,co:constitucion:1991:art:121,,,http://www.secretariasenado.gov.co/senado/basedoc/constitucion_politica_1991.html
co:cc:c-114:1993,interpreta,co:constitucion:1991:art:121,,,http://www.secretariasenado.gov.co/senado/basedoc/constitucion_politica_1991.html
co:cc:c-126:1993,interpreta,co:constitucion:1991:art:121,,,http://www.secretariasenado.gov.co/senado/basedoc/constitucion_politica_1991.html
co:cc:c-132:1993,interpreta,co:constitucion:1991:art:121,,,http://www.secretariasenado.gov.co/senado/basedoc/constitucion_politica_1991.html
co:cc:c-136:1993,interpreta,co:constitucion:1991:art:121,,,http://www.secretariasenado.gov.co/senado/basedoc/constitucion_politica_1991.html
co:cc:c-171:1993,interpreta,co:constitucion:1991:art:121,,,http://www.secretariasenado.gov.co/senado/basedoc/constitucion_politica_1991.html
co:cc:c-206:1993,interpreta,co:constitucion:1991:art:121,,,http://www.secretariasenado.gov.co/senado/basedoc/constitucion_politica_1991.html
co:cc:c-207:1993,interpreta,co:constitucion:1991:art:121,,,http://www.secretariasenado.gov.co/senado/basedoc/constitucion_politica_1991.html
co:cc:c-209:1993,interpreta,co:constitucion:1991:art:121,,,http://www.secretariasenado.gov.co/senado/basedoc/constitucion_politica_1991.html
co:cc:c-216:1993,interpreta,co:constitucion:1991:art:121,,,http://www.secretariasenado.gov.co/senado/basedoc/constitucion_politica_1991.html
co:cc:c-364:1993,interpreta,co:constitucion:1991:art:121,,,http://www.secretariasenado.gov.co/senado/basedoc/constitucion_politica_1991.html
co:cc:c-391:1993,interpreta,co:constitucion:1991:art:121,,,http://www.secretariasenado.gov.co/senado/basedoc/constitucion_politica_1991.html
co:cc:c-248:1993,interpreta,co:constitucion:1991:art:121,,,http://www.secretariasenado.gov.co/senado/basedoc/constitucion_politica_1991.html
co:cc:c-468:1993,interpreta,co:constitucion:1991:art:121,,,http://www.secretariasenado.gov.co/senado/basedoc/constitucion_politica_1991.html
co:cc:c-505:1993,interpreta,co:constitucion:1991:art:121,,,http://www.secretariasenado.gov.co/senado/basedoc/constitucion_politica_1991.html
co:cc:c-569:1993,interpreta,co:constitucion:1991:art:121,,,http://www.secretariasenado.gov.co/senado/basedoc/constitucion_politica_1991.html
co:cc:c-734:2000,interpreta,co:constitucion:1991:art:121,,,http://www.secretariasenado.gov.co/senado/basedoc/constitucion_politica_1991.html
co:cc:c-183:2003,interpreta,co:constitucion:1991:art:121,,,http://www.secretariasenado.gov.co/senado/basedoc/constitucion_politica_1991.html
co:cc:c-328:2003,interpreta,co:constitucion:1991:art:121,,,http://www.secretariasenado.gov.co/senado/basedoc/constitucion_politica_1991.html
co:cc:c-429:2003,interpreta,co:constitucion:1991:art:121,,,http://www.secretariasenado.gov.co/senado/basedoc/constitucion_politica_1991.html
co:cc:c-022:2004,interpreta,co:constitucion:1991:art:121,,,http://www.secretariasenado.gov.co/senado/basedoc/constitucion_politica_1991.html
co:cc:c-350:2004,interpreta,co:constitucion:1991:art:121,,,http://www.secretariasenado.gov.co/senado/basedoc/constitucion_politica_1991.html
co:cc:c-380:2004,interpreta,co:constitucion:1991:art:121,,,http://www.secretariasenado.gov.co/senado/basedoc/constitucion_politica_1991.html
co:cc:c-407:2004,interpreta,co:constitucion:1991:art:121,,,http://www.secretariasenado.gov.co/senado/basedoc/constitucion_politica_1991.html
co:cc:c-409:2004,interpreta,co:constitucion:1991:art:121,,,http://www.secretariasenado.gov.co/senado/basedoc/constitucion_politica_1991.html
co:cc:c-458:2004,interpreta,co:constitucion:1991:art:121,,,http://www.secretariasenado.gov.co/senado/basedoc/constitucion_politica_1991.html
co:cc:c-593:2005,interpreta,co:constitucion:1991:art:121,,,http://www.secretariasenado.gov.co/senado/basedoc/constitucion_politica_1991.html
co:cc:c-396:2006,interpreta,co:constitucion:1991:art:121,,,http://www.secretariasenado.gov.co/senado/basedoc/constitucion_politica_1991.html
co:cc:c-159:2021,interpreta,co:constitucion:1991:art:121,,,http://www.secretariasenado.gov.co/senado/basedoc/constitucion_politica_1991.html
co:cc:c-679:2011,interpreta,co:constitucion:1991:art:122,,,http://www.secretariasenado.gov.co/senado/basedoc/constitucion_politica_1991.html
co:cc:c-630:2012,interpreta,co:constitucion:1991:art:122,,,http://www.secretariasenado.gov.co/senado/basedoc/constitucion_politica_1991.html
co:cc:c-407:2020,interpreta,co:constitucion:1991:art:122,,,http://www.secretariasenado.gov.co/senado/basedoc/constitucion_politica_1991.html
co:cc:c-437:2023,interpreta,co:constitucion:1991:art:122,,,http://www.secretariasenado.gov.co/senado/basedoc/constitucion_politica_1991.html
co:acto-legislativo:1:2004:art:1,modifica,co:constitucion:1991:art:122,2009-07-14,,http://www.secretariasenado.gov.co/senado/basedoc/constitucion_politica_1991.html
co:acto-legislativo:1:2017:art:2,adiciona,co:constitucion:1991:art:122,2017-04-04,,http://www.secretariasenado.gov.co/senado/basedoc/constitucion_politica_1991.html
co:cc:c-674:2017,declara_exequible,co:constitucion:1991:art:122,2017-11-14,,http://www.secretariasenado.gov.co/senado/basedoc/constitucion_politica_1991.html
co:cc:c-449:1992,interpreta,co:constitucion:1991:art:122,,,http://www.secretariasenado.gov.co/senado/basedoc/constitucion_politica_1991.html
co:cc:c-465:1992,interpreta,co:constitucion:1991:art:122,,,http://www.secretariasenado.gov.co/senado/basedoc/constitucion_politica_1991.html
co:cc:c-479:1992,interpreta,co:constitucion:1991:art:122,,,http://www.secretariasenado.gov.co/senado/basedoc/constitucion_politica_1991.html
co:cc:c-543:1992,interpreta,co:constitucion:1991:art:122,,,http://www.secretariasenado.gov.co/senado/basedoc/constitucion_politica_1991.html
co:cc:c-549:1992,interpreta,co:constitucion:1991:art:122,,,http://www.secretariasenado.gov.co/senado/basedoc/constitucion_politica_1991.html
co:cc:c-027:1993,interpreta,co:constitucion:1991:art:122,,,http://www.secretariasenado.gov.co/senado/basedoc/constitucion_politica_1991.html
co:cc:c-056:1993,interpreta,co:constitucion:1991:art:122,,,http://www.secretariasenado.gov.co/senado/basedoc/constitucion_politica_1991.html
co:cc:c-114:1993,interpreta,co:constitucion:1991:art:122,,,http://www.secretariasenado.gov.co/senado/basedoc/constitucion_politica_1991.html
co:cc:c-133:1993,interpreta,co:constitucion:1991:art:122,,,http://www.secretariasenado.gov.co/senado/basedoc/constitucion_politica_1991.html
co:cc:c-209:1993,interpreta,co:constitucion:1991:art:122,,,http://www.secretariasenado.gov.co/senado/basedoc/constitucion_politica_1991.html
co:cc:c-214:1993,interpreta,co:constitucion:1991:art:122,,,http://www.secretariasenado.gov.co/senado/basedoc/constitucion_politica_1991.html
co:cc:c-337:1993,interpreta,co:constitucion:1991:art:122,,,http://www.secretariasenado.gov.co/senado/basedoc/constitucion_politica_1991.html
co:cc:c-417:1993,interpreta,co:constitucion:1991:art:122,,,http://www.secretariasenado.gov.co/senado/basedoc/constitucion_politica_1991.html
co:cc:c-454:1993,interpreta,co:constitucion:1991:art:122,,,http://www.secretariasenado.gov.co/senado/basedoc/constitucion_politica_1991.html
co:cc:c-505:1993,interpreta,co:constitucion:1991:art:122,,,http://www.secretariasenado.gov.co/senado/basedoc/constitucion_politica_1991.html
co:cc:c-037:1996,interpreta,co:constitucion:1991:art:122,,,http://www.secretariasenado.gov.co/senado/basedoc/constitucion_politica_1991.html
co:cc:c-447:1996,interpreta,co:constitucion:1991:art:122,,,http://www.secretariasenado.gov.co/senado/basedoc/constitucion_politica_1991.html
co:cc:c-181:1997,interpreta,co:constitucion:1991:art:122,,,http://www.secretariasenado.gov.co/senado/basedoc/constitucion_politica_1991.html
co:cc:c-111:1998,interpreta,co:constitucion:1991:art:122,,,http://www.secretariasenado.gov.co/senado/basedoc/constitucion_politica_1991.html
co:cc:c-652:2003,interpreta,co:constitucion:1991:art:122,,,http://www.secretariasenado.gov.co/senado/basedoc/constitucion_politica_1991.html
co:cc:c-064:2003,interpreta,co:constitucion:1991:art:122,,,http://www.secretariasenado.gov.co/senado/basedoc/constitucion_politica_1991.html
co:cc:c-094:2003,interpreta,co:constitucion:1991:art:122,,,http://www.secretariasenado.gov.co/senado/basedoc/constitucion_politica_1991.html
co:cc:c-183:2003,interpreta,co:constitucion:1991:art:122,,,http://www.secretariasenado.gov.co/senado/basedoc/constitucion_politica_1991.html
co:cc:c-252:2003,interpreta,co:constitucion:1991:art:122,,,http://www.secretariasenado.gov.co/senado/basedoc/constitucion_politica_1991.html
co:cc:c-312:2003,interpreta,co:constitucion:1991:art:122,,,http://www.secretariasenado.gov.co/senado/basedoc/constitucion_politica_1991.html
co:cc:c-124:2004,interpreta,co:constitucion:1991:art:122,,,http://www.secretariasenado.gov.co/senado/basedoc/constitucion_politica_1991.html
co:cc:c-432:2004,interpreta,co:constitucion:1991:art:122,,,http://www.secretariasenado.gov.co/senado/basedoc/constitucion_politica_1991.html
co:cc:c-353:2009,interpreta,co:constitucion:1991:art:122,,,http://www.secretariasenado.gov.co/senado/basedoc/constitucion_politica_1991.html
co:cc:c-171:2012,interpreta,co:constitucion:1991:art:122,,,http://www.secretariasenado.gov.co/senado/basedoc/constitucion_politica_1991.html
co:cc:c-449:1992,interpreta,co:constitucion:1991:art:123,,,http://www.secretariasenado.gov.co/senado/basedoc/constitucion_politica_1991.html
co:cc:c-479:1992,interpreta,co:constitucion:1991:art:123,,,http://www.secretariasenado.gov.co/senado/basedoc/constitucion_politica_1991.html
co:cc:c-543:1992,interpreta,co:constitucion:1991:art:123,,,http://www.secretariasenado.gov.co/senado/basedoc/constitucion_politica_1991.html
co:cc:c-549:1992,interpreta,co:constitucion:1991:art:123,,,http://www.secretariasenado.gov.co/senado/basedoc/constitucion_politica_1991.html
co:cc:c-592:1992,interpreta,co:constitucion:1991:art:123,,,http://www.secretariasenado.gov.co/senado/basedoc/constitucion_politica_1991.html
co:cc:c-007:1993,interpreta,co:constitucion:1991:art:123,,,http://www.secretariasenado.gov.co/senado/basedoc/constitucion_politica_1991.html
co:cc:c-027:1993,interpreta,co:constitucion:1991:art:123,,,http://www.secretariasenado.gov.co/senado/basedoc/constitucion_politica_1991.html
co:cc:c-056:1993,interpreta,co:constitucion:1991:art:123,,,http://www.secretariasenado.gov.co/senado/basedoc/constitucion_politica_1991.html
co:cc:c-112:1993,interpreta,co:constitucion:1991:art:123,,,http://www.secretariasenado.gov.co/senado/basedoc/constitucion_politica_1991.html
co:cc:c-133:1993,interpreta,co:constitucion:1991:art:123,,,http://www.secretariasenado.gov.co/senado/basedoc/constitucion_politica_1991.html
co:cc:c-136:1993,interpreta,co:constitucion:1991:art:123,,,http://www.secretariasenado.gov.co/senado/basedoc/constitucion_politica_1991.html
co:cc:c-143:1993,interpreta,co:constitucion:1991:art:123,,,http://www.secretariasenado.gov.co/senado/basedoc/constitucion_politica_1991.html
co:cc:c-144:1993,interpreta,co:constitucion:1991:art:123,,,http://www.secretariasenado.gov.co/senado/basedoc/constitucion_politica_1991.html
co:cc:c-181:1997,interpreta,co:constitucion:1991:art:123,,,http://www.secretariasenado.gov.co/senado/basedoc/constitucion_politica_1991.html
co:cc:c-043:2003,interpreta,co:constitucion:1991:art:123,,,http://www.secretariasenado.gov.co/senado/basedoc/constitucion_politica_1991.html
co:cc:c-094:2003,interpreta,co:constitucion:1991:art:123,,,http://www.secretariasenado.gov.co/senado/basedoc/constitucion_politica_1991.html
co:cc:c-432:2004,interpreta,co:constitucion:1991:art:123,,,http://www.secretariasenado.gov.co/senado/basedoc/constitucion_politica_1991.html
co:cc:c-458:2004,interpreta,co:constitucion:1991:art:123,,,http://www.secretariasenado.gov.co/senado/basedoc/constitucion_politica_1991.html
co:cc:c-039:2006,interpreta,co:constitucion:1991:art:123,,,http://www.secretariasenado.gov.co/senado/basedoc/constitucion_politica_1991.html
co:cc:c-722:2007,interpreta,co:constitucion:1991:art:123,,,http://www.secretariasenado.gov.co/senado/basedoc/constitucion_politica_1991.html
co:cc:c-736:2007,interpreta,co:constitucion:1991:art:123,,,http://www.secretariasenado.gov.co/senado/basedoc/constitucion_politica_1991.html
co:cc:c-909:2007,interpreta,co:constitucion:1991:art:123,,,http://www.secretariasenado.gov.co/senado/basedoc/constitucion_politica_1991.html
co:cc:c-335:2008,interpreta,co:constitucion:1991:art:123,,,http://www.secretariasenado.gov.co/senado/basedoc/constitucion_politica_1991.html
co:cc:c-753:2008,interpreta,co:constitucion:1991:art:123,,,http://www.secretariasenado.gov.co/senado/basedoc/constitucion_politica_1991.html
co:cc:c-338:2011,interpreta,co:constitucion:1991:art:123,,,http://www.secretariasenado.gov.co/senado/basedoc/constitucion_politica_1991.html
co:cc:c-118:2018,interpreta,co:constitucion:1991:art:123,,,http://www.secretariasenado.gov.co/senado/basedoc/constitucion_politica_1991.html
co:cc:c-098:2019,interpreta,co:constitucion:1991:art:123,,,http://www.secretariasenado.gov.co/senado/basedoc/constitucion_politica_1991.html
co:cc:c-479:1992,interpreta,co:constitucion:1991:art:124,,,http://www.secretariasenado.gov.co/senado/basedoc/constitucion_politica_1991.html
co:cc:c-056:1993,interpreta,co:constitucion:1991:art:124,,,http://www.secretariasenado.gov.co/senado/basedoc/constitucion_politica_1991.html
co:cc:c-136:1993,interpreta,co:constitucion:1991:art:124,,,http://www.secretariasenado.gov.co/senado/basedoc/constitucion_politica_1991.html
co:cc:c-214:1993,interpreta,co:constitucion:1991:art:124,,,http://www.secretariasenado.gov.co/senado/basedoc/constitucion_politica_1991.html
co:cc:c-417:1993,interpreta,co:constitucion:1991:art:124,,,http://www.secretariasenado.gov.co/senado/basedoc/constitucion_politica_1991.html
co:cc:c-454:1993,interpreta,co:constitucion:1991:art:124,,,http://www.secretariasenado.gov.co/senado/basedoc/constitucion_politica_1991.html
co:cc:c-531:1993,interpreta,co:constitucion:1991:art:124,,,http://www.secretariasenado.gov.co/senado/basedoc/constitucion_politica_1991.html
co:cc:c-544:1993,interpreta,co:constitucion:1991:art:124,,,http://www.secretariasenado.gov.co/senado/basedoc/constitucion_politica_1991.html
co:cc:c-546:1993,interpreta,co:constitucion:1991:art:124,,,http://www.secretariasenado.gov.co/senado/basedoc/constitucion_politica_1991.html
co:cc:c-591:1993,interpreta,co:constitucion:1991:art:124,,,http://www.secretariasenado.gov.co/senado/basedoc/constitucion_politica_1991.html
co:cc:c-094:2003,interpreta,co:constitucion:1991:art:124,,,http://www.secretariasenado.gov.co/senado/basedoc/constitucion_politica_1991.html
co:cc:c-328:2003,interpreta,co:constitucion:1991:art:124,,,http://www.secretariasenado.gov.co/senado/basedoc/constitucion_politica_1991.html
co:cc:c-528:2003,interpreta,co:constitucion:1991:art:124,,,http://www.secretariasenado.gov.co/senado/basedoc/constitucion_politica_1991.html
co:cc:c-107:2004,interpreta,co:constitucion:1991:art:124,,,http://www.secretariasenado.gov.co/senado/basedoc/constitucion_politica_1991.html
co:cc:c-633:2012,interpreta,co:constitucion:1991:art:124,,,http://www.secretariasenado.gov.co/senado/basedoc/constitucion_politica_1991.html
co:cc:c-084:2018,interpreta,co:constitucion:1991:art:125,,,http://www.secretariasenado.gov.co/senado/basedoc/constitucion_politica_1991.html
co:acto-legislativo:1:2003:art:6,adiciona,co:constitucion:1991:art:125,2003-07-03,,http://www.secretariasenado.gov.co/senado/basedoc/constitucion_politica_1991.html
co:cc:c-166:2014,interpreta,co:constitucion:1991:art:125,,,http://www.secretariasenado.gov.co/senado/basedoc/constitucion_politica_1991.html
co:acto-legislativo:1:2008:art:1,adiciona,co:constitucion:1991:art:125,2008-12-26,,http://www.secretariasenado.gov.co/senado/basedoc/constitucion_politica_1991.html
co:cc:c-479:1992,interpreta,co:constitucion:1991:art:125,,,http://www.secretariasenado.gov.co/senado/basedoc/constitucion_politica_1991.html
co:cc:c-056:1993,interpreta,co:constitucion:1991:art:125,,,http://www.secretariasenado.gov.co/senado/basedoc/constitucion_politica_1991.html
co:cc:c-071:1993,interpreta,co:constitucion:1991:art:125,,,http://www.secretariasenado.gov.co/senado/basedoc/constitucion_politica_1991.html
co:cc:c-175:1993,interpreta,co:constitucion:1991:art:125,,,http://www.secretariasenado.gov.co/senado/basedoc/constitucion_politica_1991.html
co:cc:c-337:1993,interpreta,co:constitucion:1991:art:125,,,http://www.secretariasenado.gov.co/senado/basedoc/constitucion_politica_1991.html
co:cc:c-391:1993,interpreta,co:constitucion:1991:art:125,,,http://www.secretariasenado.gov.co/senado/basedoc/constitucion_politica_1991.html
co:cc:c-532:1993,interpreta,co:constitucion:1991:art:125,,,http://www.secretariasenado.gov.co/senado/basedoc/constitucion_politica_1991.html
co:cc:c-537:1993,interpreta,co:constitucion:1991:art:125,,,http://www.secretariasenado.gov.co/senado/basedoc/constitucion_politica_1991.html
co:cc:c-546:1993,interpreta,co:constitucion:1991:art:125,,,http://www.secretariasenado.gov.co/senado/basedoc/constitucion_politica_1991.html
co:cc:c-591:1993,interpreta,co:constitucion:1991:art:125,,,http://www.secretariasenado.gov.co/senado/basedoc/constitucion_politica_1991.html
co:cc:c-517:2002,interpreta,co:constitucion:1991:art:125,,,http://www.secretariasenado.gov.co/senado/basedoc/constitucion_politica_1991.html
co:cc:c-094:2003,interpreta,co:constitucion:1991:art:125,,,http://www.secretariasenado.gov.co/senado/basedoc/constitucion_politica_1991.html
co:cc:c-161:2003,interpreta,co:constitucion:1991:art:125,,,http://www.secretariasenado.gov.co/senado/basedoc/constitucion_politica_1991.html
co:cc:c-312:2003,interpreta,co:constitucion:1991:art:125,,,http://www.secretariasenado.gov.co/senado/basedoc/constitucion_politica_1991.html
co:cc:c-450:2003,interpreta,co:constitucion:1991:art:125,,,http://www.secretariasenado.gov.co/senado/basedoc/constitucion_politica_1991.html
co:cc:c-483:2003,interpreta,co:constitucion:1991:art:125,,,http://www.secretariasenado.gov.co/senado/basedoc/constitucion_politica_1991.html
co:cc:c-942:2003,interpreta,co:constitucion:1991:art:125,,,http://www.secretariasenado.gov.co/senado/basedoc/constitucion_politica_1991.html
co:cc:c-963:2003,interpreta,co:constitucion:1991:art:125,,,http://www.secretariasenado.gov.co/senado/basedoc/constitucion_politica_1991.html
co:cc:c-969:2003,interpreta,co:constitucion:1991:art:125,,,http://www.secretariasenado.gov.co/senado/basedoc/constitucion_politica_1991.html
co:cc:c-1003:2003,interpreta,co:constitucion:1991:art:125,,,http://www.secretariasenado.gov.co/senado/basedoc/constitucion_politica_1991.html
co:cc:c-1037:2003,interpreta,co:constitucion:1991:art:125,,,http://www.secretariasenado.gov.co/senado/basedoc/constitucion_politica_1991.html
co:cc:c-023:2004,interpreta,co:constitucion:1991:art:125,,,http://www.secretariasenado.gov.co/senado/basedoc/constitucion_politica_1991.html
co:cc:c-077:2004,interpreta,co:constitucion:1991:art:125,,,http://www.secretariasenado.gov.co/senado/basedoc/constitucion_politica_1991.html
co:cc:c-100:2004,interpreta,co:constitucion:1991:art:125,,,http://www.secretariasenado.gov.co/senado/basedoc/constitucion_politica_1991.html
co:cc:c-432:2004,interpreta,co:constitucion:1991:art:125,,,http://www.secretariasenado.gov.co/senado/basedoc/constitucion_politica_1991.html
co:cc:c-508:2004,interpreta,co:constitucion:1991:art:125,,,http://www.secretariasenado.gov.co/senado/basedoc/constitucion_politica_1991.html
co:cc:c-572:2004,interpreta,co:constitucion:1991:art:125,,,http://www.secretariasenado.gov.co/senado/basedoc/constitucion_politica_1991.html
co:cc:c-423:2005,interpreta,co:constitucion:1991:art:125,,,http://www.secretariasenado.gov.co/senado/basedoc/constitucion_politica_1991.html
co:cc:c-478:2005,interpreta,co:constitucion:1991:art:125,,,http://www.secretariasenado.gov.co/senado/basedoc/constitucion_politica_1991.html
co:cc:c-501:2005,interpreta,co:constitucion:1991:art:125,,,http://www.secretariasenado.gov.co/senado/basedoc/constitucion_politica_1991.html
co:cc:c-1173:2005,interpreta,co:constitucion:1991:art:125,,,http://www.secretariasenado.gov.co/senado/basedoc/constitucion_politica_1991.html
co:cc:c-1230:2005,interpreta,co:constitucion:1991:art:125,,,http://www.secretariasenado.gov.co/senado/basedoc/constitucion_politica_1991.html
co:cc:c-1262:2005,interpreta,co:constitucion:1991:art:125,,,http://www.secretariasenado.gov.co/senado/basedoc/constitucion_politica_1991.html
co:cc:c-039:2006,interpreta,co:constitucion:1991:art:125,,,http://www.secretariasenado.gov.co/senado/basedoc/constitucion_politica_1991.html
co:cc:c-179:2006,interpreta,co:constitucion:1991:art:125,,,http://www.secretariasenado.gov.co/senado/basedoc/constitucion_politica_1991.html
co:cc:c-473:2006,interpreta,co:constitucion:1991:art:125,,,http://www.secretariasenado.gov.co/senado/basedoc/constitucion_politica_1991.html
co:cc:c-651:2006,interpreta,co:constitucion:1991:art:125,,,http://www.secretariasenado.gov.co/senado/basedoc/constitucion_politica_1991.html
co:cc:c-211:2007,interpreta,co:constitucion:1991:art:125,,,http://www.secretariasenado.gov.co/senado/basedoc/constitucion_politica_1991.html
co:cc:c-290:2007,interpreta,co:constitucion:1991:art:125,,,http://www.secretariasenado.gov.co/senado/basedoc/constitucion_politica_1991.html
co:cc:c-315:2007,interpreta,co:constitucion:1991:art:125,,,http://www.secretariasenado.gov.co/senado/basedoc/constitucion_politica_1991.html
co:cc:c-319:2007,interpreta,co:constitucion:1991:art:125,,,http://www.secretariasenado.gov.co/senado/basedoc/constitucion_politica_1991.html
co:cc:c-713:2008,interpreta,co:constitucion:1991:art:125,,,http://www.secretariasenado.gov.co/senado/basedoc/constitucion_politica_1991.html
co:cc:c-753:2008,interpreta,co:constitucion:1991:art:125,,,http://www.secretariasenado.gov.co/senado/basedoc/constitucion_politica_1991.html
co:cc:c-901:2008,interpreta,co:constitucion:1991:art:125,,,http://www.secretariasenado.gov.co/senado/basedoc/constitucion_politica_1991.html
co:cc:c-181:2010,interpreta,co:constitucion:1991:art:125,,,http://www.secretariasenado.gov.co/senado/basedoc/constitucion_politica_1991.html
co:cc:c-553:2010,interpreta,co:constitucion:1991:art:125,,,http://www.secretariasenado.gov.co/senado/basedoc/constitucion_politica_1991.html
co:cc:c-984:2010,interpreta,co:constitucion:1991:art:125,,,http://www.secretariasenado.gov.co/senado/basedoc/constitucion_politica_1991.html
co:cc:c-284:2011,interpreta,co:constitucion:1991:art:125,,,http://www.secretariasenado.gov.co/senado/basedoc/constitucion_politica_1991.html
co:cc:c-249:2012,interpreta,co:constitucion:1991:art:125,,,http://www.secretariasenado.gov.co/senado/basedoc/constitucion_politica_1991.html
co:cc:c-333:2012,interpreta,co:constitucion:1991:art:125,,,http://www.secretariasenado.gov.co/senado/basedoc/constitucion_politica_1991.html
co:cc:c-098:2013,interpreta,co:constitucion:1991:art:125,,,http://www.secretariasenado.gov.co/senado/basedoc/constitucion_politica_1991.html
co:cc:c-105:2013,interpreta,co:constitucion:1991:art:125,,,http://www.secretariasenado.gov.co/senado/basedoc/constitucion_politica_1991.html
co:cc:c-123:2013,interpreta,co:constitucion:1991:art:125,,,http://www.secretariasenado.gov.co/senado/basedoc/constitucion_politica_1991.html
co:cc:c-471:2013,interpreta,co:constitucion:1991:art:125,,,http://www.secretariasenado.gov.co/senado/basedoc/constitucion_politica_1991.html
co:cc:c-532:2013,interpreta,co:constitucion:1991:art:125,,,http://www.secretariasenado.gov.co/senado/basedoc/constitucion_politica_1991.html
co:cc:c-824:2013,interpreta,co:constitucion:1991:art:125,,,http://www.secretariasenado.gov.co/senado/basedoc/constitucion_politica_1991.html
co:cc:c-288:2014,interpreta,co:constitucion:1991:art:125,,,http://www.secretariasenado.gov.co/senado/basedoc/constitucion_politica_1991.html
co:cc:c-034:2015,interpreta,co:constitucion:1991:art:125,,,http://www.secretariasenado.gov.co/senado/basedoc/constitucion_politica_1991.html
co:cc:c-285:2015,interpreta,co:constitucion:1991:art:125,,,http://www.secretariasenado.gov.co/senado/basedoc/constitucion_politica_1991.html
co:cc:c-618:2015,interpreta,co:constitucion:1991:art:125,,,http://www.secretariasenado.gov.co/senado/basedoc/constitucion_politica_1991.html
co:cc:c-673:2015,interpreta,co:constitucion:1991:art:125,,,http://www.secretariasenado.gov.co/senado/basedoc/constitucion_politica_1991.html
co:cc:c-720:2015,interpreta,co:constitucion:1991:art:125,,,http://www.secretariasenado.gov.co/senado/basedoc/constitucion_politica_1991.html
co:cc:c-046:2018,interpreta,co:constitucion:1991:art:125,,,http://www.secretariasenado.gov.co/senado/basedoc/constitucion_politica_1991.html
co:cc:c-135:2018,interpreta,co:constitucion:1991:art:125,,,http://www.secretariasenado.gov.co/senado/basedoc/constitucion_politica_1991.html
co:cc:c-093:2020,interpreta,co:constitucion:1991:art:125,,,http://www.secretariasenado.gov.co/senado/basedoc/constitucion_politica_1991.html
co:cc:c-503:2020,interpreta,co:constitucion:1991:art:125,,,http://www.secretariasenado.gov.co/senado/basedoc/constitucion_politica_1991.html
co:cc:c-077:2021,interpreta,co:constitucion:1991:art:125,,,http://www.secretariasenado.gov.co/senado/basedoc/constitucion_politica_1991.html
co:cc:c-102:2022,interpreta,co:constitucion:1991:art:125,,,http://www.secretariasenado.gov.co/senado/basedoc/constitucion_politica_1991.html
co:cc:c-307:2023,interpreta,co:constitucion:1991:art:125,,,http://www.secretariasenado.gov.co/senado/basedoc/constitucion_politica_1991.html
co:cc:c-387:2023,interpreta,co:constitucion:1991:art:125,,,http://www.secretariasenado.gov.co/senado/basedoc/constitucion_politica_1991.html
co:cc:c-197:2025,interpreta,co:constitucion:1991:art:125,,,http://www.secretariasenado.gov.co/senado/basedoc/constitucion_politica_1991.html
co:acto-legislativo:2:2015:art:2,modifica,co:constitucion:1991:art:126,2015-07-01,,http://www.secretariasenado.gov.co/senado/basedoc/constitucion_politica_1991.html
co:cc:c-029:2018,declara_inexequible_parcial,co:constitucion:1991:art:126,2018-05-02,"- Artículo 2 del Acto Legislativo 2 de 2015 declarado EXEQUIBLE, por los cargos analizados, por la Corte Constitucional mediante Sentencia C-029-18 de 2 de mayo de 2018, Magistrado Ponente Dr. Alberto Rojas Ríos, salvo sobre los apartes declarados INEXEQUIBLES en la C-373-16. - La expresión subrayad",http://www.secretariasenado.gov.co/senado/basedoc/constitucion_politica_1991.html
co:cc:c-373:2016,declara_inexequible,co:constitucion:1991:art:126,2016-07-13,,http://www.secretariasenado.gov.co/senado/basedoc/constitucion_politica_1991.html
co:cc:c-537:1993,interpreta,co:constitucion:1991:art:126,,,http://www.secretariasenado.gov.co/senado/basedoc/constitucion_politica_1991.html
co:cc:c-299:1994,interpreta,co:constitucion:1991:art:126,,,http://www.secretariasenado.gov.co/senado/basedoc/constitucion_politica_1991.html
co:cc:c-415:1994,interpreta,co:constitucion:1991:art:126,,,http://www.secretariasenado.gov.co/senado/basedoc/constitucion_politica_1991.html
co:cc:c-491:1994,interpreta,co:constitucion:1991:art:126,,,http://www.secretariasenado.gov.co/senado/basedoc/constitucion_politica_1991.html
co:cc:c-133:2021,interpreta,co:constitucion:1991:art:126,,,http://www.secretariasenado.gov.co/senado/basedoc/constitucion_politica_1991.html
co:cc:c-305:2021,interpreta,co:constitucion:1991:art:126,,,http://www.secretariasenado.gov.co/senado/basedoc/constitucion_politica_1991.html
co:acto-legislativo:2:2004:art:1,modifica,co:constitucion:1991:art:127,2004-12-28,,http://www.secretariasenado.gov.co/senado/basedoc/constitucion_politica_1991.html
co:cc:c-1153:2005,interpreta,co:constitucion:1991:art:127,,,http://www.secretariasenado.gov.co/senado/basedoc/constitucion_politica_1991.html
co:cc:c-794:2014,interpreta,co:constitucion:1991:art:127,,,http://www.secretariasenado.gov.co/senado/basedoc/constitucion_politica_1991.html
co:cc:c-127:2021,interpreta,co:constitucion:1991:art:127,,,http://www.secretariasenado.gov.co/senado/basedoc/constitucion_politica_1991.html
co:acto-legislativo:2:2015:art:3,deroga,co:constitucion:1991:art:127,2015-07-01,,http://www.secretariasenado.gov.co/senado/basedoc/constitucion_politica_1991.html
co:cc:c-029:2018,declara_exequible,co:constitucion:1991:art:127,2018-05-02,,http://www.secretariasenado.gov.co/senado/basedoc/constitucion_politica_1991.html
co:cc:c-454:1993,interpreta,co:constitucion:1991:art:127,,,http://www.secretariasenado.gov.co/senado/basedoc/constitucion_politica_1991.html
co:cc:c-089:1994,interpreta,co:constitucion:1991:art:127,,,http://www.secretariasenado.gov.co/senado/basedoc/constitucion_politica_1991.html
co:cc:c-199:1994,interpreta,co:constitucion:1991:art:127,,,http://www.secretariasenado.gov.co/senado/basedoc/constitucion_politica_1991.html
co:cc:c-299:1994,interpreta,co:constitucion:1991:art:127,,,http://www.secretariasenado.gov.co/senado/basedoc/constitucion_politica_1991.html
co:cc:c-349:1994,interpreta,co:constitucion:1991:art:127,,,http://www.secretariasenado.gov.co/senado/basedoc/constitucion_politica_1991.html
co:cc:c-415:1994,interpreta,co:constitucion:1991:art:127,,,http://www.secretariasenado.gov.co/senado/basedoc/constitucion_politica_1991.html
co:cc:c-417:1992,interpreta,co:constitucion:1991:art:128,,,http://www.secretariasenado.gov.co/senado/basedoc/constitucion_politica_1991.html
co:cc:c-133:1993,interpreta,co:constitucion:1991:art:128,,,http://www.secretariasenado.gov.co/senado/basedoc/constitucion_politica_1991.html
co:cc:c-166:1993,interpreta,co:constitucion:1991:art:128,,,http://www.secretariasenado.gov.co/senado/basedoc/constitucion_politica_1991.html
co:cc:c-529:1993,interpreta,co:constitucion:1991:art:128,,,http://www.secretariasenado.gov.co/senado/basedoc/constitucion_politica_1991.html
co:cc:c-263:1994,interpreta,co:constitucion:1991:art:128,,,http://www.secretariasenado.gov.co/senado/basedoc/constitucion_politica_1991.html
co:cc:c-558:1994,interpreta,co:constitucion:1991:art:128,,,http://www.secretariasenado.gov.co/senado/basedoc/constitucion_politica_1991.html
co:cc:c-043:2003,interpreta,co:constitucion:1991:art:128,,,http://www.secretariasenado.gov.co/senado/basedoc/constitucion_politica_1991.html
co:cc:c-407:2003,interpreta,co:constitucion:1991:art:128,,,http://www.secretariasenado.gov.co/senado/basedoc/constitucion_politica_1991.html
co:cc:c-407:2004,interpreta,co:constitucion:1991:art:128,,,http://www.secretariasenado.gov.co/senado/basedoc/constitucion_politica_1991.html
co:cc:c-299:1994,interpreta,co:constitucion:1991:art:129,,,http://www.secretariasenado.gov.co/senado/basedoc/constitucion_politica_1991.html
co:cc:c-308:2004,interpreta,co:constitucion:1991:art:129,,,http://www.secretariasenado.gov.co/senado/basedoc/constitucion_politica_1991.html
co:cc:c-391:1993,interpreta,co:constitucion:1991:art:130,,,http://www.secretariasenado.gov.co/senado/basedoc/constitucion_politica_1991.html
co:cc:c-356:1994,interpreta,co:constitucion:1991:art:130,,,http://www.secretariasenado.gov.co/senado/basedoc/constitucion_politica_1991.html
co:cc:c-493:1994,interpreta,co:constitucion:1991:art:130,,,http://www.secretariasenado.gov.co/senado/basedoc/constitucion_politica_1991.html
co:cc:c-517:2002,interpreta,co:constitucion:1991:art:130,,,http://www.secretariasenado.gov.co/senado/basedoc/constitucion_politica_1991.html
co:cc:c-454:2005,interpreta,co:constitucion:1991:art:130,,,http://www.secretariasenado.gov.co/senado/basedoc/constitucion_politica_1991.html
co:cc:c-1230:2005,interpreta,co:constitucion:1991:art:130,,,http://www.secretariasenado.gov.co/senado/basedoc/constitucion_politica_1991.html
co:cc:c-1265:2005,interpreta,co:constitucion:1991:art:130,,,http://www.secretariasenado.gov.co/senado/basedoc/constitucion_politica_1991.html
co:cc:c-073:2006,interpreta,co:constitucion:1991:art:130,,,http://www.secretariasenado.gov.co/senado/basedoc/constitucion_politica_1991.html
co:cc:c-109:2006,interpreta,co:constitucion:1991:art:130,,,http://www.secretariasenado.gov.co/senado/basedoc/constitucion_politica_1991.html
co:cc:c-175:2006,interpreta,co:constitucion:1991:art:130,,,http://www.secretariasenado.gov.co/senado/basedoc/constitucion_politica_1991.html
co:cc:c-753:2008,interpreta,co:constitucion:1991:art:130,,,http://www.secretariasenado.gov.co/senado/basedoc/constitucion_politica_1991.html
co:cc:c-372:1999,interpreta,co:constitucion:1991:art:130,,,http://www.secretariasenado.gov.co/senado/basedoc/constitucion_politica_1991.html
co:cc:c-746:1999,interpreta,co:constitucion:1991:art:130,,,http://www.secretariasenado.gov.co/senado/basedoc/constitucion_politica_1991.html
co:cc:c-250:2013,interpreta,co:constitucion:1991:art:130,,,http://www.secretariasenado.gov.co/senado/basedoc/constitucion_politica_1991.html
co:cc:c-471:2013,interpreta,co:constitucion:1991:art:130,,,http://www.secretariasenado.gov.co/senado/basedoc/constitucion_politica_1991.html
co:cc:c-285:2015,interpreta,co:constitucion:1991:art:130,,,http://www.secretariasenado.gov.co/senado/basedoc/constitucion_politica_1991.html
co:cc:c-645:2016,interpreta,co:constitucion:1991:art:130,,,http://www.secretariasenado.gov.co/senado/basedoc/constitucion_politica_1991.html
co:cc:c-183:2019,interpreta,co:constitucion:1991:art:130,,,http://www.secretariasenado.gov.co/senado/basedoc/constitucion_politica_1991.html
co:cc:c-172:2021,interpreta,co:constitucion:1991:art:130,,,http://www.secretariasenado.gov.co/senado/basedoc/constitucion_politica_1991.html
co:cc:c-331:2022,interpreta,co:constitucion:1991:art:130,,,http://www.secretariasenado.gov.co/senado/basedoc/constitucion_politica_1991.html
co:cc:c-084:2018,interpreta,co:constitucion:1991:art:131,,,http://www.secretariasenado.gov.co/senado/basedoc/constitucion_politica_1991.html
co:cc:c-079:2025,interpreta,co:constitucion:1991:art:131,,,http://www.secretariasenado.gov.co/senado/basedoc/constitucion_politica_1991.html
co:cc:c-421:2006,interpreta,co:constitucion:1991:art:131,,,http://www.secretariasenado.gov.co/senado/basedoc/constitucion_politica_1991.html
co:cc:c-590:1992,interpreta,co:constitucion:1991:art:131,,,http://www.secretariasenado.gov.co/senado/basedoc/constitucion_politica_1991.html
co:cc:c-015:1993,interpreta,co:constitucion:1991:art:131,,,http://www.secretariasenado.gov.co/senado/basedoc/constitucion_politica_1991.html
co:cc:c-333:1993,interpreta,co:constitucion:1991:art:131,,,http://www.secretariasenado.gov.co/senado/basedoc/constitucion_politica_1991.html
co:cc:c-363:1993,interpreta,co:constitucion:1991:art:131,,,http://www.secretariasenado.gov.co/senado/basedoc/constitucion_politica_1991.html
co:cc:c-216:1993,interpreta,co:constitucion:1991:art:131,,,http://www.secretariasenado.gov.co/senado/basedoc/constitucion_politica_1991.html
co:cc:c-357:1994,interpreta,co:constitucion:1991:art:131,,,http://www.secretariasenado.gov.co/senado/basedoc/constitucion_politica_1991.html
co:cc:c-601:1996,interpreta,co:constitucion:1991:art:131,,,http://www.secretariasenado.gov.co/senado/basedoc/constitucion_politica_1991.html
co:cc:c-181:1997,interpreta,co:constitucion:1991:art:131,,,http://www.secretariasenado.gov.co/senado/basedoc/constitucion_politica_1991.html
co:cc:c-305:2004,interpreta,co:constitucion:1991:art:131,,,http://www.secretariasenado.gov.co/senado/basedoc/constitucion_politica_1991.html
co:cc:c-863:2012,interpreta,co:constitucion:1991:art:131,,,http://www.secretariasenado.gov.co/senado/basedoc/constitucion_politica_1991.html
co:cc:c-052:2021,interpreta,co:constitucion:1991:art:131,,,http://www.secretariasenado.gov.co/senado/basedoc/constitucion_politica_1991.html
co:cc:c-025:1993,interpreta,co:constitucion:1991:art:132,,,http://www.secretariasenado.gov.co/senado/basedoc/constitucion_politica_1991.html
co:cc:c-093:1994,interpreta,co:constitucion:1991:art:132,,,http://www.secretariasenado.gov.co/senado/basedoc/constitucion_politica_1991.html
co:cc:c-145:1994,interpreta,co:constitucion:1991:art:132,,,http://www.secretariasenado.gov.co/senado/basedoc/constitucion_politica_1991.html
co:cc:c-334:1994,interpreta,co:constitucion:1991:art:132,,,http://www.secretariasenado.gov.co/senado/basedoc/constitucion_politica_1991.html
co:acto-legislativo:1:2009:art:5,modifica,co:constitucion:1991:art:133,2009-07-14,,http://www.secretariasenado.gov.co/senado/basedoc/constitucion_politica_1991.html
co:cc:c-025:1993,interpreta,co:constitucion:1991:art:133,,,http://www.secretariasenado.gov.co/senado/basedoc/constitucion_politica_1991.html
co:cc:c-011:1994,interpreta,co:constitucion:1991:art:133,,,http://www.secretariasenado.gov.co/senado/basedoc/constitucion_politica_1991.html
co:cc:c-093:1994,interpreta,co:constitucion:1991:art:133,,,http://www.secretariasenado.gov.co/senado/basedoc/constitucion_politica_1991.html
co:cc:c-180:1994,interpreta,co:constitucion:1991:art:133,,,http://www.secretariasenado.gov.co/senado/basedoc/constitucion_politica_1991.html
co:cc:c-334:1994,interpreta,co:constitucion:1991:art:133,,,http://www.secretariasenado.gov.co/senado/basedoc/constitucion_politica_1991.html
co:cc:c-349:1994,interpreta,co:constitucion:1991:art:133,,,http://www.secretariasenado.gov.co/senado/basedoc/constitucion_politica_1991.html
co:cc:c-022:2004,interpreta,co:constitucion:1991:art:133,,,http://www.secretariasenado.gov.co/senado/basedoc/constitucion_politica_1991.html
co:cc:c-069:2004,interpreta,co:constitucion:1991:art:133,,,http://www.secretariasenado.gov.co/senado/basedoc/constitucion_politica_1991.html
co:cc:c-225:2008,interpreta,co:constitucion:1991:art:133,,,http://www.secretariasenado.gov.co/senado/basedoc/constitucion_politica_1991.html
co:cc:c-1017:2012,interpreta,co:constitucion:1991:art:133,,,http://www.secretariasenado.gov.co/senado/basedoc/constitucion_politica_1991.html
co:cc:c-368:2013,interpreta,co:constitucion:1991:art:133,,,http://www.secretariasenado.gov.co/senado/basedoc/constitucion_politica_1991.html
co:cc:c-134:2014,interpreta,co:constitucion:1991:art:133,,,http://www.secretariasenado.gov.co/senado/basedoc/constitucion_politica_1991.html
co:cc:c-224:2014,interpreta,co:constitucion:1991:art:133,,,http://www.secretariasenado.gov.co/senado/basedoc/constitucion_politica_1991.html
co:cc:c-585:2014,interpreta,co:constitucion:1991:art:133,,,http://www.secretariasenado.gov.co/senado/basedoc/constitucion_politica_1991.html
co:cc:c-208:2016,interpreta,co:constitucion:1991:art:133,,,http://www.secretariasenado.gov.co/senado/basedoc/constitucion_politica_1991.html
co:cc:c-298:2016,interpreta,co:constitucion:1991:art:133,,,http://www.secretariasenado.gov.co/senado/basedoc/constitucion_politica_1991.html
co:acto-legislativo:2:2015:art:4,modifica,co:constitucion:1991:art:134,2015-07-01,,http://www.secretariasenado.gov.co/senado/basedoc/constitucion_politica_1991.html
co:acto-legislativo:1:2009:art:6,modifica,co:constitucion:1991:art:134,2009-07-14,,http://www.secretariasenado.gov.co/senado/basedoc/constitucion_politica_1991.html
co:acto-legislativo:3:1993:art:1,modifica,co:constitucion:1991:art:134,1993-12-31,fecha aproximada: la fuente solo da el año,http://www.secretariasenado.gov.co/senado/basedoc/constitucion_politica_1991.html
co:cc:c-029:2018,declara_exequible,co:constitucion:1991:art:134,2018-05-02,,http://www.secretariasenado.gov.co/senado/basedoc/constitucion_politica_1991.html
co:cc:c-531:1993,interpreta,co:constitucion:1991:art:134,,,http://www.secretariasenado.gov.co/senado/basedoc/constitucion_politica_1991.html
co:cc:c-532:1993,interpreta,co:constitucion:1991:art:134,,,http://www.secretariasenado.gov.co/senado/basedoc/constitucion_politica_1991.html
co:cc:c-349:1994,interpreta,co:constitucion:1991:art:134,,,http://www.secretariasenado.gov.co/senado/basedoc/constitucion_politica_1991.html
co:cc:c-699:2013,interpreta,co:constitucion:1991:art:134,,,http://www.secretariasenado.gov.co/senado/basedoc/constitucion_politica_1991.html
co:cc:c-302:2021,interpreta,co:constitucion:1991:art:134,,,http://www.secretariasenado.gov.co/senado/basedoc/constitucion_politica_1991.html
co:cc:c-428:1993,interpreta,co:constitucion:1991:art:135,,,http://www.secretariasenado.gov.co/senado/basedoc/constitucion_politica_1991.html
co:cc:c-069:1994,interpreta,co:constitucion:1991:art:135,,,http://www.secretariasenado.gov.co/senado/basedoc/constitucion_politica_1991.html
co:cc:c-372:2004,interpreta,co:constitucion:1991:art:135,,,http://www.secretariasenado.gov.co/senado/basedoc/constitucion_politica_1991.html
co:cc:c-572:2004,interpreta,co:constitucion:1991:art:135,,,http://www.secretariasenado.gov.co/senado/basedoc/constitucion_politica_1991.html
co:acto-legislativo:1:2003:art:7,modifica,co:constitucion:1991:art:135,2003-07-03,la fuente marca INEXEQUIBLE sobre esta reforma — verificar si surtió efecto,http://www.secretariasenado.gov.co/senado/basedoc/constitucion_politica_1991.html
co:cc:c-372:2004,declara_inexequible,co:constitucion:1991:art:135,2004-04-27,,http://www.secretariasenado.gov.co/senado/basedoc/constitucion_politica_1991.html
co:cc:c-432:2017,interpreta,co:constitucion:1991:art:135,,,http://www.secretariasenado.gov.co/senado/basedoc/constitucion_politica_1991.html
co:acto-legislativo:1:2007:art:1,modifica,co:constitucion:1991:art:135,2007-06-27,,http://www.secretariasenado.gov.co/senado/basedoc/constitucion_politica_1991.html
co:cc:c-179:1994,interpreta,co:constitucion:1991:art:135,,,http://www.secretariasenado.gov.co/senado/basedoc/constitucion_politica_1991.html
co:cc:c-198:1994,interpreta,co:constitucion:1991:art:135,,,http://www.secretariasenado.gov.co/senado/basedoc/constitucion_politica_1991.html
co:cc:c-518:2007,interpreta,co:constitucion:1991:art:135,,,http://www.secretariasenado.gov.co/senado/basedoc/constitucion_politica_1991.html
co:acto-legislativo:1:2007:art:2,modifica,co:constitucion:1991:art:135,2007-06-27,,http://www.secretariasenado.gov.co/senado/basedoc/constitucion_politica_1991.html
co:cc:c-376:1994,interpreta,co:constitucion:1991:art:135,,,http://www.secretariasenado.gov.co/senado/basedoc/constitucion_politica_1991.html
co:cc:c-270:1993,interpreta,co:constitucion:1991:art:136,,,http://www.secretariasenado.gov.co/senado/basedoc/constitucion_politica_1991.html
co:cc:c-337:1993,interpreta,co:constitucion:1991:art:136,,,http://www.secretariasenado.gov.co/senado/basedoc/constitucion_politica_1991.html
co:cc:c-468:1993,interpreta,co:constitucion:1991:art:136,,,http://www.secretariasenado.gov.co/senado/basedoc/constitucion_politica_1991.html
co:cc:c-544:1993,interpreta,co:constitucion:1991:art:136,,,http://www.secretariasenado.gov.co/senado/basedoc/constitucion_politica_1991.html
co:cc:c-069:1994,interpreta,co:constitucion:1991:art:136,,,http://www.secretariasenado.gov.co/senado/basedoc/constitucion_politica_1991.html
co:cc:c-089:1994,interpreta,co:constitucion:1991:art:136,,,http://www.secretariasenado.gov.co/senado/basedoc/constitucion_politica_1991.html
co:cc:c-198:1994,interpreta,co:constitucion:1991:art:136,,,http://www.secretariasenado.gov.co/senado/basedoc/constitucion_politica_1991.html
co:cc:c-200:1994,interpreta,co:constitucion:1991:art:136,,,http://www.secretariasenado.gov.co/senado/basedoc/constitucion_politica_1991.html
co:cc:c-337:1994,interpreta,co:constitucion:1991:art:136,,,http://www.secretariasenado.gov.co/senado/basedoc/constitucion_politica_1991.html
co:cc:c-424:1994,interpreta,co:constitucion:1991:art:136,,,http://www.secretariasenado.gov.co/senado/basedoc/constitucion_politica_1991.html
co:cc:c-489:1994,interpreta,co:constitucion:1991:art:136,,,http://www.secretariasenado.gov.co/senado/basedoc/constitucion_politica_1991.html
co:cc:c-491:1994,interpreta,co:constitucion:1991:art:136,,,http://www.secretariasenado.gov.co/senado/basedoc/constitucion_politica_1991.html
co:cc:c-492:1994,interpreta,co:constitucion:1991:art:136,,,http://www.secretariasenado.gov.co/senado/basedoc/constitucion_politica_1991.html
co:cc:c-497:1994,interpreta,co:constitucion:1991:art:136,,,http://www.secretariasenado.gov.co/senado/basedoc/constitucion_politica_1991.html
co:cc:c-560:1994,interpreta,co:constitucion:1991:art:136,,,http://www.secretariasenado.gov.co/senado/basedoc/constitucion_politica_1991.html
co:cc:c-196:1998,interpreta,co:constitucion:1991:art:136,,,http://www.secretariasenado.gov.co/senado/basedoc/constitucion_politica_1991.html
co:cc:c-022:2004,interpreta,co:constitucion:1991:art:136,,,http://www.secretariasenado.gov.co/senado/basedoc/constitucion_politica_1991.html
co:cc:c-246:2004,interpreta,co:constitucion:1991:art:136,,,http://www.secretariasenado.gov.co/senado/basedoc/constitucion_politica_1991.html
co:cc:c-351:2004,interpreta,co:constitucion:1991:art:136,,,http://www.secretariasenado.gov.co/senado/basedoc/constitucion_politica_1991.html
co:cc:c-1050:2012,interpreta,co:constitucion:1991:art:136,,,http://www.secretariasenado.gov.co/senado/basedoc/constitucion_politica_1991.html
co:cc:c-630:2014,interpreta,co:constitucion:1991:art:136,,,http://www.secretariasenado.gov.co/senado/basedoc/constitucion_politica_1991.html
co:cc:c-190:2022,interpreta,co:constitucion:1991:art:136,,,http://www.secretariasenado.gov.co/senado/basedoc/constitucion_politica_1991.html
co:cc:c-227:1993,interpreta,co:constitucion:1991:art:136,,,http://www.secretariasenado.gov.co/senado/basedoc/constitucion_politica_1991.html
co:cc:c-260:1993,interpreta,co:constitucion:1991:art:136,,,http://www.secretariasenado.gov.co/senado/basedoc/constitucion_politica_1991.html
co:cc:c-364:1993,interpreta,co:constitucion:1991:art:136,,,http://www.secretariasenado.gov.co/senado/basedoc/constitucion_politica_1991.html
co:cc:c-022:1994,interpreta,co:constitucion:1991:art:136,,,http://www.secretariasenado.gov.co/senado/basedoc/constitucion_politica_1991.html
co:cc:c-311:1994,interpreta,co:constitucion:1991:art:136,,,http://www.secretariasenado.gov.co/senado/basedoc/constitucion_politica_1991.html
co:cc:c-547:1994,interpreta,co:constitucion:1991:art:136,,,http://www.secretariasenado.gov.co/senado/basedoc/constitucion_politica_1991.html
co:cc:c-032:2004,interpreta,co:constitucion:1991:art:136,,,http://www.secretariasenado.gov.co/senado/basedoc/constitucion_politica_1991.html
co:cc:c-045:2004,interpreta,co:constitucion:1991:art:136,,,http://www.secretariasenado.gov.co/senado/basedoc/constitucion_politica_1991.html
co:cc:c-034:2019,interpreta,co:constitucion:1991:art:136,,,http://www.secretariasenado.gov.co/senado/basedoc/constitucion_politica_1991.html
co:cc:c-124:2022,interpreta,co:constitucion:1991:art:136,,,http://www.secretariasenado.gov.co/senado/basedoc/constitucion_politica_1991.html
co:cc:c-145:1994,interpreta,co:constitucion:1991:art:136,,,http://www.secretariasenado.gov.co/senado/basedoc/constitucion_politica_1991.html
co:cc:c-449:1992,interpreta,co:constitucion:1991:art:136,,,http://www.secretariasenado.gov.co/senado/basedoc/constitucion_politica_1991.html
co:cc:c-216:1994,interpreta,co:constitucion:1991:art:136,,,http://www.secretariasenado.gov.co/senado/basedoc/constitucion_politica_1991.html
co:cc:c-528:1994,interpreta,co:constitucion:1991:art:136,,,http://www.secretariasenado.gov.co/senado/basedoc/constitucion_politica_1991.html
co:cc:c-165:1993,interpreta,co:constitucion:1991:art:137,,,http://www.secretariasenado.gov.co/senado/basedoc/constitucion_politica_1991.html
co:cc:c-198:1994,interpreta,co:constitucion:1991:art:137,,,http://www.secretariasenado.gov.co/senado/basedoc/constitucion_politica_1991.html
co:acto-legislativo:2:2023:art:1,modifica,co:constitucion:1991:art:138,2023-07-06,,http://www.secretariasenado.gov.co/senado/basedoc/constitucion_politica_1991.html
co:cc:c-607:1992,interpreta,co:constitucion:1991:art:138,,,http://www.secretariasenado.gov.co/senado/basedoc/constitucion_politica_1991.html
co:cc:c-011:1994,interpreta,co:constitucion:1991:art:138,,,http://www.secretariasenado.gov.co/senado/basedoc/constitucion_politica_1991.html
co:cc:c-093:1994,interpreta,co:constitucion:1991:art:138,,,http://www.secretariasenado.gov.co/senado/basedoc/constitucion_politica_1991.html
co:cc:c-198:1994,interpreta,co:constitucion:1991:art:138,,,http://www.secretariasenado.gov.co/senado/basedoc/constitucion_politica_1991.html
co:cc:c-334:1994,interpreta,co:constitucion:1991:art:138,,,http://www.secretariasenado.gov.co/senado/basedoc/constitucion_politica_1991.html
co:cc:c-408:1994,interpreta,co:constitucion:1991:art:138,,,http://www.secretariasenado.gov.co/senado/basedoc/constitucion_politica_1991.html
co:cc:c-141:2010,interpreta,co:constitucion:1991:art:138,,,http://www.secretariasenado.gov.co/senado/basedoc/constitucion_politica_1991.html
co:cc:c-685:2011,interpreta,co:constitucion:1991:art:138,,,http://www.secretariasenado.gov.co/senado/basedoc/constitucion_politica_1991.html
co:cc:c-025:1993,interpreta,co:constitucion:1991:art:141,,,http://www.secretariasenado.gov.co/senado/basedoc/constitucion_politica_1991.html
co:cc:c-061:1993,interpreta,co:constitucion:1991:art:141,,,http://www.secretariasenado.gov.co/senado/basedoc/constitucion_politica_1991.html
co:cc:c-428:1993,interpreta,co:constitucion:1991:art:141,,,http://www.secretariasenado.gov.co/senado/basedoc/constitucion_politica_1991.html
co:cc:c-022:1994,interpreta,co:constitucion:1991:art:142,,,http://www.secretariasenado.gov.co/senado/basedoc/constitucion_politica_1991.html
co:cc:c-093:1994,interpreta,co:constitucion:1991:art:142,,,http://www.secretariasenado.gov.co/senado/basedoc/constitucion_politica_1991.html
co:cc:c-145:1994,interpreta,co:constitucion:1991:art:142,,,http://www.secretariasenado.gov.co/senado/basedoc/constitucion_politica_1991.html
co:cc:c-226:1994,interpreta,co:constitucion:1991:art:142,,,http://www.secretariasenado.gov.co/senado/basedoc/constitucion_politica_1991.html
co:cc:c-311:1994,interpreta,co:constitucion:1991:art:142,,,http://www.secretariasenado.gov.co/senado/basedoc/constitucion_politica_1991.html
co:cc:c-334:1994,interpreta,co:constitucion:1991:art:142,,,http://www.secretariasenado.gov.co/senado/basedoc/constitucion_politica_1991.html
co:cc:c-011:2013,interpreta,co:constitucion:1991:art:142,,,http://www.secretariasenado.gov.co/senado/basedoc/constitucion_politica_1991.html
co:acto-legislativo:1:2009:art:7,modifica,co:constitucion:1991:art:144,2009-07-14,,http://www.secretariasenado.gov.co/senado/basedoc/constitucion_politica_1991.html
co:cc:c-198:1994,interpreta,co:constitucion:1991:art:144,,,http://www.secretariasenado.gov.co/senado/basedoc/constitucion_politica_1991.html
co:cc:c-133:1993,interpreta,co:constitucion:1991:art:145,,,http://www.secretariasenado.gov.co/senado/basedoc/constitucion_politica_1991.html
co:cc:c-278:2004,interpreta,co:constitucion:1991:art:145,,,http://www.secretariasenado.gov.co/senado/basedoc/constitucion_politica_1991.html
co:cc:c-781:2004,interpreta,co:constitucion:1991:art:145,,,http://www.secretariasenado.gov.co/senado/basedoc/constitucion_politica_1991.html
co:cc:c-337:2015,interpreta,co:constitucion:1991:art:145,,,http://www.secretariasenado.gov.co/senado/basedoc/constitucion_politica_1991.html
co:cc:c-069:2004,interpreta,co:constitucion:1991:art:146,,,http://www.secretariasenado.gov.co/senado/basedoc/constitucion_politica_1991.html
co:cc:c-585:2014,interpreta,co:constitucion:1991:art:146,,,http://www.secretariasenado.gov.co/senado/basedoc/constitucion_politica_1991.html
co:cc:c-337:2015,interpreta,co:constitucion:1991:art:146,,,http://www.secretariasenado.gov.co/senado/basedoc/constitucion_politica_1991.html
co:cc:c-113:1993,interpreta,co:constitucion:1991:art:149,,,http://www.secretariasenado.gov.co/senado/basedoc/constitucion_politica_1991.html
co:cc:c-428:1993,interpreta,co:constitucion:1991:art:149,,,http://www.secretariasenado.gov.co/senado/basedoc/constitucion_politica_1991.html
co:cc:c-145:1994,interpreta,co:constitucion:1991:art:149,,,http://www.secretariasenado.gov.co/senado/basedoc/constitucion_politica_1991.html
co:cc:c-759:2004,interpreta,co:constitucion:1991:art:149,,,http://www.secretariasenado.gov.co/senado/basedoc/constitucion_politica_1991.html
co:cc:c-866:2004,interpreta,co:constitucion:1991:art:149,,,http://www.secretariasenado.gov.co/senado/basedoc/constitucion_politica_1991.html
co:cc:c-685:2011,interpreta,co:constitucion:1991:art:149,,,http://www.secretariasenado.gov.co/senado/basedoc/constitucion_politica_1991.html
co:cc:c-242:2020,interpreta,co:constitucion:1991:art:149,,,http://www.secretariasenado.gov.co/senado/basedoc/constitucion_politica_1991.html
co:cc:c-337:1994,interpreta,co:constitucion:1991:art:150,,,http://www.secretariasenado.gov.co/senado/basedoc/constitucion_politica_1991.html
co:cc:c-497:1994,interpreta,co:constitucion:1991:art:150,,,http://www.secretariasenado.gov.co/senado/basedoc/constitucion_politica_1991.html
co:cc:c-528:1994,interpreta,co:constitucion:1991:art:150,,,http://www.secretariasenado.gov.co/senado/basedoc/constitucion_politica_1991.html
co:cc:c-129:2003,interpreta,co:constitucion:1991:art:150,,,http://www.secretariasenado.gov.co/senado/basedoc/constitucion_politica_1991.html
co:cc:c-356:2003,interpreta,co:constitucion:1991:art:150,,,http://www.secretariasenado.gov.co/senado/basedoc/constitucion_politica_1991.html
co:cc:c-022:2004,interpreta,co:constitucion:1991:art:150,,,http://www.secretariasenado.gov.co/senado/basedoc/constitucion_politica_1991.html
co:cc:c-249:2004,interpreta,co:constitucion:1991:art:150,,,http://www.secretariasenado.gov.co/senado/basedoc/constitucion_politica_1991.html
co:cc:c-305:2004,interpreta,co:constitucion:1991:art:150,,,http://www.secretariasenado.gov.co/senado/basedoc/constitucion_politica_1991.html
co:cc:c-312:2004,interpreta,co:constitucion:1991:art:150,,,http://www.secretariasenado.gov.co/senado/basedoc/constitucion_politica_1991.html
co:cc:c-409:2004,interpreta,co:constitucion:1991:art:150,,,http://www.secretariasenado.gov.co/senado/basedoc/constitucion_politica_1991.html
co:cc:c-573:2004,interpreta,co:constitucion:1991:art:150,,,http://www.secretariasenado.gov.co/senado/basedoc/constitucion_politica_1991.html
co:cc:c-706:2005,interpreta,co:constitucion:1991:art:150,,,http://www.secretariasenado.gov.co/senado/basedoc/constitucion_politica_1991.html
co:cc:c-536:2006,interpreta,co:constitucion:1991:art:150,,,http://www.secretariasenado.gov.co/senado/basedoc/constitucion_politica_1991.html
co:cc:c-465:1992,interpreta,co:constitucion:1991:art:150,,,http://www.secretariasenado.gov.co/senado/basedoc/constitucion_politica_1991.html
co:cc:c-557:1992,interpreta,co:constitucion:1991:art:150,,,http://www.secretariasenado.gov.co/senado/basedoc/constitucion_politica_1991.html
co:cc:c-558:1992,interpreta,co:constitucion:1991:art:150,,,http://www.secretariasenado.gov.co/senado/basedoc/constitucion_politica_1991.html
co:cc:c-015:1993,interpreta,co:constitucion:1991:art:150,,,http://www.secretariasenado.gov.co/senado/basedoc/constitucion_politica_1991.html
co:cc:c-035:1993,interpreta,co:constitucion:1991:art:150,,,http://www.secretariasenado.gov.co/senado/basedoc/constitucion_politica_1991.html
co:cc:c-132:1993,interpreta,co:constitucion:1991:art:150,,,http://www.secretariasenado.gov.co/senado/basedoc/constitucion_politica_1991.html
co:cc:c-270:1993,interpreta,co:constitucion:1991:art:150,,,http://www.secretariasenado.gov.co/senado/basedoc/constitucion_politica_1991.html
co:cc:c-301:1993,interpreta,co:constitucion:1991:art:150,,,http://www.secretariasenado.gov.co/senado/basedoc/constitucion_politica_1991.html
co:cc:c-531:1993,interpreta,co:constitucion:1991:art:150,,,http://www.secretariasenado.gov.co/senado/basedoc/constitucion_politica_1991.html
co:cc:c-020:1994,interpreta,co:constitucion:1991:art:150,,,http://www.secretariasenado.gov.co/senado/basedoc/constitucion_politica_1991.html
co:cc:c-039:1994,interpreta,co:constitucion:1991:art:150,,,http://www.secretariasenado.gov.co/senado/basedoc/constitucion_politica_1991.html
co:cc:c-145:1994,interpreta,co:constitucion:1991:art:150,,,http://www.secretariasenado.gov.co/senado/basedoc/constitucion_politica_1991.html
co:cc:c-212:1994,interpreta,co:constitucion:1991:art:150,,,http://www.secretariasenado.gov.co/senado/basedoc/constitucion_politica_1991.html
co:cc:c-424:1994,interpreta,co:constitucion:1991:art:150,,,http://www.secretariasenado.gov.co/senado/basedoc/constitucion_politica_1991.html
co:cc:c-490:1994,interpreta,co:constitucion:1991:art:150,,,http://www.secretariasenado.gov.co/senado/basedoc/constitucion_politica_1991.html
co:cc:c-491:1994,interpreta,co:constitucion:1991:art:150,,,http://www.secretariasenado.gov.co/senado/basedoc/constitucion_politica_1991.html
co:cc:c-521:1994,interpreta,co:constitucion:1991:art:150,,,http://www.secretariasenado.gov.co/senado/basedoc/constitucion_politica_1991.html
co:cc:c-527:1994,interpreta,co:constitucion:1991:art:150,,,http://www.secretariasenado.gov.co/senado/basedoc/constitucion_politica_1991.html
co:cc:c-529:1994,interpreta,co:constitucion:1991:art:150,,,http://www.secretariasenado.gov.co/senado/basedoc/constitucion_politica_1991.html
co:cc:c-566:1994,interpreta,co:constitucion:1991:art:150,,,http://www.secretariasenado.gov.co/senado/basedoc/constitucion_politica_1991.html
co:cc:c-035:2003,interpreta,co:constitucion:1991:art:150,,,http://www.secretariasenado.gov.co/senado/basedoc/constitucion_politica_1991.html
co:cc:c-573:2003,interpreta,co:constitucion:1991:art:150,,,http://www.secretariasenado.gov.co/senado/basedoc/constitucion_politica_1991.html
co:cc:c-128:2004,interpreta,co:constitucion:1991:art:150,,,http://www.secretariasenado.gov.co/senado/basedoc/constitucion_politica_1991.html
co:cc:c-159:2004,interpreta,co:constitucion:1991:art:150,,,http://www.secretariasenado.gov.co/senado/basedoc/constitucion_politica_1991.html
co:cc:c-306:2004,interpreta,co:constitucion:1991:art:150,,,http://www.secretariasenado.gov.co/senado/basedoc/constitucion_politica_1991.html
co:cc:c-458:2004,interpreta,co:constitucion:1991:art:150,,,http://www.secretariasenado.gov.co/senado/basedoc/constitucion_politica_1991.html
co:cc:c-820:2006,interpreta,co:constitucion:1991:art:150,,,http://www.secretariasenado.gov.co/senado/basedoc/constitucion_politica_1991.html
co:cc:c-541:1992,interpreta,co:constitucion:1991:art:150,,,http://www.secretariasenado.gov.co/senado/basedoc/constitucion_politica_1991.html
co:cc:c-543:1992,interpreta,co:constitucion:1991:art:150,,,http://www.secretariasenado.gov.co/senado/basedoc/constitucion_politica_1991.html
co:cc:c-559:1992,interpreta,co:constitucion:1991:art:150,,,http://www.secretariasenado.gov.co/senado/basedoc/constitucion_politica_1991.html
co:cc:c-560:1992,interpreta,co:constitucion:1991:art:150,,,http://www.secretariasenado.gov.co/senado/basedoc/constitucion_politica_1991.html
co:cc:c-013:1993,interpreta,co:constitucion:1991:art:150,,,http://www.secretariasenado.gov.co/senado/basedoc/constitucion_politica_1991.html
co:cc:c-024:1993,interpreta,co:constitucion:1991:art:150,,,http://www.secretariasenado.gov.co/senado/basedoc/constitucion_politica_1991.html
co:cc:c-070:1993,interpreta,co:constitucion:1991:art:150,,,http://www.secretariasenado.gov.co/senado/basedoc/constitucion_politica_1991.html
co:cc:c-114:1993,interpreta,co:constitucion:1991:art:150,,,http://www.secretariasenado.gov.co/senado/basedoc/constitucion_politica_1991.html
co:cc:c-143:1993,interpreta,co:constitucion:1991:art:150,,,http://www.secretariasenado.gov.co/senado/basedoc/constitucion_politica_1991.html
co:cc:c-150:1993,interpreta,co:constitucion:1991:art:150,,,http://www.secretariasenado.gov.co/senado/basedoc/constitucion_politica_1991.html
co:cc:c-171:1993,interpreta,co:constitucion:1991:art:150,,,http://www.secretariasenado.gov.co/senado/basedoc/constitucion_politica_1991.html
co:cc:c-548:1993,interpreta,co:constitucion:1991:art:150,,,http://www.secretariasenado.gov.co/senado/basedoc/constitucion_politica_1991.html
co:cc:c-591:1993,interpreta,co:constitucion:1991:art:150,,,http://www.secretariasenado.gov.co/senado/basedoc/constitucion_politica_1991.html
co:cc:c-1157:2003,interpreta,co:constitucion:1991:art:150,,,http://www.secretariasenado.gov.co/senado/basedoc/constitucion_politica_1991.html
co:cc:c-153:2004,interpreta,co:constitucion:1991:art:150,,,http://www.secretariasenado.gov.co/senado/basedoc/constitucion_politica_1991.html
co:cc:c-180:2006,interpreta,co:constitucion:1991:art:150,,,http://www.secretariasenado.gov.co/senado/basedoc/constitucion_politica_1991.html
co:cc:c-269:2022,interpreta,co:constitucion:1991:art:150,,,http://www.secretariasenado.gov.co/senado/basedoc/constitucion_politica_1991.html
co:cc:c-397:2024,interpreta,co:constitucion:1991:art:150,,,http://www.secretariasenado.gov.co/senado/basedoc/constitucion_politica_1991.html
co:cc:c-547:1994,interpreta,co:constitucion:1991:art:150,,,http://www.secretariasenado.gov.co/senado/basedoc/constitucion_politica_1991.html
co:cc:c-473:2004,interpreta,co:constitucion:1991:art:150,,,http://www.secretariasenado.gov.co/senado/basedoc/constitucion_politica_1991.html
co:cc:c-533:2005,interpreta,co:constitucion:1991:art:150,,,http://www.secretariasenado.gov.co/senado/basedoc/constitucion_politica_1991.html
co:cc:c-377:2008,interpreta,co:constitucion:1991:art:150,,,http://www.secretariasenado.gov.co/senado/basedoc/constitucion_politica_1991.html
co:cc:c-510:2008,interpreta,co:constitucion:1991:art:150,,,http://www.secretariasenado.gov.co/senado/basedoc/constitucion_politica_1991.html
co:cc:c-061:1993,interpreta,co:constitucion:1991:art:150,,,http://www.secretariasenado.gov.co/senado/basedoc/constitucion_politica_1991.html
co:cc:c-428:1993,interpreta,co:constitucion:1991:art:150,,,http://www.secretariasenado.gov.co/senado/basedoc/constitucion_politica_1991.html
co:cc:c-313:2009,interpreta,co:constitucion:1991:art:150,,,http://www.secretariasenado.gov.co/senado/basedoc/constitucion_politica_1991.html
co:cc:c-478:1992,interpreta,co:constitucion:1991:art:150,,,http://www.secretariasenado.gov.co/senado/basedoc/constitucion_politica_1991.html
co:cc:c-448:1992,interpreta,co:constitucion:1991:art:150,,,http://www.secretariasenado.gov.co/senado/basedoc/constitucion_politica_1991.html
co:cc:c-514:1992,interpreta,co:constitucion:1991:art:150,,,http://www.secretariasenado.gov.co/senado/basedoc/constitucion_politica_1991.html
co:cc:c-517:1992,interpreta,co:constitucion:1991:art:150,,,http://www.secretariasenado.gov.co/senado/basedoc/constitucion_politica_1991.html
co:cc:c-590:1992,interpreta,co:constitucion:1991:art:150,,,http://www.secretariasenado.gov.co/senado/basedoc/constitucion_politica_1991.html
co:cc:c-014:1993,interpreta,co:constitucion:1991:art:150,,,http://www.secretariasenado.gov.co/senado/basedoc/constitucion_politica_1991.html
co:cc:c-040:1993,interpreta,co:constitucion:1991:art:150,,,http://www.secretariasenado.gov.co/senado/basedoc/constitucion_politica_1991.html
co:cc:c-041:1993,interpreta,co:constitucion:1991:art:150,,,http://www.secretariasenado.gov.co/senado/basedoc/constitucion_politica_1991.html
co:cc:c-058:1993,interpreta,co:constitucion:1991:art:150,,,http://www.secretariasenado.gov.co/senado/basedoc/constitucion_politica_1991.html
co:cc:c-074:1993,interpreta,co:constitucion:1991:art:150,,,http://www.secretariasenado.gov.co/senado/basedoc/constitucion_politica_1991.html
co:cc:c-112:1993,interpreta,co:constitucion:1991:art:150,,,http://www.secretariasenado.gov.co/senado/basedoc/constitucion_politica_1991.html
co:cc:c-364:1993,interpreta,co:constitucion:1991:art:150,,,http://www.secretariasenado.gov.co/senado/basedoc/constitucion_politica_1991.html
co:cc:c-455:1993,interpreta,co:constitucion:1991:art:150,,,http://www.secretariasenado.gov.co/senado/basedoc/constitucion_politica_1991.html
co:cc:c-505:1993,interpreta,co:constitucion:1991:art:150,,,http://www.secretariasenado.gov.co/senado/basedoc/constitucion_politica_1991.html
co:cc:c-537:1993,interpreta,co:constitucion:1991:art:150,,,http://www.secretariasenado.gov.co/senado/basedoc/constitucion_politica_1991.html
co:cc:c-544:1993,interpreta,co:constitucion:1991:art:150,,,http://www.secretariasenado.gov.co/senado/basedoc/constitucion_politica_1991.html
co:cc:c-994:2000,interpreta,co:constitucion:1991:art:150,,,http://www.secretariasenado.gov.co/senado/basedoc/constitucion_politica_1991.html
co:cc:c-894:2003,interpreta,co:constitucion:1991:art:150,,,http://www.secretariasenado.gov.co/senado/basedoc/constitucion_politica_1991.html
co:cc:c-121:2004,interpreta,co:constitucion:1991:art:150,,,http://www.secretariasenado.gov.co/senado/basedoc/constitucion_politica_1991.html
co:cc:c-150:2004,interpreta,co:constitucion:1991:art:150,,,http://www.secretariasenado.gov.co/senado/basedoc/constitucion_politica_1991.html
co:cc:c-350:2004,interpreta,co:constitucion:1991:art:150,,,http://www.secretariasenado.gov.co/senado/basedoc/constitucion_politica_1991.html
co:cc:c-205:2005,interpreta,co:constitucion:1991:art:150,,,http://www.secretariasenado.gov.co/senado/basedoc/constitucion_politica_1991.html
co:cc:c-044:2006,interpreta,co:constitucion:1991:art:150,,,http://www.secretariasenado.gov.co/senado/basedoc/constitucion_politica_1991.html
co:cc:c-856:2006,interpreta,co:constitucion:1991:art:150,,,http://www.secretariasenado.gov.co/senado/basedoc/constitucion_politica_1991.html
co:cc:c-554:2007,interpreta,co:constitucion:1991:art:150,,,http://www.secretariasenado.gov.co/senado/basedoc/constitucion_politica_1991.html
co:cc:c-691:2007,interpreta,co:constitucion:1991:art:150,,,http://www.secretariasenado.gov.co/senado/basedoc/constitucion_politica_1991.html
co:cc:c-910:2007,interpreta,co:constitucion:1991:art:150,,,http://www.secretariasenado.gov.co/senado/basedoc/constitucion_politica_1991.html
co:cc:c-955:2007,interpreta,co:constitucion:1991:art:150,,,http://www.secretariasenado.gov.co/senado/basedoc/constitucion_politica_1991.html
co:cc:c-228:2008,interpreta,co:constitucion:1991:art:150,,,http://www.secretariasenado.gov.co/senado/basedoc/constitucion_politica_1991.html
co:cc:c-462:2008,interpreta,co:constitucion:1991:art:150,,,http://www.secretariasenado.gov.co/senado/basedoc/constitucion_politica_1991.html
co:cc:c-689:2011,interpreta,co:constitucion:1991:art:150,,,http://www.secretariasenado.gov.co/senado/basedoc/constitucion_politica_1991.html
co:cc:c-570:2012,interpreta,co:constitucion:1991:art:150,,,http://www.secretariasenado.gov.co/senado/basedoc/constitucion_politica_1991.html
co:cc:c-862:2012,interpreta,co:constitucion:1991:art:150,,,http://www.secretariasenado.gov.co/senado/basedoc/constitucion_politica_1991.html
co:cc:c-909:2012,interpreta,co:constitucion:1991:art:150,,,http://www.secretariasenado.gov.co/senado/basedoc/constitucion_politica_1991.html
co:cc:c-914:2013,interpreta,co:constitucion:1991:art:150,,,http://www.secretariasenado.gov.co/senado/basedoc/constitucion_politica_1991.html
co:cc:c-035:2016,interpreta,co:constitucion:1991:art:150,,,http://www.secretariasenado.gov.co/senado/basedoc/constitucion_politica_1991.html
co:cc:c-110:2019,interpreta,co:constitucion:1991:art:150,,,http://www.secretariasenado.gov.co/senado/basedoc/constitucion_politica_1991.html
co:cc:c-246:2019,interpreta,co:constitucion:1991:art:150,,,http://www.secretariasenado.gov.co/senado/basedoc/constitucion_politica_1991.html
co:cc:c-407:2019,interpreta,co:constitucion:1991:art:150,,,http://www.secretariasenado.gov.co/senado/basedoc/constitucion_politica_1991.html
co:cc:c-047:2021,interpreta,co:constitucion:1991:art:150,,,http://www.secretariasenado.gov.co/senado/basedoc/constitucion_politica_1991.html
co:cc:c-145:2021,interpreta,co:constitucion:1991:art:150,,,http://www.secretariasenado.gov.co/senado/basedoc/constitucion_politica_1991.html
co:cc:c-043:2023,interpreta,co:constitucion:1991:art:150,,,http://www.secretariasenado.gov.co/senado/basedoc/constitucion_politica_1991.html
co:cc:c-152:2023,interpreta,co:constitucion:1991:art:150,,,http://www.secretariasenado.gov.co/senado/basedoc/constitucion_politica_1991.html
co:cc:c-549:1992,interpreta,co:constitucion:1991:art:150,,,http://www.secretariasenado.gov.co/senado/basedoc/constitucion_politica_1991.html
co:cc:c-553:1992,interpreta,co:constitucion:1991:art:150,,,http://www.secretariasenado.gov.co/senado/basedoc/constitucion_politica_1991.html
co:cc:c-542:1993,interpreta,co:constitucion:1991:art:150,,,http://www.secretariasenado.gov.co/senado/basedoc/constitucion_politica_1991.html
co:cc:c-782:2007,interpreta,co:constitucion:1991:art:150,,,http://www.secretariasenado.gov.co/senado/basedoc/constitucion_politica_1991.html
co:cc:c-447:1992,interpreta,co:constitucion:1991:art:150,,,http://www.secretariasenado.gov.co/senado/basedoc/constitucion_politica_1991.html
co:cc:c-449:1992,interpreta,co:constitucion:1991:art:150,,,http://www.secretariasenado.gov.co/senado/basedoc/constitucion_politica_1991.html
co:cc:c-006:1993,interpreta,co:constitucion:1991:art:150,,,http://www.secretariasenado.gov.co/senado/basedoc/constitucion_politica_1991.html
co:cc:c-056:1993,interpreta,co:constitucion:1991:art:150,,,http://www.secretariasenado.gov.co/senado/basedoc/constitucion_politica_1991.html
co:cc:c-068:1993,interpreta,co:constitucion:1991:art:150,,,http://www.secretariasenado.gov.co/senado/basedoc/constitucion_politica_1991.html
co:cc:c-098:1993,interpreta,co:constitucion:1991:art:150,,,http://www.secretariasenado.gov.co/senado/basedoc/constitucion_politica_1991.html
co:cc:c-149:1993,interpreta,co:constitucion:1991:art:150,,,http://www.secretariasenado.gov.co/senado/basedoc/constitucion_politica_1991.html
co:cc:c-205:1993,interpreta,co:constitucion:1991:art:150,,,http://www.secretariasenado.gov.co/senado/basedoc/constitucion_politica_1991.html
co:cc:c-337:1993,interpreta,co:constitucion:1991:art:150,,,http://www.secretariasenado.gov.co/senado/basedoc/constitucion_politica_1991.html
co:cc:c-183:2003,interpreta,co:constitucion:1991:art:150,,,http://www.secretariasenado.gov.co/senado/basedoc/constitucion_politica_1991.html
co:cc:c-246:2004,interpreta,co:constitucion:1991:art:150,,,http://www.secretariasenado.gov.co/senado/basedoc/constitucion_politica_1991.html
co:cc:c-132:2009,interpreta,co:constitucion:1991:art:150,,,http://www.secretariasenado.gov.co/senado/basedoc/constitucion_politica_1991.html
co:cc:c-437:2011,interpreta,co:constitucion:1991:art:150,,,http://www.secretariasenado.gov.co/senado/basedoc/constitucion_politica_1991.html
co:cc:c-393:2012,interpreta,co:constitucion:1991:art:150,,,http://www.secretariasenado.gov.co/senado/basedoc/constitucion_politica_1991.html
co:cc:c-416:2020,interpreta,co:constitucion:1991:art:150,,,http://www.secretariasenado.gov.co/senado/basedoc/constitucion_politica_1991.html
co:cc:c-037:2021,interpreta,co:constitucion:1991:art:150,,,http://www.secretariasenado.gov.co/senado/basedoc/constitucion_politica_1991.html
co:cc:c-416:1992,interpreta,co:constitucion:1991:art:150,,,http://www.secretariasenado.gov.co/senado/basedoc/constitucion_politica_1991.html
co:cc:c-417:1992,interpreta,co:constitucion:1991:art:150,,,http://www.secretariasenado.gov.co/senado/basedoc/constitucion_politica_1991.html
co:cc:c-434:1992,interpreta,co:constitucion:1991:art:150,,,http://www.secretariasenado.gov.co/senado/basedoc/constitucion_politica_1991.html
co:cc:c-435:1992,interpreta,co:constitucion:1991:art:150,,,http://www.secretariasenado.gov.co/senado/basedoc/constitucion_politica_1991.html
co:cc:c-479:1992,interpreta,co:constitucion:1991:art:150,,,http://www.secretariasenado.gov.co/senado/basedoc/constitucion_politica_1991.html
co:cc:c-510:1992,interpreta,co:constitucion:1991:art:150,,,http://www.secretariasenado.gov.co/senado/basedoc/constitucion_politica_1991.html
co:cc:c-511:1992,interpreta,co:constitucion:1991:art:150,,,http://www.secretariasenado.gov.co/senado/basedoc/constitucion_politica_1991.html
co:cc:c-586:1992,interpreta,co:constitucion:1991:art:150,,,http://www.secretariasenado.gov.co/senado/basedoc/constitucion_politica_1991.html
co:cc:c-599:1992,interpreta,co:constitucion:1991:art:150,,,http://www.secretariasenado.gov.co/senado/basedoc/constitucion_politica_1991.html
co:cc:c-608:1992,interpreta,co:constitucion:1991:art:150,,,http://www.secretariasenado.gov.co/senado/basedoc/constitucion_politica_1991.html
co:cc:c-119:1996,interpreta,co:constitucion:1991:art:150,,,http://www.secretariasenado.gov.co/senado/basedoc/constitucion_politica_1991.html
co:cc:c-702:1999,interpreta,co:constitucion:1991:art:150,,,http://www.secretariasenado.gov.co/senado/basedoc/constitucion_politica_1991.html
co:cc:c-452:2002,interpreta,co:constitucion:1991:art:150,,,http://www.secretariasenado.gov.co/senado/basedoc/constitucion_politica_1991.html
co:cc:c-097:2003,interpreta,co:constitucion:1991:art:150,,,http://www.secretariasenado.gov.co/senado/basedoc/constitucion_politica_1991.html
co:cc:c-186:2003,interpreta,co:constitucion:1991:art:150,,,http://www.secretariasenado.gov.co/senado/basedoc/constitucion_politica_1991.html
co:cc:c-253:2003,interpreta,co:constitucion:1991:art:150,,,http://www.secretariasenado.gov.co/senado/basedoc/constitucion_politica_1991.html
co:cc:c-328:2003,interpreta,co:constitucion:1991:art:150,,,http://www.secretariasenado.gov.co/senado/basedoc/constitucion_politica_1991.html
co:cc:c-333:2003,interpreta,co:constitucion:1991:art:150,,,http://www.secretariasenado.gov.co/senado/basedoc/constitucion_politica_1991.html
co:cc:c-357:2003,interpreta,co:constitucion:1991:art:150,,,http://www.secretariasenado.gov.co/senado/basedoc/constitucion_politica_1991.html
co:cc:c-691:2003,interpreta,co:constitucion:1991:art:150,,,http://www.secretariasenado.gov.co/senado/basedoc/constitucion_politica_1991.html
co:cc:c-1060:2003,interpreta,co:constitucion:1991:art:150,,,http://www.secretariasenado.gov.co/senado/basedoc/constitucion_politica_1991.html
co:cc:c-1063:2003,interpreta,co:constitucion:1991:art:150,,,http://www.secretariasenado.gov.co/senado/basedoc/constitucion_politica_1991.html
co:cc:c-1200:2003,interpreta,co:constitucion:1991:art:150,,,http://www.secretariasenado.gov.co/senado/basedoc/constitucion_politica_1991.html
co:cc:c-151:2004,interpreta,co:constitucion:1991:art:150,,,http://www.secretariasenado.gov.co/senado/basedoc/constitucion_politica_1991.html
co:cc:c-228:2004,interpreta,co:constitucion:1991:art:150,,,http://www.secretariasenado.gov.co/senado/basedoc/constitucion_politica_1991.html
co:cc:c-251:2004,interpreta,co:constitucion:1991:art:150,,,http://www.secretariasenado.gov.co/senado/basedoc/constitucion_politica_1991.html
co:cc:c-349:2004,interpreta,co:constitucion:1991:art:150,,,http://www.secretariasenado.gov.co/senado/basedoc/constitucion_politica_1991.html
co:cc:c-432:2004,interpreta,co:constitucion:1991:art:150,,,http://www.secretariasenado.gov.co/senado/basedoc/constitucion_politica_1991.html
co:cc:c-461:2004,interpreta,co:constitucion:1991:art:150,,,http://www.secretariasenado.gov.co/senado/basedoc/constitucion_politica_1991.html
co:cc:c-475:2004,interpreta,co:constitucion:1991:art:150,,,http://www.secretariasenado.gov.co/senado/basedoc/constitucion_politica_1991.html
co:cc:c-510:2004,interpreta,co:constitucion:1991:art:150,,,http://www.secretariasenado.gov.co/senado/basedoc/constitucion_politica_1991.html
co:cc:c-559:2004,interpreta,co:constitucion:1991:art:150,,,http://www.secretariasenado.gov.co/senado/basedoc/constitucion_politica_1991.html
co:cc:c-734:2005,interpreta,co:constitucion:1991:art:150,,,http://www.secretariasenado.gov.co/senado/basedoc/constitucion_politica_1991.html
co:cc:c-1152:2005,interpreta,co:constitucion:1991:art:150,,,http://www.secretariasenado.gov.co/senado/basedoc/constitucion_politica_1991.html
co:cc:c-318:2006,interpreta,co:constitucion:1991:art:150,,,http://www.secretariasenado.gov.co/senado/basedoc/constitucion_politica_1991.html
co:cc:c-340:2006,interpreta,co:constitucion:1991:art:150,,,http://www.secretariasenado.gov.co/senado/basedoc/constitucion_politica_1991.html
co:cc:c-858:2006,interpreta,co:constitucion:1991:art:150,,,http://www.secretariasenado.gov.co/senado/basedoc/constitucion_politica_1991.html
co:cc:c-211:2007,interpreta,co:constitucion:1991:art:150,,,http://www.secretariasenado.gov.co/senado/basedoc/constitucion_politica_1991.html
co:cc:c-491:2007,interpreta,co:constitucion:1991:art:150,,,http://www.secretariasenado.gov.co/senado/basedoc/constitucion_politica_1991.html
co:cc:c-909:2007,interpreta,co:constitucion:1991:art:150,,,http://www.secretariasenado.gov.co/senado/basedoc/constitucion_politica_1991.html
co:cc:c-922:2008,interpreta,co:constitucion:1991:art:150,,,http://www.secretariasenado.gov.co/senado/basedoc/constitucion_politica_1991.html
co:cc:c-259:2008,interpreta,co:constitucion:1991:art:150,,,http://www.secretariasenado.gov.co/senado/basedoc/constitucion_politica_1991.html
co:cc:c-839:2008,interpreta,co:constitucion:1991:art:150,,,http://www.secretariasenado.gov.co/senado/basedoc/constitucion_politica_1991.html
co:cc:c-1155:2008,interpreta,co:constitucion:1991:art:150,,,http://www.secretariasenado.gov.co/senado/basedoc/constitucion_politica_1991.html
co:cc:c-366:2012,interpreta,co:constitucion:1991:art:150,,,http://www.secretariasenado.gov.co/senado/basedoc/constitucion_politica_1991.html
co:cc:c-711:2012,interpreta,co:constitucion:1991:art:150,,,http://www.secretariasenado.gov.co/senado/basedoc/constitucion_politica_1991.html
co:cc:c-744:2012,interpreta,co:constitucion:1991:art:150,,,http://www.secretariasenado.gov.co/senado/basedoc/constitucion_politica_1991.html
co:cc:c-965:2012,interpreta,co:constitucion:1991:art:150,,,http://www.secretariasenado.gov.co/senado/basedoc/constitucion_politica_1991.html
co:cc:c-235:2014,interpreta,co:constitucion:1991:art:150,,,http://www.secretariasenado.gov.co/senado/basedoc/constitucion_politica_1991.html
co:cc:c-630:2014,interpreta,co:constitucion:1991:art:150,,,http://www.secretariasenado.gov.co/senado/basedoc/constitucion_politica_1991.html
co:cc:c-172:2017,interpreta,co:constitucion:1991:art:150,,,http://www.secretariasenado.gov.co/senado/basedoc/constitucion_politica_1991.html
co:cc:c-249:2019,interpreta,co:constitucion:1991:art:150,,,http://www.secretariasenado.gov.co/senado/basedoc/constitucion_politica_1991.html
co:cc:c-092:2020,interpreta,co:constitucion:1991:art:150,,,http://www.secretariasenado.gov.co/senado/basedoc/constitucion_politica_1991.html
co:cc:c-028:2021,interpreta,co:constitucion:1991:art:150,,,http://www.secretariasenado.gov.co/senado/basedoc/constitucion_politica_1991.html
co:cc:c-398:2024,interpreta,co:constitucion:1991:art:150,,,http://www.secretariasenado.gov.co/senado/basedoc/constitucion_politica_1991.html
co:cc:c-072:2025,interpreta,co:constitucion:1991:art:150,,,http://www.secretariasenado.gov.co/senado/basedoc/constitucion_politica_1991.html
co:cc:c-057:1993,interpreta,co:constitucion:1991:art:150,,,http://www.secretariasenado.gov.co/senado/basedoc/constitucion_politica_1991.html
co:cc:c-072:1993,interpreta,co:constitucion:1991:art:150,,,http://www.secretariasenado.gov.co/senado/basedoc/constitucion_politica_1991.html
co:cc:c-206:1993,interpreta,co:constitucion:1991:art:150,,,http://www.secretariasenado.gov.co/senado/basedoc/constitucion_politica_1991.html
co:cc:c-261:1993,interpreta,co:constitucion:1991:art:150,,,http://www.secretariasenado.gov.co/senado/basedoc/constitucion_politica_1991.html
co:cc:c-271:1993,interpreta,co:constitucion:1991:art:150,,,http://www.secretariasenado.gov.co/senado/basedoc/constitucion_politica_1991.html
co:cc:c-416:1993,interpreta,co:constitucion:1991:art:150,,,http://www.secretariasenado.gov.co/senado/basedoc/constitucion_politica_1991.html
co:cc:c-502:1993,interpreta,co:constitucion:1991:art:150,,,http://www.secretariasenado.gov.co/senado/basedoc/constitucion_politica_1991.html
co:cc:c-527:2003,interpreta,co:constitucion:1991:art:150,,,http://www.secretariasenado.gov.co/senado/basedoc/constitucion_politica_1991.html
co:cc:c-066:2018,interpreta,co:constitucion:1991:art:150,,,http://www.secretariasenado.gov.co/senado/basedoc/constitucion_politica_1991.html
co:cc:c-575:1992,interpreta,co:constitucion:1991:art:150,,,http://www.secretariasenado.gov.co/senado/basedoc/constitucion_politica_1991.html
co:cc:c-155:2003,interpreta,co:constitucion:1991:art:150,,,http://www.secretariasenado.gov.co/senado/basedoc/constitucion_politica_1991.html
co:cc:c-432:2003,interpreta,co:constitucion:1991:art:150,,,http://www.secretariasenado.gov.co/senado/basedoc/constitucion_politica_1991.html
co:cc:c-1035:2003,interpreta,co:constitucion:1991:art:150,,,http://www.secretariasenado.gov.co/senado/basedoc/constitucion_politica_1991.html
co:cc:c-508:2006,interpreta,co:constitucion:1991:art:150,,,http://www.secretariasenado.gov.co/senado/basedoc/constitucion_politica_1991.html
co:cc:c-517:2007,interpreta,co:constitucion:1991:art:150,,,http://www.secretariasenado.gov.co/senado/basedoc/constitucion_politica_1991.html
co:cc:c-621:2007,interpreta,co:constitucion:1991:art:150,,,http://www.secretariasenado.gov.co/senado/basedoc/constitucion_politica_1991.html
co:cc:c-173:2008,interpreta,co:constitucion:1991:art:150,,,http://www.secretariasenado.gov.co/senado/basedoc/constitucion_politica_1991.html
co:cc:c-228:2009,interpreta,co:constitucion:1991:art:150,,,http://www.secretariasenado.gov.co/senado/basedoc/constitucion_politica_1991.html
co:cc:c-1018:2012,interpreta,co:constitucion:1991:art:150,,,http://www.secretariasenado.gov.co/senado/basedoc/constitucion_politica_1991.html
co:cc:c-030:2019,interpreta,co:constitucion:1991:art:150,,,http://www.secretariasenado.gov.co/senado/basedoc/constitucion_politica_1991.html
co:cc:c-511:2019,interpreta,co:constitucion:1991:art:150,,,http://www.secretariasenado.gov.co/senado/basedoc/constitucion_politica_1991.html
co:cc:c-019:2022,interpreta,co:constitucion:1991:art:150,,,http://www.secretariasenado.gov.co/senado/basedoc/constitucion_politica_1991.html
co:cc:c-101:2022,interpreta,co:constitucion:1991:art:150,,,http://www.secretariasenado.gov.co/senado/basedoc/constitucion_politica_1991.html
co:cc:c-021:1993,interpreta,co:constitucion:1991:art:150,,,http://www.secretariasenado.gov.co/senado/basedoc/constitucion_politica_1991.html
co:cc:c-529:1993,interpreta,co:constitucion:1991:art:150,,,http://www.secretariasenado.gov.co/senado/basedoc/constitucion_politica_1991.html
co:cc:c-021:1994,interpreta,co:constitucion:1991:art:150,,,http://www.secretariasenado.gov.co/senado/basedoc/constitucion_politica_1991.html
co:cc:c-050:1994,interpreta,co:constitucion:1991:art:150,,,http://www.secretariasenado.gov.co/senado/basedoc/constitucion_politica_1991.html
co:cc:c-070:1994,interpreta,co:constitucion:1991:art:150,,,http://www.secretariasenado.gov.co/senado/basedoc/constitucion_politica_1991.html
co:cc:c-132:1994,interpreta,co:constitucion:1991:art:150,,,http://www.secretariasenado.gov.co/senado/basedoc/constitucion_politica_1991.html
co:cc:c-766:2010,interpreta,co:constitucion:1991:art:150,,,http://www.secretariasenado.gov.co/senado/basedoc/constitucion_politica_1991.html
co:cc:c-477:1992,interpreta,co:constitucion:1991:art:150,,,http://www.secretariasenado.gov.co/senado/basedoc/constitucion_politica_1991.html
co:cc:c-504:1992,interpreta,co:constitucion:1991:art:150,,,http://www.secretariasenado.gov.co/senado/basedoc/constitucion_politica_1991.html
co:cc:c-562:1992,interpreta,co:constitucion:1991:art:150,,,http://www.secretariasenado.gov.co/senado/basedoc/constitucion_politica_1991.html
co:cc:c-563:1992,interpreta,co:constitucion:1991:art:150,,,http://www.secretariasenado.gov.co/senado/basedoc/constitucion_politica_1991.html
co:cc:c-564:1992,interpreta,co:constitucion:1991:art:150,,,http://www.secretariasenado.gov.co/senado/basedoc/constitucion_politica_1991.html
co:cc:c-574:1992,interpreta,co:constitucion:1991:art:150,,,http://www.secretariasenado.gov.co/senado/basedoc/constitucion_politica_1991.html
co:cc:c-589:1992,interpreta,co:constitucion:1991:art:150,,,http://www.secretariasenado.gov.co/senado/basedoc/constitucion_politica_1991.html
co:cc:c-012:2004,interpreta,co:constitucion:1991:art:150,,,http://www.secretariasenado.gov.co/senado/basedoc/constitucion_politica_1991.html
co:cc:c-037:2004,interpreta,co:constitucion:1991:art:150,,,http://www.secretariasenado.gov.co/senado/basedoc/constitucion_politica_1991.html
co:cc:c-129:2004,interpreta,co:constitucion:1991:art:150,,,http://www.secretariasenado.gov.co/senado/basedoc/constitucion_politica_1991.html
co:cc:c-309:2004,interpreta,co:constitucion:1991:art:150,,,http://www.secretariasenado.gov.co/senado/basedoc/constitucion_politica_1991.html
co:cc:c-622:2004,interpreta,co:constitucion:1991:art:150,,,http://www.secretariasenado.gov.co/senado/basedoc/constitucion_politica_1991.html
co:cc:c-121:2008,interpreta,co:constitucion:1991:art:150,,,http://www.secretariasenado.gov.co/senado/basedoc/constitucion_politica_1991.html
co:cc:c-378:2009,interpreta,co:constitucion:1991:art:150,,,http://www.secretariasenado.gov.co/senado/basedoc/constitucion_politica_1991.html
co:cc:c-823:2011,interpreta,co:constitucion:1991:art:150,,,http://www.secretariasenado.gov.co/senado/basedoc/constitucion_politica_1991.html
co:cc:c-126:2023,interpreta,co:constitucion:1991:art:150,,,http://www.secretariasenado.gov.co/senado/basedoc/constitucion_politica_1991.html
co:cc:c-115:2024,interpreta,co:constitucion:1991:art:150,,,http://www.secretariasenado.gov.co/senado/basedoc/constitucion_politica_1991.html
co:acto-legislativo:2:2019:art:1,adiciona,co:constitucion:1991:art:150,2019-12-31,fecha aproximada: la fuente solo da el año,http://www.secretariasenado.gov.co/senado/basedoc/constitucion_politica_1991.html
co:cc:c-052:1993,interpreta,co:constitucion:1991:art:150,,,http://www.secretariasenado.gov.co/senado/basedoc/constitucion_politica_1991.html
co:cc:c-127:1993,interpreta,co:constitucion:1991:art:150,,,http://www.secretariasenado.gov.co/senado/basedoc/constitucion_politica_1991.html
co:cc:c-207:1993,interpreta,co:constitucion:1991:art:150,,,http://www.secretariasenado.gov.co/senado/basedoc/constitucion_politica_1991.html
co:cc:c-214:1993,interpreta,co:constitucion:1991:art:150,,,http://www.secretariasenado.gov.co/senado/basedoc/constitucion_politica_1991.html
co:cc:c-415:1993,interpreta,co:constitucion:1991:art:150,,,http://www.secretariasenado.gov.co/senado/basedoc/constitucion_politica_1991.html
co:cc:c-008:1994,interpreta,co:constitucion:1991:art:150,,,http://www.secretariasenado.gov.co/senado/basedoc/constitucion_politica_1991.html
co:cc:c-179:1994,interpreta,co:constitucion:1991:art:150,,,http://www.secretariasenado.gov.co/senado/basedoc/constitucion_politica_1991.html
co:cc:c-928:2005,interpreta,co:constitucion:1991:art:150,,,http://www.secretariasenado.gov.co/senado/basedoc/constitucion_politica_1991.html
co:cc:c-060:1993,interpreta,co:constitucion:1991:art:150,,,http://www.secretariasenado.gov.co/senado/basedoc/constitucion_politica_1991.html
co:cc:c-428:1994,interpreta,co:constitucion:1991:art:150,,,http://www.secretariasenado.gov.co/senado/basedoc/constitucion_politica_1991.html
co:cc:c-311:1994,interpreta,co:constitucion:1991:art:150,,,http://www.secretariasenado.gov.co/senado/basedoc/constitucion_politica_1991.html
co:cc:c-348:1994,interpreta,co:constitucion:1991:art:150,,,http://www.secretariasenado.gov.co/senado/basedoc/constitucion_politica_1991.html
co:cc:c-452:2003,interpreta,co:constitucion:1991:art:150,,,http://www.secretariasenado.gov.co/senado/basedoc/constitucion_politica_1991.html
co:cc:c-357:1994,interpreta,co:constitucion:1991:art:150,,,http://www.secretariasenado.gov.co/senado/basedoc/constitucion_politica_1991.html
co:cc:c-084:1993,interpreta,co:constitucion:1991:art:150,,,http://www.secretariasenado.gov.co/senado/basedoc/constitucion_politica_1991.html
co:cc:c-103:1993,interpreta,co:constitucion:1991:art:150,,,http://www.secretariasenado.gov.co/senado/basedoc/constitucion_politica_1991.html
co:cc:c-445:1993,interpreta,co:constitucion:1991:art:150,,,http://www.secretariasenado.gov.co/senado/basedoc/constitucion_politica_1991.html
co:cc:c-468:1993,interpreta,co:constitucion:1991:art:150,,,http://www.secretariasenado.gov.co/senado/basedoc/constitucion_politica_1991.html
co:cc:c-354:2006,interpreta,co:constitucion:1991:art:150,,,http://www.secretariasenado.gov.co/senado/basedoc/constitucion_politica_1991.html
co:cc:c-140:2007,interpreta,co:constitucion:1991:art:150,,,http://www.secretariasenado.gov.co/senado/basedoc/constitucion_politica_1991.html
co:cc:c-339:2007,interpreta,co:constitucion:1991:art:150,,,http://www.secretariasenado.gov.co/senado/basedoc/constitucion_politica_1991.html
co:cc:c-624:2007,interpreta,co:constitucion:1991:art:150,,,http://www.secretariasenado.gov.co/senado/basedoc/constitucion_politica_1991.html
co:cc:c-860:2007,interpreta,co:constitucion:1991:art:150,,,http://www.secretariasenado.gov.co/senado/basedoc/constitucion_politica_1991.html
co:cc:c-311:1992,interpreta,co:constitucion:1991:art:150,,,http://www.secretariasenado.gov.co/senado/basedoc/constitucion_politica_1991.html
co:cc:c-062:1993,interpreta,co:constitucion:1991:art:150,,,http://www.secretariasenado.gov.co/senado/basedoc/constitucion_politica_1991.html
co:cc:c-083:1993,interpreta,co:constitucion:1991:art:150,,,http://www.secretariasenado.gov.co/senado/basedoc/constitucion_politica_1991.html
co:cc:c-085:1993,interpreta,co:constitucion:1991:art:150,,,http://www.secretariasenado.gov.co/senado/basedoc/constitucion_politica_1991.html
co:cc:c-798:2004,interpreta,co:constitucion:1991:art:150,,,http://www.secretariasenado.gov.co/senado/basedoc/constitucion_politica_1991.html
co:cc:c-723:2007,interpreta,co:constitucion:1991:art:150,,,http://www.secretariasenado.gov.co/senado/basedoc/constitucion_politica_1991.html
co:cc:c-026:2020,interpreta,co:constitucion:1991:art:150,,,http://www.secretariasenado.gov.co/senado/basedoc/constitucion_politica_1991.html
co:cc:c-441:2021,interpreta,co:constitucion:1991:art:150,,,http://www.secretariasenado.gov.co/senado/basedoc/constitucion_politica_1991.html
co:cc:c-209:1993,interpreta,co:constitucion:1991:art:150,,,http://www.secretariasenado.gov.co/senado/basedoc/constitucion_politica_1991.html
co:cc:c-700:1999,interpreta,co:constitucion:1991:art:150,,,http://www.secretariasenado.gov.co/senado/basedoc/constitucion_politica_1991.html
co:cc:c-955:2000,interpreta,co:constitucion:1991:art:150,,,http://www.secretariasenado.gov.co/senado/basedoc/constitucion_politica_1991.html
co:cc:c-041:2006,interpreta,co:constitucion:1991:art:150,,,http://www.secretariasenado.gov.co/senado/basedoc/constitucion_politica_1991.html
co:cc:c-553:2007,interpreta,co:constitucion:1991:art:150,,,http://www.secretariasenado.gov.co/senado/basedoc/constitucion_politica_1991.html
co:cc:c-438:2011,interpreta,co:constitucion:1991:art:150,,,http://www.secretariasenado.gov.co/senado/basedoc/constitucion_politica_1991.html
co:cc:c-395:2022,interpreta,co:constitucion:1991:art:150,,,http://www.secretariasenado.gov.co/senado/basedoc/constitucion_politica_1991.html
co:cc:c-005:1992,interpreta,co:constitucion:1991:art:150,,,http://www.secretariasenado.gov.co/senado/basedoc/constitucion_politica_1991.html
co:cc:c-133:1993,interpreta,co:constitucion:1991:art:150,,,http://www.secretariasenado.gov.co/senado/basedoc/constitucion_politica_1991.html
co:cc:c-166:1993,interpreta,co:constitucion:1991:art:150,,,http://www.secretariasenado.gov.co/senado/basedoc/constitucion_politica_1991.html
co:cc:c-167:1993,interpreta,co:constitucion:1991:art:150,,,http://www.secretariasenado.gov.co/senado/basedoc/constitucion_politica_1991.html
co:cc:c-391:1993,interpreta,co:constitucion:1991:art:150,,,http://www.secretariasenado.gov.co/senado/basedoc/constitucion_politica_1991.html
co:cc:c-101:2003,interpreta,co:constitucion:1991:art:150,,,http://www.secretariasenado.gov.co/senado/basedoc/constitucion_politica_1991.html
co:cc:c-126:2003,interpreta,co:constitucion:1991:art:150,,,http://www.secretariasenado.gov.co/senado/basedoc/constitucion_politica_1991.html
co:cc:c-381:2005,interpreta,co:constitucion:1991:art:150,,,http://www.secretariasenado.gov.co/senado/basedoc/constitucion_politica_1991.html
co:cc:c-1234:2005,interpreta,co:constitucion:1991:art:150,,,http://www.secretariasenado.gov.co/senado/basedoc/constitucion_politica_1991.html
co:cc:c-558:2019,interpreta,co:constitucion:1991:art:150,,,http://www.secretariasenado.gov.co/senado/basedoc/constitucion_politica_1991.html
co:cc:c-223:1994,interpreta,co:constitucion:1991:art:150,,,http://www.secretariasenado.gov.co/senado/basedoc/constitucion_politica_1991.html
co:cc:c-281:1994,interpreta,co:constitucion:1991:art:150,,,http://www.secretariasenado.gov.co/senado/basedoc/constitucion_politica_1991.html
co:cc:c-415:1994,interpreta,co:constitucion:1991:art:150,,,http://www.secretariasenado.gov.co/senado/basedoc/constitucion_politica_1991.html
co:cc:c-548:1994,interpreta,co:constitucion:1991:art:150,,,http://www.secretariasenado.gov.co/senado/basedoc/constitucion_politica_1991.html
co:cc:c-130:2004,interpreta,co:constitucion:1991:art:150,,,http://www.secretariasenado.gov.co/senado/basedoc/constitucion_politica_1991.html
co:cc:c-516:2004,interpreta,co:constitucion:1991:art:150,,,http://www.secretariasenado.gov.co/senado/basedoc/constitucion_politica_1991.html
co:cc:c-042:2006,interpreta,co:constitucion:1991:art:150,,,http://www.secretariasenado.gov.co/senado/basedoc/constitucion_politica_1991.html
co:cc:c-137:2007,interpreta,co:constitucion:1991:art:150,,,http://www.secretariasenado.gov.co/senado/basedoc/constitucion_politica_1991.html
co:cc:c-260:2008,interpreta,co:constitucion:1991:art:150,,,http://www.secretariasenado.gov.co/senado/basedoc/constitucion_politica_1991.html
co:cc:c-263:2013,interpreta,co:constitucion:1991:art:150,,,http://www.secretariasenado.gov.co/senado/basedoc/constitucion_politica_1991.html
co:cc:c-148:2015,interpreta,co:constitucion:1991:art:150,,,http://www.secretariasenado.gov.co/senado/basedoc/constitucion_politica_1991.html
co:cc:c-188:2022,interpreta,co:constitucion:1991:art:150,,,http://www.secretariasenado.gov.co/senado/basedoc/constitucion_politica_1991.html
co:cc:c-489:1994,interpreta,co:constitucion:1991:art:150,,,http://www.secretariasenado.gov.co/senado/basedoc/constitucion_politica_1991.html
co:cc:c-560:1994,interpreta,co:constitucion:1991:art:150,,,http://www.secretariasenado.gov.co/senado/basedoc/constitucion_politica_1991.html
co:cc:c-020:1993,interpreta,co:constitucion:1991:art:150,,,http://www.secretariasenado.gov.co/senado/basedoc/constitucion_politica_1991.html
co:cc:c-075:1993,interpreta,co:constitucion:1991:art:150,,,http://www.secretariasenado.gov.co/senado/basedoc/constitucion_politica_1991.html
co:cc:c-170:1993,interpreta,co:constitucion:1991:art:150,,,http://www.secretariasenado.gov.co/senado/basedoc/constitucion_politica_1991.html
co:cc:c-532:1993,interpreta,co:constitucion:1991:art:150,,,http://www.secretariasenado.gov.co/senado/basedoc/constitucion_politica_1991.html
co:cc:c-161:2003,interpreta,co:constitucion:1991:art:150,,,http://www.secretariasenado.gov.co/senado/basedoc/constitucion_politica_1991.html
co:cc:c-233:2003,interpreta,co:constitucion:1991:art:150,,,http://www.secretariasenado.gov.co/senado/basedoc/constitucion_politica_1991.html
co:cc:c-100:2004,interpreta,co:constitucion:1991:art:150,,,http://www.secretariasenado.gov.co/senado/basedoc/constitucion_politica_1991.html
co:cc:c-957:2007,interpreta,co:constitucion:1991:art:150,,,http://www.secretariasenado.gov.co/senado/basedoc/constitucion_politica_1991.html
co:cc:c-619:2012,interpreta,co:constitucion:1991:art:150,,,http://www.secretariasenado.gov.co/senado/basedoc/constitucion_politica_1991.html
co:cc:c-098:2019,interpreta,co:constitucion:1991:art:150,,,http://www.secretariasenado.gov.co/senado/basedoc/constitucion_politica_1991.html
co:cc:c-095:1993,interpreta,co:constitucion:1991:art:150,,,http://www.secretariasenado.gov.co/senado/basedoc/constitucion_politica_1991.html
co:cc:c-115:1993,interpreta,co:constitucion:1991:art:150,,,http://www.secretariasenado.gov.co/senado/basedoc/constitucion_politica_1991.html
co:cc:c-144:1993,interpreta,co:constitucion:1991:art:150,,,http://www.secretariasenado.gov.co/senado/basedoc/constitucion_politica_1991.html
co:cc:c-069:2019,interpreta,co:constitucion:1991:art:150,,,http://www.secretariasenado.gov.co/senado/basedoc/constitucion_politica_1991.html
co:cc:c-083:2022,interpreta,co:constitucion:1991:art:150,,,http://www.secretariasenado.gov.co/senado/basedoc/constitucion_politica_1991.html
co:cc:c-119:2020,interpreta,co:constitucion:1991:art:150,,,http://www.secretariasenado.gov.co/senado/basedoc/constitucion_politica_1991.html
co:cc:c-126:1993,interpreta,co:constitucion:1991:art:150,,,http://www.secretariasenado.gov.co/senado/basedoc/constitucion_politica_1991.html
co:cc:c-136:1993,interpreta,co:constitucion:1991:art:150,,,http://www.secretariasenado.gov.co/senado/basedoc/constitucion_politica_1991.html
co:cc:c-427:1993,interpreta,co:constitucion:1991:art:150,,,http://www.secretariasenado.gov.co/senado/basedoc/constitucion_politica_1991.html
co:cc:c-464:1993,interpreta,co:constitucion:1991:art:150,,,http://www.secretariasenado.gov.co/senado/basedoc/constitucion_politica_1991.html
co:cc:c-400:1999,interpreta,co:constitucion:1991:art:150,,,http://www.secretariasenado.gov.co/senado/basedoc/constitucion_politica_1991.html
co:cc:c-429:2003,interpreta,co:constitucion:1991:art:150,,,http://www.secretariasenado.gov.co/senado/basedoc/constitucion_politica_1991.html
co:cc:c-713:2009,interpreta,co:constitucion:1991:art:150,,,http://www.secretariasenado.gov.co/senado/basedoc/constitucion_politica_1991.html
co:cc:c-126:2016,interpreta,co:constitucion:1991:art:150,,,http://www.secretariasenado.gov.co/senado/basedoc/constitucion_politica_1991.html
co:cc:c-478:1992,interpreta,co:constitucion:1991:art:151,,,http://www.secretariasenado.gov.co/senado/basedoc/constitucion_politica_1991.html
co:cc:c-558:1992,interpreta,co:constitucion:1991:art:151,,,http://www.secretariasenado.gov.co/senado/basedoc/constitucion_politica_1991.html
co:cc:c-025:1993,interpreta,co:constitucion:1991:art:151,,,http://www.secretariasenado.gov.co/senado/basedoc/constitucion_politica_1991.html
co:cc:c-057:1993,interpreta,co:constitucion:1991:art:151,,,http://www.secretariasenado.gov.co/senado/basedoc/constitucion_politica_1991.html
co:cc:c-072:1993,interpreta,co:constitucion:1991:art:151,,,http://www.secretariasenado.gov.co/senado/basedoc/constitucion_politica_1991.html
co:cc:c-073:1993,interpreta,co:constitucion:1991:art:151,,,http://www.secretariasenado.gov.co/senado/basedoc/constitucion_politica_1991.html
co:cc:c-133:1993,interpreta,co:constitucion:1991:art:151,,,http://www.secretariasenado.gov.co/senado/basedoc/constitucion_politica_1991.html
co:cc:c-151:1993,interpreta,co:constitucion:1991:art:151,,,http://www.secretariasenado.gov.co/senado/basedoc/constitucion_politica_1991.html
co:cc:c-270:1993,interpreta,co:constitucion:1991:art:151,,,http://www.secretariasenado.gov.co/senado/basedoc/constitucion_politica_1991.html
co:cc:c-337:1993,interpreta,co:constitucion:1991:art:151,,,http://www.secretariasenado.gov.co/senado/basedoc/constitucion_politica_1991.html
co:cc:c-532:1993,interpreta,co:constitucion:1991:art:151,,,http://www.secretariasenado.gov.co/senado/basedoc/constitucion_politica_1991.html
co:cc:c-548:1993,interpreta,co:constitucion:1991:art:151,,,http://www.secretariasenado.gov.co/senado/basedoc/constitucion_politica_1991.html
co:cc:c-617:2002,interpreta,co:constitucion:1991:art:151,,,http://www.secretariasenado.gov.co/senado/basedoc/constitucion_politica_1991.html
co:cc:c-066:2003,interpreta,co:constitucion:1991:art:151,,,http://www.secretariasenado.gov.co/senado/basedoc/constitucion_politica_1991.html
co:cc:c-097:2003,interpreta,co:constitucion:1991:art:151,,,http://www.secretariasenado.gov.co/senado/basedoc/constitucion_politica_1991.html
co:cc:c-032:2004,interpreta,co:constitucion:1991:art:151,,,http://www.secretariasenado.gov.co/senado/basedoc/constitucion_politica_1991.html
co:cc:c-313:2004,interpreta,co:constitucion:1991:art:151,,,http://www.secretariasenado.gov.co/senado/basedoc/constitucion_politica_1991.html
co:cc:c-372:2004,interpreta,co:constitucion:1991:art:151,,,http://www.secretariasenado.gov.co/senado/basedoc/constitucion_politica_1991.html
co:cc:c-380:2004,interpreta,co:constitucion:1991:art:151,,,http://www.secretariasenado.gov.co/senado/basedoc/constitucion_politica_1991.html
co:cc:c-460:2004,interpreta,co:constitucion:1991:art:151,,,http://www.secretariasenado.gov.co/senado/basedoc/constitucion_politica_1991.html
co:cc:c-1047:2004,interpreta,co:constitucion:1991:art:151,,,http://www.secretariasenado.gov.co/senado/basedoc/constitucion_politica_1991.html
co:cc:c-911:2007,interpreta,co:constitucion:1991:art:151,,,http://www.secretariasenado.gov.co/senado/basedoc/constitucion_politica_1991.html
co:cc:c-286:2009,interpreta,co:constitucion:1991:art:151,,,http://www.secretariasenado.gov.co/senado/basedoc/constitucion_politica_1991.html
co:cc:c-700:2010,interpreta,co:constitucion:1991:art:151,,,http://www.secretariasenado.gov.co/senado/basedoc/constitucion_politica_1991.html
co:cc:c-701:2010,interpreta,co:constitucion:1991:art:151,,,http://www.secretariasenado.gov.co/senado/basedoc/constitucion_politica_1991.html
co:cc:c-122:2011,interpreta,co:constitucion:1991:art:151,,,http://www.secretariasenado.gov.co/senado/basedoc/constitucion_politica_1991.html
co:cc:c-123:2014,interpreta,co:constitucion:1991:art:151,,,http://www.secretariasenado.gov.co/senado/basedoc/constitucion_politica_1991.html
co:cc:c-052:2015,interpreta,co:constitucion:1991:art:151,,,http://www.secretariasenado.gov.co/senado/basedoc/constitucion_politica_1991.html
co:cc:c-142:2015,interpreta,co:constitucion:1991:art:151,,,http://www.secretariasenado.gov.co/senado/basedoc/constitucion_politica_1991.html
co:cc:c-494:2015,interpreta,co:constitucion:1991:art:151,,,http://www.secretariasenado.gov.co/senado/basedoc/constitucion_politica_1991.html
co:cc:c-087:2016,interpreta,co:constitucion:1991:art:151,,,http://www.secretariasenado.gov.co/senado/basedoc/constitucion_politica_1991.html
co:cc:c-273:2016,interpreta,co:constitucion:1991:art:151,,,http://www.secretariasenado.gov.co/senado/basedoc/constitucion_politica_1991.html
co:cc:c-360:2016,interpreta,co:constitucion:1991:art:151,,,http://www.secretariasenado.gov.co/senado/basedoc/constitucion_politica_1991.html
co:cc:c-331:2017,interpreta,co:constitucion:1991:art:151,,,http://www.secretariasenado.gov.co/senado/basedoc/constitucion_politica_1991.html
co:cc:c-432:2017,interpreta,co:constitucion:1991:art:151,,,http://www.secretariasenado.gov.co/senado/basedoc/constitucion_politica_1991.html
co:cc:c-008:2018,interpreta,co:constitucion:1991:art:151,,,http://www.secretariasenado.gov.co/senado/basedoc/constitucion_politica_1991.html
co:cc:c-018:2018,interpreta,co:constitucion:1991:art:151,,,http://www.secretariasenado.gov.co/senado/basedoc/constitucion_politica_1991.html
co:cc:c-219:2019,interpreta,co:constitucion:1991:art:151,,,http://www.secretariasenado.gov.co/senado/basedoc/constitucion_politica_1991.html
co:cc:c-075:2022,interpreta,co:constitucion:1991:art:151,,,http://www.secretariasenado.gov.co/senado/basedoc/constitucion_politica_1991.html
co:cc:c-325:2022,interpreta,co:constitucion:1991:art:151,,,http://www.secretariasenado.gov.co/senado/basedoc/constitucion_politica_1991.html
co:cc:c-381:2022,interpreta,co:constitucion:1991:art:151,,,http://www.secretariasenado.gov.co/senado/basedoc/constitucion_politica_1991.html
co:cc:c-206:2023,interpreta,co:constitucion:1991:art:151,,,http://www.secretariasenado.gov.co/senado/basedoc/constitucion_politica_1991.html
co:cc:c-039:2026,interpreta,co:constitucion:1991:art:151,,,http://www.secretariasenado.gov.co/senado/basedoc/constitucion_politica_1991.html
co:cc:c-133:1993,interpreta,co:constitucion:1991:art:152,,,http://www.secretariasenado.gov.co/senado/basedoc/constitucion_politica_1991.html
co:cc:c-246:1993,interpreta,co:constitucion:1991:art:152,,,http://www.secretariasenado.gov.co/senado/basedoc/constitucion_politica_1991.html
co:cc:c-364:1993,interpreta,co:constitucion:1991:art:152,,,http://www.secretariasenado.gov.co/senado/basedoc/constitucion_politica_1991.html
co:cc:c-265:1994,interpreta,co:constitucion:1991:art:152,,,http://www.secretariasenado.gov.co/senado/basedoc/constitucion_politica_1991.html
co:cc:c-300:1994,interpreta,co:constitucion:1991:art:152,,,http://www.secretariasenado.gov.co/senado/basedoc/constitucion_politica_1991.html
co:cc:c-338:1994,interpreta,co:constitucion:1991:art:152,,,http://www.secretariasenado.gov.co/senado/basedoc/constitucion_politica_1991.html
co:cc:c-641:2001,interpreta,co:constitucion:1991:art:152,,,http://www.secretariasenado.gov.co/senado/basedoc/constitucion_politica_1991.html
co:cc:c-646:2001,interpreta,co:constitucion:1991:art:152,,,http://www.secretariasenado.gov.co/senado/basedoc/constitucion_politica_1991.html
co:cc:c-162:2003,interpreta,co:constitucion:1991:art:152,,,http://www.secretariasenado.gov.co/senado/basedoc/constitucion_politica_1991.html
co:cc:c-481:2003,interpreta,co:constitucion:1991:art:152,,,http://www.secretariasenado.gov.co/senado/basedoc/constitucion_politica_1991.html
co:cc:c-041:2004,interpreta,co:constitucion:1991:art:152,,,http://www.secretariasenado.gov.co/senado/basedoc/constitucion_politica_1991.html
co:cc:c-180:2006,interpreta,co:constitucion:1991:art:152,,,http://www.secretariasenado.gov.co/senado/basedoc/constitucion_politica_1991.html
co:cc:c-161:2008,interpreta,co:constitucion:1991:art:152,,,http://www.secretariasenado.gov.co/senado/basedoc/constitucion_politica_1991.html
co:cc:c-226:2008,interpreta,co:constitucion:1991:art:152,,,http://www.secretariasenado.gov.co/senado/basedoc/constitucion_politica_1991.html
co:cc:c-358:2016,interpreta,co:constitucion:1991:art:152,,,http://www.secretariasenado.gov.co/senado/basedoc/constitucion_politica_1991.html
co:cc:c-007:2017,interpreta,co:constitucion:1991:art:152,,,http://www.secretariasenado.gov.co/senado/basedoc/constitucion_politica_1991.html
co:cc:c-106:2018,interpreta,co:constitucion:1991:art:152,,,http://www.secretariasenado.gov.co/senado/basedoc/constitucion_politica_1991.html
co:cc:c-465:2020,interpreta,co:constitucion:1991:art:152,,,http://www.secretariasenado.gov.co/senado/basedoc/constitucion_politica_1991.html
co:cc:c-013:1993,interpreta,co:constitucion:1991:art:152,,,http://www.secretariasenado.gov.co/senado/basedoc/constitucion_politica_1991.html
co:cc:c-025:1993,interpreta,co:constitucion:1991:art:152,,,http://www.secretariasenado.gov.co/senado/basedoc/constitucion_politica_1991.html
co:cc:c-301:1993,interpreta,co:constitucion:1991:art:152,,,http://www.secretariasenado.gov.co/senado/basedoc/constitucion_politica_1991.html
co:cc:c-531:1993,interpreta,co:constitucion:1991:art:152,,,http://www.secretariasenado.gov.co/senado/basedoc/constitucion_politica_1991.html
co:cc:c-566:1993,interpreta,co:constitucion:1991:art:152,,,http://www.secretariasenado.gov.co/senado/basedoc/constitucion_politica_1991.html
co:cc:c-088:1994,interpreta,co:constitucion:1991:art:152,,,http://www.secretariasenado.gov.co/senado/basedoc/constitucion_politica_1991.html
co:cc:c-226:1994,interpreta,co:constitucion:1991:art:152,,,http://www.secretariasenado.gov.co/senado/basedoc/constitucion_politica_1991.html
co:cc:c-313:1994,interpreta,co:constitucion:1991:art:152,,,http://www.secretariasenado.gov.co/senado/basedoc/constitucion_politica_1991.html
co:cc:c-425:1994,interpreta,co:constitucion:1991:art:152,,,http://www.secretariasenado.gov.co/senado/basedoc/constitucion_politica_1991.html
co:cc:c-247:1995,interpreta,co:constitucion:1991:art:152,,,http://www.secretariasenado.gov.co/senado/basedoc/constitucion_politica_1991.html
co:cc:c-434:1996,interpreta,co:constitucion:1991:art:152,,,http://www.secretariasenado.gov.co/senado/basedoc/constitucion_politica_1991.html
co:cc:c-371:2000,interpreta,co:constitucion:1991:art:152,,,http://www.secretariasenado.gov.co/senado/basedoc/constitucion_politica_1991.html
co:cc:c-740:2003,interpreta,co:constitucion:1991:art:152,,,http://www.secretariasenado.gov.co/senado/basedoc/constitucion_politica_1991.html
co:cc:c-993:2004,interpreta,co:constitucion:1991:art:152,,,http://www.secretariasenado.gov.co/senado/basedoc/constitucion_politica_1991.html
co:cc:c-981:2005,interpreta,co:constitucion:1991:art:152,,,http://www.secretariasenado.gov.co/senado/basedoc/constitucion_politica_1991.html
co:cc:c-238:2006,interpreta,co:constitucion:1991:art:152,,,http://www.secretariasenado.gov.co/senado/basedoc/constitucion_politica_1991.html
co:cc:c-319:2006,interpreta,co:constitucion:1991:art:152,,,http://www.secretariasenado.gov.co/senado/basedoc/constitucion_politica_1991.html
co:cc:c-491:2007,interpreta,co:constitucion:1991:art:152,,,http://www.secretariasenado.gov.co/senado/basedoc/constitucion_politica_1991.html
co:cc:c-756:2008,interpreta,co:constitucion:1991:art:152,,,http://www.secretariasenado.gov.co/senado/basedoc/constitucion_politica_1991.html
co:cc:c-1011:2008,interpreta,co:constitucion:1991:art:152,,,http://www.secretariasenado.gov.co/senado/basedoc/constitucion_politica_1991.html
co:cc:c-1067:2008,interpreta,co:constitucion:1991:art:152,,,http://www.secretariasenado.gov.co/senado/basedoc/constitucion_politica_1991.html
co:cc:c-182:2010,interpreta,co:constitucion:1991:art:152,,,http://www.secretariasenado.gov.co/senado/basedoc/constitucion_politica_1991.html
co:cc:c-913:2010,interpreta,co:constitucion:1991:art:152,,,http://www.secretariasenado.gov.co/senado/basedoc/constitucion_politica_1991.html
co:cc:c-748:2011,interpreta,co:constitucion:1991:art:152,,,http://www.secretariasenado.gov.co/senado/basedoc/constitucion_politica_1991.html
co:cc:c-818:2011,interpreta,co:constitucion:1991:art:152,,,http://www.secretariasenado.gov.co/senado/basedoc/constitucion_politica_1991.html
co:cc:c-765:2012,interpreta,co:constitucion:1991:art:152,,,http://www.secretariasenado.gov.co/senado/basedoc/constitucion_politica_1991.html
co:cc:c-862:2012,interpreta,co:constitucion:1991:art:152,,,http://www.secretariasenado.gov.co/senado/basedoc/constitucion_politica_1991.html
co:cc:c-965:2012,interpreta,co:constitucion:1991:art:152,,,http://www.secretariasenado.gov.co/senado/basedoc/constitucion_politica_1991.html
co:cc:c-011:2013,interpreta,co:constitucion:1991:art:152,,,http://www.secretariasenado.gov.co/senado/basedoc/constitucion_politica_1991.html
co:cc:c-233:2014,interpreta,co:constitucion:1991:art:152,,,http://www.secretariasenado.gov.co/senado/basedoc/constitucion_politica_1991.html
co:cc:c-313:2014,interpreta,co:constitucion:1991:art:152,,,http://www.secretariasenado.gov.co/senado/basedoc/constitucion_politica_1991.html
co:cc:c-870:2014,interpreta,co:constitucion:1991:art:152,,,http://www.secretariasenado.gov.co/senado/basedoc/constitucion_politica_1991.html
co:cc:c-223:2017,interpreta,co:constitucion:1991:art:152,,,http://www.secretariasenado.gov.co/senado/basedoc/constitucion_politica_1991.html
co:cc:c-022:2021,interpreta,co:constitucion:1991:art:152,,,http://www.secretariasenado.gov.co/senado/basedoc/constitucion_politica_1991.html
co:cc:c-100:2022,interpreta,co:constitucion:1991:art:152,,,http://www.secretariasenado.gov.co/senado/basedoc/constitucion_politica_1991.html
co:cc:c-076:1993,interpreta,co:constitucion:1991:art:152,,,http://www.secretariasenado.gov.co/senado/basedoc/constitucion_politica_1991.html
co:cc:c-093:1993,interpreta,co:constitucion:1991:art:152,,,http://www.secretariasenado.gov.co/senado/basedoc/constitucion_politica_1991.html
co:cc:c-150:1993,interpreta,co:constitucion:1991:art:152,,,http://www.secretariasenado.gov.co/senado/basedoc/constitucion_politica_1991.html
co:cc:c-171:1993,interpreta,co:constitucion:1991:art:152,,,http://www.secretariasenado.gov.co/senado/basedoc/constitucion_politica_1991.html
co:cc:c-207:1993,interpreta,co:constitucion:1991:art:152,,,http://www.secretariasenado.gov.co/senado/basedoc/constitucion_politica_1991.html
co:cc:c-214:1993,interpreta,co:constitucion:1991:art:152,,,http://www.secretariasenado.gov.co/senado/basedoc/constitucion_politica_1991.html
co:cc:c-546:1993,interpreta,co:constitucion:1991:art:152,,,http://www.secretariasenado.gov.co/senado/basedoc/constitucion_politica_1991.html
co:cc:c-393:2000,interpreta,co:constitucion:1991:art:152,,,http://www.secretariasenado.gov.co/senado/basedoc/constitucion_politica_1991.html
co:cc:c-662:2000,interpreta,co:constitucion:1991:art:152,,,http://www.secretariasenado.gov.co/senado/basedoc/constitucion_politica_1991.html
co:cc:c-676:2001,interpreta,co:constitucion:1991:art:152,,,http://www.secretariasenado.gov.co/senado/basedoc/constitucion_politica_1991.html
co:cc:c-178:2002,interpreta,co:constitucion:1991:art:152,,,http://www.secretariasenado.gov.co/senado/basedoc/constitucion_politica_1991.html
co:cc:c-368:2011,interpreta,co:constitucion:1991:art:152,,,http://www.secretariasenado.gov.co/senado/basedoc/constitucion_politica_1991.html
co:cc:c-619:2012,interpreta,co:constitucion:1991:art:152,,,http://www.secretariasenado.gov.co/senado/basedoc/constitucion_politica_1991.html
co:cc:c-260:2016,interpreta,co:constitucion:1991:art:152,,,http://www.secretariasenado.gov.co/senado/basedoc/constitucion_politica_1991.html
co:cc:c-334:2023,interpreta,co:constitucion:1991:art:152,,,http://www.secretariasenado.gov.co/senado/basedoc/constitucion_politica_1991.html
co:cc:c-488:1993,interpreta,co:constitucion:1991:art:152,,,http://www.secretariasenado.gov.co/senado/basedoc/constitucion_politica_1991.html
co:cc:c-089:1994,interpreta,co:constitucion:1991:art:152,,,http://www.secretariasenado.gov.co/senado/basedoc/constitucion_politica_1991.html
co:cc:c-145:1994,interpreta,co:constitucion:1991:art:152,,,http://www.secretariasenado.gov.co/senado/basedoc/constitucion_politica_1991.html
co:cc:c-353:1994,interpreta,co:constitucion:1991:art:152,,,http://www.secretariasenado.gov.co/senado/basedoc/constitucion_politica_1991.html
co:cc:c-484:1996,interpreta,co:constitucion:1991:art:152,,,http://www.secretariasenado.gov.co/senado/basedoc/constitucion_politica_1991.html
co:cc:c-1338:2000,interpreta,co:constitucion:1991:art:152,,,http://www.secretariasenado.gov.co/senado/basedoc/constitucion_politica_1991.html
co:cc:c-155:2005,interpreta,co:constitucion:1991:art:152,,,http://www.secretariasenado.gov.co/senado/basedoc/constitucion_politica_1991.html
co:cc:c-283:2017,interpreta,co:constitucion:1991:art:152,,,http://www.secretariasenado.gov.co/senado/basedoc/constitucion_politica_1991.html
co:cc:c-167:2025,interpreta,co:constitucion:1991:art:152,,,http://www.secretariasenado.gov.co/senado/basedoc/constitucion_politica_1991.html
co:cc:c-011:1994,interpreta,co:constitucion:1991:art:152,,,http://www.secretariasenado.gov.co/senado/basedoc/constitucion_politica_1991.html
co:cc:c-180:1994,interpreta,co:constitucion:1991:art:152,,,http://www.secretariasenado.gov.co/senado/basedoc/constitucion_politica_1991.html
co:cc:c-211:1994,interpreta,co:constitucion:1991:art:152,,,http://www.secretariasenado.gov.co/senado/basedoc/constitucion_politica_1991.html
co:cc:c-169:2001,interpreta,co:constitucion:1991:art:152,,,http://www.secretariasenado.gov.co/senado/basedoc/constitucion_politica_1991.html
co:cc:c-179:2002,interpreta,co:constitucion:1991:art:152,,,http://www.secretariasenado.gov.co/senado/basedoc/constitucion_politica_1991.html
co:cc:c-616:2008,interpreta,co:constitucion:1991:art:152,,,http://www.secretariasenado.gov.co/senado/basedoc/constitucion_politica_1991.html
co:cc:c-902:2011,interpreta,co:constitucion:1991:art:152,,,http://www.secretariasenado.gov.co/senado/basedoc/constitucion_politica_1991.html
co:cc:c-484:2017,interpreta,co:constitucion:1991:art:152,,,http://www.secretariasenado.gov.co/senado/basedoc/constitucion_politica_1991.html
co:cc:c-556:1992,interpreta,co:constitucion:1991:art:152,,,http://www.secretariasenado.gov.co/senado/basedoc/constitucion_politica_1991.html
co:cc:c-557:1992,interpreta,co:constitucion:1991:art:152,,,http://www.secretariasenado.gov.co/senado/basedoc/constitucion_politica_1991.html
co:cc:c-558:1992,interpreta,co:constitucion:1991:art:152,,,http://www.secretariasenado.gov.co/senado/basedoc/constitucion_politica_1991.html
co:cc:c-024:1994,interpreta,co:constitucion:1991:art:152,,,http://www.secretariasenado.gov.co/senado/basedoc/constitucion_politica_1991.html
co:cc:c-179:1994,interpreta,co:constitucion:1991:art:152,,,http://www.secretariasenado.gov.co/senado/basedoc/constitucion_politica_1991.html
co:cc:c-376:1994,interpreta,co:constitucion:1991:art:152,,,http://www.secretariasenado.gov.co/senado/basedoc/constitucion_politica_1991.html
co:cc:c-008:2003,interpreta,co:constitucion:1991:art:152,,,http://www.secretariasenado.gov.co/senado/basedoc/constitucion_politica_1991.html
co:acto-legislativo:2:2004:art:4,adiciona,co:constitucion:1991:art:152,2004-12-28,,http://www.secretariasenado.gov.co/senado/basedoc/constitucion_politica_1991.html
co:acto-legislativo:2:2012:art:2,adiciona,co:constitucion:1991:art:152,2012-12-28,la fuente marca INEXEQUIBLE sobre esta reforma — verificar si surtió efecto,http://www.secretariasenado.gov.co/senado/basedoc/constitucion_politica_1991.html
co:cc:c-1153:2005,interpreta,co:constitucion:1991:art:152,,,http://www.secretariasenado.gov.co/senado/basedoc/constitucion_politica_1991.html
co:cc:c-665:2006,interpreta,co:constitucion:1991:art:152,,,http://www.secretariasenado.gov.co/senado/basedoc/constitucion_politica_1991.html
co:cc:c-093:1993,interpreta,co:constitucion:1991:art:153,,,http://www.secretariasenado.gov.co/senado/basedoc/constitucion_politica_1991.html
co:cc:c-133:1993,interpreta,co:constitucion:1991:art:153,,,http://www.secretariasenado.gov.co/senado/basedoc/constitucion_politica_1991.html
co:cc:c-246:1993,interpreta,co:constitucion:1991:art:153,,,http://www.secretariasenado.gov.co/senado/basedoc/constitucion_politica_1991.html
co:cc:c-364:1993,interpreta,co:constitucion:1991:art:153,,,http://www.secretariasenado.gov.co/senado/basedoc/constitucion_politica_1991.html
co:cc:c-566:1993,interpreta,co:constitucion:1991:art:153,,,http://www.secretariasenado.gov.co/senado/basedoc/constitucion_politica_1991.html
co:cc:c-162:2003,interpreta,co:constitucion:1991:art:153,,,http://www.secretariasenado.gov.co/senado/basedoc/constitucion_politica_1991.html
co:cc:c-292:2003,interpreta,co:constitucion:1991:art:153,,,http://www.secretariasenado.gov.co/senado/basedoc/constitucion_politica_1991.html
co:cc:c-307:2004,interpreta,co:constitucion:1991:art:153,,,http://www.secretariasenado.gov.co/senado/basedoc/constitucion_politica_1991.html
co:cc:c-334:2005,interpreta,co:constitucion:1991:art:153,,,http://www.secretariasenado.gov.co/senado/basedoc/constitucion_politica_1991.html
co:cc:c-523:2005,interpreta,co:constitucion:1991:art:153,,,http://www.secretariasenado.gov.co/senado/basedoc/constitucion_politica_1991.html
co:cc:c-913:2010,interpreta,co:constitucion:1991:art:153,,,http://www.secretariasenado.gov.co/senado/basedoc/constitucion_politica_1991.html
co:cc:c-818:2011,interpreta,co:constitucion:1991:art:153,,,http://www.secretariasenado.gov.co/senado/basedoc/constitucion_politica_1991.html
co:cc:c-791:2011,interpreta,co:constitucion:1991:art:153,,,http://www.secretariasenado.gov.co/senado/basedoc/constitucion_politica_1991.html
co:cc:c-233:2014,interpreta,co:constitucion:1991:art:153,,,http://www.secretariasenado.gov.co/senado/basedoc/constitucion_politica_1991.html
co:cc:c-784:2014,interpreta,co:constitucion:1991:art:153,,,http://www.secretariasenado.gov.co/senado/basedoc/constitucion_politica_1991.html
co:cc:c-634:2015,interpreta,co:constitucion:1991:art:153,,,http://www.secretariasenado.gov.co/senado/basedoc/constitucion_politica_1991.html
co:cc:c-007:2017,interpreta,co:constitucion:1991:art:153,,,http://www.secretariasenado.gov.co/senado/basedoc/constitucion_politica_1991.html
co:cc:c-242:2020,interpreta,co:constitucion:1991:art:153,,,http://www.secretariasenado.gov.co/senado/basedoc/constitucion_politica_1991.html
co:cc:c-133:2022,interpreta,co:constitucion:1991:art:153,,,http://www.secretariasenado.gov.co/senado/basedoc/constitucion_politica_1991.html
co:cc:c-334:2023,interpreta,co:constitucion:1991:art:153,,,http://www.secretariasenado.gov.co/senado/basedoc/constitucion_politica_1991.html
co:cc:c-270:1993,interpreta,co:constitucion:1991:art:154,,,http://www.secretariasenado.gov.co/senado/basedoc/constitucion_politica_1991.html
co:cc:c-022:1994,interpreta,co:constitucion:1991:art:154,,,http://www.secretariasenado.gov.co/senado/basedoc/constitucion_politica_1991.html
co:cc:c-475:1994,interpreta,co:constitucion:1991:art:154,,,http://www.secretariasenado.gov.co/senado/basedoc/constitucion_politica_1991.html
co:cc:c-266:1995,interpreta,co:constitucion:1991:art:154,,,http://www.secretariasenado.gov.co/senado/basedoc/constitucion_politica_1991.html
co:cc:c-740:1998,interpreta,co:constitucion:1991:art:154,,,http://www.secretariasenado.gov.co/senado/basedoc/constitucion_politica_1991.html
co:cc:c-393:2000,interpreta,co:constitucion:1991:art:154,,,http://www.secretariasenado.gov.co/senado/basedoc/constitucion_politica_1991.html
co:cc:c-557:2000,interpreta,co:constitucion:1991:art:154,,,http://www.secretariasenado.gov.co/senado/basedoc/constitucion_politica_1991.html
co:cc:c-643:2000,interpreta,co:constitucion:1991:art:154,,,http://www.secretariasenado.gov.co/senado/basedoc/constitucion_politica_1991.html
co:cc:c-657:2000,interpreta,co:constitucion:1991:art:154,,,http://www.secretariasenado.gov.co/senado/basedoc/constitucion_politica_1991.html
co:cc:c-1707:2000,interpreta,co:constitucion:1991:art:154,,,http://www.secretariasenado.gov.co/senado/basedoc/constitucion_politica_1991.html
co:cc:c-807:2001,interpreta,co:constitucion:1991:art:154,,,http://www.secretariasenado.gov.co/senado/basedoc/constitucion_politica_1991.html
co:cc:c-1246:2001,interpreta,co:constitucion:1991:art:154,,,http://www.secretariasenado.gov.co/senado/basedoc/constitucion_politica_1991.html
co:cc:c-005:2003,interpreta,co:constitucion:1991:art:154,,,http://www.secretariasenado.gov.co/senado/basedoc/constitucion_politica_1991.html
co:cc:c-078:2003,interpreta,co:constitucion:1991:art:154,,,http://www.secretariasenado.gov.co/senado/basedoc/constitucion_politica_1991.html
co:cc:c-229:2003,interpreta,co:constitucion:1991:art:154,,,http://www.secretariasenado.gov.co/senado/basedoc/constitucion_politica_1991.html
co:cc:c-809:2007,interpreta,co:constitucion:1991:art:154,,,http://www.secretariasenado.gov.co/senado/basedoc/constitucion_politica_1991.html
co:cc:c-930:2007,interpreta,co:constitucion:1991:art:154,,,http://www.secretariasenado.gov.co/senado/basedoc/constitucion_politica_1991.html
co:cc:c-315:2008,interpreta,co:constitucion:1991:art:154,,,http://www.secretariasenado.gov.co/senado/basedoc/constitucion_politica_1991.html
co:cc:c-838:2008,interpreta,co:constitucion:1991:art:154,,,http://www.secretariasenado.gov.co/senado/basedoc/constitucion_politica_1991.html
co:cc:c-373:2009,interpreta,co:constitucion:1991:art:154,,,http://www.secretariasenado.gov.co/senado/basedoc/constitucion_politica_1991.html
co:cc:c-932:2009,interpreta,co:constitucion:1991:art:154,,,http://www.secretariasenado.gov.co/senado/basedoc/constitucion_politica_1991.html
co:cc:c-821:2011,interpreta,co:constitucion:1991:art:154,,,http://www.secretariasenado.gov.co/senado/basedoc/constitucion_politica_1991.html
co:cc:c-678:2013,interpreta,co:constitucion:1991:art:154,,,http://www.secretariasenado.gov.co/senado/basedoc/constitucion_politica_1991.html
co:cc:c-866:2014,interpreta,co:constitucion:1991:art:154,,,http://www.secretariasenado.gov.co/senado/basedoc/constitucion_politica_1991.html
co:cc:c-031:2017,interpreta,co:constitucion:1991:art:154,,,http://www.secretariasenado.gov.co/senado/basedoc/constitucion_politica_1991.html
co:cc:c-066:2018,interpreta,co:constitucion:1991:art:154,,,http://www.secretariasenado.gov.co/senado/basedoc/constitucion_politica_1991.html
co:cc:c-380:2019,interpreta,co:constitucion:1991:art:154,,,http://www.secretariasenado.gov.co/senado/basedoc/constitucion_politica_1991.html
co:cc:c-558:2019,interpreta,co:constitucion:1991:art:154,,,http://www.secretariasenado.gov.co/senado/basedoc/constitucion_politica_1991.html
co:cc:c-349:2020,interpreta,co:constitucion:1991:art:154,,,http://www.secretariasenado.gov.co/senado/basedoc/constitucion_politica_1991.html
co:cc:c-028:2021,interpreta,co:constitucion:1991:art:154,,,http://www.secretariasenado.gov.co/senado/basedoc/constitucion_politica_1991.html
co:cc:c-047:2021,interpreta,co:constitucion:1991:art:154,,,http://www.secretariasenado.gov.co/senado/basedoc/constitucion_politica_1991.html
co:cc:c-043:2023,interpreta,co:constitucion:1991:art:154,,,http://www.secretariasenado.gov.co/senado/basedoc/constitucion_politica_1991.html
co:cc:c-447:1992,interpreta,co:constitucion:1991:art:154,,,http://www.secretariasenado.gov.co/senado/basedoc/constitucion_politica_1991.html
co:cc:c-448:1992,interpreta,co:constitucion:1991:art:154,,,http://www.secretariasenado.gov.co/senado/basedoc/constitucion_politica_1991.html
co:cc:c-465:1992,interpreta,co:constitucion:1991:art:154,,,http://www.secretariasenado.gov.co/senado/basedoc/constitucion_politica_1991.html
co:cc:c-590:1992,interpreta,co:constitucion:1991:art:154,,,http://www.secretariasenado.gov.co/senado/basedoc/constitucion_politica_1991.html
co:cc:c-040:1993,interpreta,co:constitucion:1991:art:154,,,http://www.secretariasenado.gov.co/senado/basedoc/constitucion_politica_1991.html
co:cc:c-057:1993,interpreta,co:constitucion:1991:art:154,,,http://www.secretariasenado.gov.co/senado/basedoc/constitucion_politica_1991.html
co:cc:c-133:1993,interpreta,co:constitucion:1991:art:154,,,http://www.secretariasenado.gov.co/senado/basedoc/constitucion_politica_1991.html
co:cc:c-032:2004,interpreta,co:constitucion:1991:art:154,,,http://www.secretariasenado.gov.co/senado/basedoc/constitucion_politica_1991.html
co:cc:c-071:2003,interpreta,co:constitucion:1991:art:154,,,http://www.secretariasenado.gov.co/senado/basedoc/constitucion_politica_1991.html
co:cc:c-254:2003,interpreta,co:constitucion:1991:art:154,,,http://www.secretariasenado.gov.co/senado/basedoc/constitucion_politica_1991.html
co:cc:c-1035:2003,interpreta,co:constitucion:1991:art:154,,,http://www.secretariasenado.gov.co/senado/basedoc/constitucion_politica_1991.html
co:cc:c-037:2004,interpreta,co:constitucion:1991:art:154,,,http://www.secretariasenado.gov.co/senado/basedoc/constitucion_politica_1991.html
co:cc:c-045:2004,interpreta,co:constitucion:1991:art:154,,,http://www.secretariasenado.gov.co/senado/basedoc/constitucion_politica_1991.html
co:cc:c-280:2004,interpreta,co:constitucion:1991:art:154,,,http://www.secretariasenado.gov.co/senado/basedoc/constitucion_politica_1991.html
co:cc:c-309:2004,interpreta,co:constitucion:1991:art:154,,,http://www.secretariasenado.gov.co/senado/basedoc/constitucion_politica_1991.html
co:cc:c-315:2004,interpreta,co:constitucion:1991:art:154,,,http://www.secretariasenado.gov.co/senado/basedoc/constitucion_politica_1991.html
co:cc:c-370:2004,interpreta,co:constitucion:1991:art:154,,,http://www.secretariasenado.gov.co/senado/basedoc/constitucion_politica_1991.html
co:cc:c-373:2004,interpreta,co:constitucion:1991:art:154,,,http://www.secretariasenado.gov.co/senado/basedoc/constitucion_politica_1991.html
co:cc:c-1047:2004,interpreta,co:constitucion:1991:art:154,,,http://www.secretariasenado.gov.co/senado/basedoc/constitucion_politica_1991.html
co:cc:c-856:2006,interpreta,co:constitucion:1991:art:154,,,http://www.secretariasenado.gov.co/senado/basedoc/constitucion_politica_1991.html
co:cc:c-517:2007,interpreta,co:constitucion:1991:art:154,,,http://www.secretariasenado.gov.co/senado/basedoc/constitucion_politica_1991.html
co:cc:c-911:2007,interpreta,co:constitucion:1991:art:154,,,http://www.secretariasenado.gov.co/senado/basedoc/constitucion_politica_1991.html
co:cc:c-822:2011,interpreta,co:constitucion:1991:art:154,,,http://www.secretariasenado.gov.co/senado/basedoc/constitucion_politica_1991.html
co:cc:c-608:2012,interpreta,co:constitucion:1991:art:154,,,http://www.secretariasenado.gov.co/senado/basedoc/constitucion_politica_1991.html
co:cc:c-712:2012,interpreta,co:constitucion:1991:art:154,,,http://www.secretariasenado.gov.co/senado/basedoc/constitucion_politica_1991.html
co:cc:c-726:2015,interpreta,co:constitucion:1991:art:154,,,http://www.secretariasenado.gov.co/senado/basedoc/constitucion_politica_1991.html
co:cc:c-015:2016,interpreta,co:constitucion:1991:art:154,,,http://www.secretariasenado.gov.co/senado/basedoc/constitucion_politica_1991.html
co:cc:c-110:2019,interpreta,co:constitucion:1991:art:154,,,http://www.secretariasenado.gov.co/senado/basedoc/constitucion_politica_1991.html
co:cc:c-109:2023,interpreta,co:constitucion:1991:art:154,,,http://www.secretariasenado.gov.co/senado/basedoc/constitucion_politica_1991.html
co:cc:c-270:1993,interpreta,co:constitucion:1991:art:155,,,http://www.secretariasenado.gov.co/senado/basedoc/constitucion_politica_1991.html
co:cc:c-454:1993,interpreta,co:constitucion:1991:art:155,,,http://www.secretariasenado.gov.co/senado/basedoc/constitucion_politica_1991.html
co:cc:c-542:1993,interpreta,co:constitucion:1991:art:155,,,http://www.secretariasenado.gov.co/senado/basedoc/constitucion_politica_1991.html
co:cc:c-089:1994,interpreta,co:constitucion:1991:art:155,,,http://www.secretariasenado.gov.co/senado/basedoc/constitucion_politica_1991.html
co:cc:c-180:1994,interpreta,co:constitucion:1991:art:155,,,http://www.secretariasenado.gov.co/senado/basedoc/constitucion_politica_1991.html
co:cc:c-547:1994,interpreta,co:constitucion:1991:art:155,,,http://www.secretariasenado.gov.co/senado/basedoc/constitucion_politica_1991.html
co:cc:c-088:1994,interpreta,co:constitucion:1991:art:156,,,http://www.secretariasenado.gov.co/senado/basedoc/constitucion_politica_1991.html
co:cc:c-089:1994,interpreta,co:constitucion:1991:art:156,,,http://www.secretariasenado.gov.co/senado/basedoc/constitucion_politica_1991.html
co:cc:c-353:1994,interpreta,co:constitucion:1991:art:156,,,http://www.secretariasenado.gov.co/senado/basedoc/constitucion_politica_1991.html
co:cc:c-388:1994,interpreta,co:constitucion:1991:art:156,,,http://www.secretariasenado.gov.co/senado/basedoc/constitucion_politica_1991.html
co:cc:c-527:1994,interpreta,co:constitucion:1991:art:156,,,http://www.secretariasenado.gov.co/senado/basedoc/constitucion_politica_1991.html
co:cc:c-071:2003,interpreta,co:constitucion:1991:art:157,,,http://www.secretariasenado.gov.co/senado/basedoc/constitucion_politica_1991.html
co:cc:c-333:2003,interpreta,co:constitucion:1991:art:157,,,http://www.secretariasenado.gov.co/senado/basedoc/constitucion_politica_1991.html
co:cc:c-385:2003,interpreta,co:constitucion:1991:art:157,,,http://www.secretariasenado.gov.co/senado/basedoc/constitucion_politica_1991.html
co:cc:c-940:2003,interpreta,co:constitucion:1991:art:157,,,http://www.secretariasenado.gov.co/senado/basedoc/constitucion_politica_1991.html
co:cc:c-1056:2003,interpreta,co:constitucion:1991:art:157,,,http://www.secretariasenado.gov.co/senado/basedoc/constitucion_politica_1991.html
co:cc:c-020:2004,interpreta,co:constitucion:1991:art:157,,,http://www.secretariasenado.gov.co/senado/basedoc/constitucion_politica_1991.html
co:cc:c-037:2004,interpreta,co:constitucion:1991:art:157,,,http://www.secretariasenado.gov.co/senado/basedoc/constitucion_politica_1991.html
co:cc:c-045:2004,interpreta,co:constitucion:1991:art:157,,,http://www.secretariasenado.gov.co/senado/basedoc/constitucion_politica_1991.html
co:cc:c-069:2004,interpreta,co:constitucion:1991:art:157,,,http://www.secretariasenado.gov.co/senado/basedoc/constitucion_politica_1991.html
co:cc:c-120:2004,interpreta,co:constitucion:1991:art:157,,,http://www.secretariasenado.gov.co/senado/basedoc/constitucion_politica_1991.html
co:cc:c-172:2004,interpreta,co:constitucion:1991:art:157,,,http://www.secretariasenado.gov.co/senado/basedoc/constitucion_politica_1991.html
co:cc:c-280:2004,interpreta,co:constitucion:1991:art:157,,,http://www.secretariasenado.gov.co/senado/basedoc/constitucion_politica_1991.html
co:cc:c-305:2004,interpreta,co:constitucion:1991:art:157,,,http://www.secretariasenado.gov.co/senado/basedoc/constitucion_politica_1991.html
co:cc:c-309:2004,interpreta,co:constitucion:1991:art:157,,,http://www.secretariasenado.gov.co/senado/basedoc/constitucion_politica_1991.html
co:cc:c-312:2004,interpreta,co:constitucion:1991:art:157,,,http://www.secretariasenado.gov.co/senado/basedoc/constitucion_politica_1991.html
co:cc:c-313:2004,interpreta,co:constitucion:1991:art:157,,,http://www.secretariasenado.gov.co/senado/basedoc/constitucion_politica_1991.html
co:cc:c-370:2004,interpreta,co:constitucion:1991:art:157,,,http://www.secretariasenado.gov.co/senado/basedoc/constitucion_politica_1991.html
co:cc:c-372:2004,interpreta,co:constitucion:1991:art:157,,,http://www.secretariasenado.gov.co/senado/basedoc/constitucion_politica_1991.html
co:cc:c-373:2004,interpreta,co:constitucion:1991:art:157,,,http://www.secretariasenado.gov.co/senado/basedoc/constitucion_politica_1991.html
co:cc:c-572:2004,interpreta,co:constitucion:1991:art:157,,,http://www.secretariasenado.gov.co/senado/basedoc/constitucion_politica_1991.html
co:cc:c-573:2004,interpreta,co:constitucion:1991:art:157,,,http://www.secretariasenado.gov.co/senado/basedoc/constitucion_politica_1991.html
co:cc:c-669:2004,interpreta,co:constitucion:1991:art:157,,,http://www.secretariasenado.gov.co/senado/basedoc/constitucion_politica_1991.html
co:cc:c-816:2004,interpreta,co:constitucion:1991:art:157,,,http://www.secretariasenado.gov.co/senado/basedoc/constitucion_politica_1991.html
co:cc:c-1048:2004,interpreta,co:constitucion:1991:art:157,,,http://www.secretariasenado.gov.co/senado/basedoc/constitucion_politica_1991.html
co:cc:c-208:2005,interpreta,co:constitucion:1991:art:157,,,http://www.secretariasenado.gov.co/senado/basedoc/constitucion_politica_1991.html
co:cc:c-706:2005,interpreta,co:constitucion:1991:art:157,,,http://www.secretariasenado.gov.co/senado/basedoc/constitucion_politica_1991.html
co:cc:c-322:2006,interpreta,co:constitucion:1991:art:157,,,http://www.secretariasenado.gov.co/senado/basedoc/constitucion_politica_1991.html
co:cc:c-648:2006,interpreta,co:constitucion:1991:art:157,,,http://www.secretariasenado.gov.co/senado/basedoc/constitucion_politica_1991.html
co:cc:c-942:2008,interpreta,co:constitucion:1991:art:157,,,http://www.secretariasenado.gov.co/senado/basedoc/constitucion_politica_1991.html
co:cc:c-822:2011,interpreta,co:constitucion:1991:art:157,,,http://www.secretariasenado.gov.co/senado/basedoc/constitucion_politica_1991.html
co:cc:c-386:2014,interpreta,co:constitucion:1991:art:157,,,http://www.secretariasenado.gov.co/senado/basedoc/constitucion_politica_1991.html
co:cc:c-726:2015,interpreta,co:constitucion:1991:art:157,,,http://www.secretariasenado.gov.co/senado/basedoc/constitucion_politica_1991.html
co:cc:c-015:2016,interpreta,co:constitucion:1991:art:157,,,http://www.secretariasenado.gov.co/senado/basedoc/constitucion_politica_1991.html
co:cc:c-094:2017,interpreta,co:constitucion:1991:art:157,,,http://www.secretariasenado.gov.co/senado/basedoc/constitucion_politica_1991.html
co:cc:c-020:2024,interpreta,co:constitucion:1991:art:157,,,http://www.secretariasenado.gov.co/senado/basedoc/constitucion_politica_1991.html
co:cc:c-465:2014,interpreta,co:constitucion:1991:art:157,,,http://www.secretariasenado.gov.co/senado/basedoc/constitucion_politica_1991.html
co:cc:c-415:2020,interpreta,co:constitucion:1991:art:157,,,http://www.secretariasenado.gov.co/senado/basedoc/constitucion_politica_1991.html
co:cc:c-314:2022,interpreta,co:constitucion:1991:art:157,,,http://www.secretariasenado.gov.co/senado/basedoc/constitucion_politica_1991.html
co:cc:c-142:2025,interpreta,co:constitucion:1991:art:157,,,http://www.secretariasenado.gov.co/senado/basedoc/constitucion_politica_1991.html
co:cc:c-226:2004,interpreta,co:constitucion:1991:art:157,,,http://www.secretariasenado.gov.co/senado/basedoc/constitucion_politica_1991.html
co:cc:c-278:2004,interpreta,co:constitucion:1991:art:157,,,http://www.secretariasenado.gov.co/senado/basedoc/constitucion_politica_1991.html
co:cc:c-285:2017,interpreta,co:constitucion:1991:art:157,,,http://www.secretariasenado.gov.co/senado/basedoc/constitucion_politica_1991.html
co:cc:c-133:2021,interpreta,co:constitucion:1991:art:157,,,http://www.secretariasenado.gov.co/senado/basedoc/constitucion_politica_1991.html
co:cc:c-035:2003,interpreta,co:constitucion:1991:art:157,,,http://www.secretariasenado.gov.co/senado/basedoc/constitucion_politica_1991.html
co:cc:c-481:2019,interpreta,co:constitucion:1991:art:157,,,http://www.secretariasenado.gov.co/senado/basedoc/constitucion_politica_1991.html
co:cc:c-600:1992,interpreta,co:constitucion:1991:art:157,,,http://www.secretariasenado.gov.co/senado/basedoc/constitucion_politica_1991.html
co:cc:c-013:1993,interpreta,co:constitucion:1991:art:157,,,http://www.secretariasenado.gov.co/senado/basedoc/constitucion_politica_1991.html
co:cc:c-061:1993,interpreta,co:constitucion:1991:art:157,,,http://www.secretariasenado.gov.co/senado/basedoc/constitucion_politica_1991.html
co:cc:c-133:1993,interpreta,co:constitucion:1991:art:157,,,http://www.secretariasenado.gov.co/senado/basedoc/constitucion_politica_1991.html
co:cc:c-166:1993,interpreta,co:constitucion:1991:art:157,,,http://www.secretariasenado.gov.co/senado/basedoc/constitucion_politica_1991.html
co:cc:c-167:1993,interpreta,co:constitucion:1991:art:157,,,http://www.secretariasenado.gov.co/senado/basedoc/constitucion_politica_1991.html
co:cc:c-246:1993,interpreta,co:constitucion:1991:art:157,,,http://www.secretariasenado.gov.co/senado/basedoc/constitucion_politica_1991.html
co:cc:c-270:1993,interpreta,co:constitucion:1991:art:157,,,http://www.secretariasenado.gov.co/senado/basedoc/constitucion_politica_1991.html
co:cc:c-276:1993,interpreta,co:constitucion:1991:art:157,,,http://www.secretariasenado.gov.co/senado/basedoc/constitucion_politica_1991.html
co:cc:c-333:1993,interpreta,co:constitucion:1991:art:157,,,http://www.secretariasenado.gov.co/senado/basedoc/constitucion_politica_1991.html
co:cc:c-363:1993,interpreta,co:constitucion:1991:art:157,,,http://www.secretariasenado.gov.co/senado/basedoc/constitucion_politica_1991.html
co:cc:c-428:1993,interpreta,co:constitucion:1991:art:157,,,http://www.secretariasenado.gov.co/senado/basedoc/constitucion_politica_1991.html
co:cc:c-172:2006,interpreta,co:constitucion:1991:art:157,,,http://www.secretariasenado.gov.co/senado/basedoc/constitucion_politica_1991.html
co:cc:c-908:2007,interpreta,co:constitucion:1991:art:157,,,http://www.secretariasenado.gov.co/senado/basedoc/constitucion_politica_1991.html
co:cc:c-084:2019,interpreta,co:constitucion:1991:art:157,,,http://www.secretariasenado.gov.co/senado/basedoc/constitucion_politica_1991.html
co:cc:c-590:2019,interpreta,co:constitucion:1991:art:157,,,http://www.secretariasenado.gov.co/senado/basedoc/constitucion_politica_1991.html
co:cc:c-440:2020,interpreta,co:constitucion:1991:art:157,,,http://www.secretariasenado.gov.co/senado/basedoc/constitucion_politica_1991.html
co:cc:c-487:2020,interpreta,co:constitucion:1991:art:157,,,http://www.secretariasenado.gov.co/senado/basedoc/constitucion_politica_1991.html
co:cc:c-080:2023,interpreta,co:constitucion:1991:art:157,,,http://www.secretariasenado.gov.co/senado/basedoc/constitucion_politica_1991.html
co:cc:c-391:2023,interpreta,co:constitucion:1991:art:157,,,http://www.secretariasenado.gov.co/senado/basedoc/constitucion_politica_1991.html
co:cc:c-294:2024,interpreta,co:constitucion:1991:art:157,,,http://www.secretariasenado.gov.co/senado/basedoc/constitucion_politica_1991.html
co:cc:c-592:1992,interpreta,co:constitucion:1991:art:158,,,http://www.secretariasenado.gov.co/senado/basedoc/constitucion_politica_1991.html
co:cc:c-025:1993,interpreta,co:constitucion:1991:art:158,,,http://www.secretariasenado.gov.co/senado/basedoc/constitucion_politica_1991.html
co:cc:c-026:1993,interpreta,co:constitucion:1991:art:158,,,http://www.secretariasenado.gov.co/senado/basedoc/constitucion_politica_1991.html
co:cc:c-133:1993,interpreta,co:constitucion:1991:art:158,,,http://www.secretariasenado.gov.co/senado/basedoc/constitucion_politica_1991.html
co:cc:c-149:1993,interpreta,co:constitucion:1991:art:158,,,http://www.secretariasenado.gov.co/senado/basedoc/constitucion_politica_1991.html
co:cc:c-166:1993,interpreta,co:constitucion:1991:art:158,,,http://www.secretariasenado.gov.co/senado/basedoc/constitucion_politica_1991.html
co:cc:c-194:1993,interpreta,co:constitucion:1991:art:158,,,http://www.secretariasenado.gov.co/senado/basedoc/constitucion_politica_1991.html
co:cc:c-205:1993,interpreta,co:constitucion:1991:art:158,,,http://www.secretariasenado.gov.co/senado/basedoc/constitucion_politica_1991.html
co:cc:c-333:1993,interpreta,co:constitucion:1991:art:158,,,http://www.secretariasenado.gov.co/senado/basedoc/constitucion_politica_1991.html
co:cc:c-337:1993,interpreta,co:constitucion:1991:art:158,,,http://www.secretariasenado.gov.co/senado/basedoc/constitucion_politica_1991.html
co:cc:c-363:1993,interpreta,co:constitucion:1991:art:158,,,http://www.secretariasenado.gov.co/senado/basedoc/constitucion_politica_1991.html
co:cc:c-364:1993,interpreta,co:constitucion:1991:art:158,,,http://www.secretariasenado.gov.co/senado/basedoc/constitucion_politica_1991.html
co:cc:c-391:1993,interpreta,co:constitucion:1991:art:158,,,http://www.secretariasenado.gov.co/senado/basedoc/constitucion_politica_1991.html
co:cc:c-544:1993,interpreta,co:constitucion:1991:art:158,,,http://www.secretariasenado.gov.co/senado/basedoc/constitucion_politica_1991.html
co:cc:c-039:1994,interpreta,co:constitucion:1991:art:158,,,http://www.secretariasenado.gov.co/senado/basedoc/constitucion_politica_1991.html
co:cc:c-191:1999,interpreta,co:constitucion:1991:art:158,,,http://www.secretariasenado.gov.co/senado/basedoc/constitucion_politica_1991.html
co:cc:c-501:2001,interpreta,co:constitucion:1991:art:158,,,http://www.secretariasenado.gov.co/senado/basedoc/constitucion_politica_1991.html
co:cc:c-177:2002,interpreta,co:constitucion:1991:art:158,,,http://www.secretariasenado.gov.co/senado/basedoc/constitucion_politica_1991.html
co:cc:c-309:2002,interpreta,co:constitucion:1991:art:158,,,http://www.secretariasenado.gov.co/senado/basedoc/constitucion_politica_1991.html
co:cc:c-618:2002,interpreta,co:constitucion:1991:art:158,,,http://www.secretariasenado.gov.co/senado/basedoc/constitucion_politica_1991.html
co:cc:c-887:2002,interpreta,co:constitucion:1991:art:158,,,http://www.secretariasenado.gov.co/senado/basedoc/constitucion_politica_1991.html
co:cc:c-009:2003,interpreta,co:constitucion:1991:art:158,,,http://www.secretariasenado.gov.co/senado/basedoc/constitucion_politica_1991.html
co:cc:c-035:2003,interpreta,co:constitucion:1991:art:158,,,http://www.secretariasenado.gov.co/senado/basedoc/constitucion_politica_1991.html
co:cc:c-064:2003,interpreta,co:constitucion:1991:art:158,,,http://www.secretariasenado.gov.co/senado/basedoc/constitucion_politica_1991.html
co:cc:c-068:2003,interpreta,co:constitucion:1991:art:158,,,http://www.secretariasenado.gov.co/senado/basedoc/constitucion_politica_1991.html
co:cc:c-071:2003,interpreta,co:constitucion:1991:art:158,,,http://www.secretariasenado.gov.co/senado/basedoc/constitucion_politica_1991.html
co:cc:c-152:2003,interpreta,co:constitucion:1991:art:158,,,http://www.secretariasenado.gov.co/senado/basedoc/constitucion_politica_1991.html
co:cc:c-229:2003,interpreta,co:constitucion:1991:art:158,,,http://www.secretariasenado.gov.co/senado/basedoc/constitucion_politica_1991.html
co:cc:c-233:2003,interpreta,co:constitucion:1991:art:158,,,http://www.secretariasenado.gov.co/senado/basedoc/constitucion_politica_1991.html
co:cc:c-274:2003,interpreta,co:constitucion:1991:art:158,,,http://www.secretariasenado.gov.co/senado/basedoc/constitucion_politica_1991.html
co:cc:c-384:2003,interpreta,co:constitucion:1991:art:158,,,http://www.secretariasenado.gov.co/senado/basedoc/constitucion_politica_1991.html
co:cc:c-385:2003,interpreta,co:constitucion:1991:art:158,,,http://www.secretariasenado.gov.co/senado/basedoc/constitucion_politica_1991.html
co:cc:c-483:2003,interpreta,co:constitucion:1991:art:158,,,http://www.secretariasenado.gov.co/senado/basedoc/constitucion_politica_1991.html
co:cc:c-940:2003,interpreta,co:constitucion:1991:art:158,,,http://www.secretariasenado.gov.co/senado/basedoc/constitucion_politica_1991.html
co:cc:c-944:2003,interpreta,co:constitucion:1991:art:158,,,http://www.secretariasenado.gov.co/senado/basedoc/constitucion_politica_1991.html
co:cc:c-1042:2003,interpreta,co:constitucion:1991:art:158,,,http://www.secretariasenado.gov.co/senado/basedoc/constitucion_politica_1991.html
co:cc:c-1094:2003,interpreta,co:constitucion:1991:art:158,,,http://www.secretariasenado.gov.co/senado/basedoc/constitucion_politica_1991.html
co:cc:c-037:2004,interpreta,co:constitucion:1991:art:158,,,http://www.secretariasenado.gov.co/senado/basedoc/constitucion_politica_1991.html
co:cc:c-039:2004,interpreta,co:constitucion:1991:art:158,,,http://www.secretariasenado.gov.co/senado/basedoc/constitucion_politica_1991.html
co:cc:c-104:2004,interpreta,co:constitucion:1991:art:158,,,http://www.secretariasenado.gov.co/senado/basedoc/constitucion_politica_1991.html
co:cc:c-120:2004,interpreta,co:constitucion:1991:art:158,,,http://www.secretariasenado.gov.co/senado/basedoc/constitucion_politica_1991.html
co:cc:c-153:2004,interpreta,co:constitucion:1991:art:158,,,http://www.secretariasenado.gov.co/senado/basedoc/constitucion_politica_1991.html
co:cc:c-245:2004,interpreta,co:constitucion:1991:art:158,,,http://www.secretariasenado.gov.co/senado/basedoc/constitucion_politica_1991.html
co:cc:c-251:2004,interpreta,co:constitucion:1991:art:158,,,http://www.secretariasenado.gov.co/senado/basedoc/constitucion_politica_1991.html
co:cc:c-280:2004,interpreta,co:constitucion:1991:art:158,,,http://www.secretariasenado.gov.co/senado/basedoc/constitucion_politica_1991.html
co:cc:c-312:2004,interpreta,co:constitucion:1991:art:158,,,http://www.secretariasenado.gov.co/senado/basedoc/constitucion_politica_1991.html
co:cc:c-315:2004,interpreta,co:constitucion:1991:art:158,,,http://www.secretariasenado.gov.co/senado/basedoc/constitucion_politica_1991.html
co:cc:c-354:2004,interpreta,co:constitucion:1991:art:158,,,http://www.secretariasenado.gov.co/senado/basedoc/constitucion_politica_1991.html
co:cc:c-370:2004,interpreta,co:constitucion:1991:art:158,,,http://www.secretariasenado.gov.co/senado/basedoc/constitucion_politica_1991.html
co:cc:c-460:2004,interpreta,co:constitucion:1991:art:158,,,http://www.secretariasenado.gov.co/senado/basedoc/constitucion_politica_1991.html
co:cc:c-572:2004,interpreta,co:constitucion:1991:art:158,,,http://www.secretariasenado.gov.co/senado/basedoc/constitucion_politica_1991.html
co:cc:c-573:2004,interpreta,co:constitucion:1991:art:158,,,http://www.secretariasenado.gov.co/senado/basedoc/constitucion_politica_1991.html
co:cc:c-706:2005,interpreta,co:constitucion:1991:art:158,,,http://www.secretariasenado.gov.co/senado/basedoc/constitucion_politica_1991.html
co:cc:c-120:2006,interpreta,co:constitucion:1991:art:158,,,http://www.secretariasenado.gov.co/senado/basedoc/constitucion_politica_1991.html
co:cc:c-188:2006,interpreta,co:constitucion:1991:art:158,,,http://www.secretariasenado.gov.co/senado/basedoc/constitucion_politica_1991.html
co:cc:c-457:2006,interpreta,co:constitucion:1991:art:158,,,http://www.secretariasenado.gov.co/senado/basedoc/constitucion_politica_1991.html
co:cc:c-138:2007,interpreta,co:constitucion:1991:art:158,,,http://www.secretariasenado.gov.co/senado/basedoc/constitucion_politica_1991.html
co:cc:c-211:2007,interpreta,co:constitucion:1991:art:158,,,http://www.secretariasenado.gov.co/senado/basedoc/constitucion_politica_1991.html
co:cc:c-1124:2008,interpreta,co:constitucion:1991:art:158,,,http://www.secretariasenado.gov.co/senado/basedoc/constitucion_politica_1991.html
co:cc:c-008:2018,interpreta,co:constitucion:1991:art:158,,,http://www.secretariasenado.gov.co/senado/basedoc/constitucion_politica_1991.html
co:cc:c-230:2008,interpreta,co:constitucion:1991:art:158,,,http://www.secretariasenado.gov.co/senado/basedoc/constitucion_politica_1991.html
co:cc:c-539:2008,interpreta,co:constitucion:1991:art:158,,,http://www.secretariasenado.gov.co/senado/basedoc/constitucion_politica_1991.html
co:cc:c-714:2008,interpreta,co:constitucion:1991:art:158,,,http://www.secretariasenado.gov.co/senado/basedoc/constitucion_politica_1991.html
co:cc:c-1067:2008,interpreta,co:constitucion:1991:art:158,,,http://www.secretariasenado.gov.co/senado/basedoc/constitucion_politica_1991.html
co:cc:c-1186:2008,interpreta,co:constitucion:1991:art:158,,,http://www.secretariasenado.gov.co/senado/basedoc/constitucion_politica_1991.html
co:cc:c-400:2010,interpreta,co:constitucion:1991:art:158,,,http://www.secretariasenado.gov.co/senado/basedoc/constitucion_politica_1991.html
co:cc:c-904:2011,interpreta,co:constitucion:1991:art:158,,,http://www.secretariasenado.gov.co/senado/basedoc/constitucion_politica_1991.html
co:cc:c-006:2012,interpreta,co:constitucion:1991:art:158,,,http://www.secretariasenado.gov.co/senado/basedoc/constitucion_politica_1991.html
co:cc:c-133:2012,interpreta,co:constitucion:1991:art:158,,,http://www.secretariasenado.gov.co/senado/basedoc/constitucion_politica_1991.html
co:cc:c-896:2012,interpreta,co:constitucion:1991:art:158,,,http://www.secretariasenado.gov.co/senado/basedoc/constitucion_politica_1991.html
co:cc:c-386:2014,interpreta,co:constitucion:1991:art:158,,,http://www.secretariasenado.gov.co/senado/basedoc/constitucion_politica_1991.html
co:cc:c-142:2015,interpreta,co:constitucion:1991:art:158,,,http://www.secretariasenado.gov.co/senado/basedoc/constitucion_politica_1991.html
co:cc:c-704:2015,interpreta,co:constitucion:1991:art:158,,,http://www.secretariasenado.gov.co/senado/basedoc/constitucion_politica_1991.html
co:cc:c-453:2016,interpreta,co:constitucion:1991:art:158,,,http://www.secretariasenado.gov.co/senado/basedoc/constitucion_politica_1991.html
co:cc:c-285:2017,interpreta,co:constitucion:1991:art:158,,,http://www.secretariasenado.gov.co/senado/basedoc/constitucion_politica_1991.html
co:cc:c-092:2018,interpreta,co:constitucion:1991:art:158,,,http://www.secretariasenado.gov.co/senado/basedoc/constitucion_politica_1991.html
co:cc:c-219:2019,interpreta,co:constitucion:1991:art:158,,,http://www.secretariasenado.gov.co/senado/basedoc/constitucion_politica_1991.html
co:cc:c-026:2020,interpreta,co:constitucion:1991:art:158,,,http://www.secretariasenado.gov.co/senado/basedoc/constitucion_politica_1991.html
co:cc:c-068:2020,interpreta,co:constitucion:1991:art:158,,,http://www.secretariasenado.gov.co/senado/basedoc/constitucion_politica_1991.html
co:cc:c-415:2020,interpreta,co:constitucion:1991:art:158,,,http://www.secretariasenado.gov.co/senado/basedoc/constitucion_politica_1991.html
co:cc:c-440:2020,interpreta,co:constitucion:1991:art:158,,,http://www.secretariasenado.gov.co/senado/basedoc/constitucion_politica_1991.html
co:cc:c-464:2020,interpreta,co:constitucion:1991:art:158,,,http://www.secretariasenado.gov.co/senado/basedoc/constitucion_politica_1991.html
co:cc:c-507:2020,interpreta,co:constitucion:1991:art:158,,,http://www.secretariasenado.gov.co/senado/basedoc/constitucion_politica_1991.html
co:cc:c-030:2021,interpreta,co:constitucion:1991:art:158,,,http://www.secretariasenado.gov.co/senado/basedoc/constitucion_politica_1991.html
co:cc:c-063:2021,interpreta,co:constitucion:1991:art:158,,,http://www.secretariasenado.gov.co/senado/basedoc/constitucion_politica_1991.html
co:cc:c-095:2021,interpreta,co:constitucion:1991:art:158,,,http://www.secretariasenado.gov.co/senado/basedoc/constitucion_politica_1991.html
co:cc:c-133:2021,interpreta,co:constitucion:1991:art:158,,,http://www.secretariasenado.gov.co/senado/basedoc/constitucion_politica_1991.html
co:cc:c-167:2021,interpreta,co:constitucion:1991:art:158,,,http://www.secretariasenado.gov.co/senado/basedoc/constitucion_politica_1991.html
co:cc:c-178:2021,interpreta,co:constitucion:1991:art:158,,,http://www.secretariasenado.gov.co/senado/basedoc/constitucion_politica_1991.html
co:cc:c-276:2021,interpreta,co:constitucion:1991:art:158,,,http://www.secretariasenado.gov.co/senado/basedoc/constitucion_politica_1991.html
co:cc:c-049:2022,interpreta,co:constitucion:1991:art:158,,,http://www.secretariasenado.gov.co/senado/basedoc/constitucion_politica_1991.html
co:cc:c-390:2023,interpreta,co:constitucion:1991:art:158,,,http://www.secretariasenado.gov.co/senado/basedoc/constitucion_politica_1991.html
co:cc:c-537:2023,interpreta,co:constitucion:1991:art:158,,,http://www.secretariasenado.gov.co/senado/basedoc/constitucion_politica_1991.html
co:cc:c-020:2024,interpreta,co:constitucion:1991:art:158,,,http://www.secretariasenado.gov.co/senado/basedoc/constitucion_politica_1991.html
co:cc:c-370:2024,interpreta,co:constitucion:1991:art:158,,,http://www.secretariasenado.gov.co/senado/basedoc/constitucion_politica_1991.html
co:cc:c-438:2024,interpreta,co:constitucion:1991:art:158,,,http://www.secretariasenado.gov.co/senado/basedoc/constitucion_politica_1991.html
co:cc:c-244:2025,interpreta,co:constitucion:1991:art:158,,,http://www.secretariasenado.gov.co/senado/basedoc/constitucion_politica_1991.html
co:cc:c-338:2025,interpreta,co:constitucion:1991:art:158,,,http://www.secretariasenado.gov.co/senado/basedoc/constitucion_politica_1991.html
co:cc:c-116:2026,interpreta,co:constitucion:1991:art:158,,,http://www.secretariasenado.gov.co/senado/basedoc/constitucion_politica_1991.html
co:cc:c-133:1993,interpreta,co:constitucion:1991:art:159,,,http://www.secretariasenado.gov.co/senado/basedoc/constitucion_politica_1991.html
co:cc:c-166:1993,interpreta,co:constitucion:1991:art:159,,,http://www.secretariasenado.gov.co/senado/basedoc/constitucion_politica_1991.html
co:cc:c-492:1994,interpreta,co:constitucion:1991:art:159,,,http://www.secretariasenado.gov.co/senado/basedoc/constitucion_politica_1991.html
co:cc:c-572:2004,interpreta,co:constitucion:1991:art:159,,,http://www.secretariasenado.gov.co/senado/basedoc/constitucion_politica_1991.html
co:cc:c-1056:2003,interpreta,co:constitucion:1991:art:160,,,http://www.secretariasenado.gov.co/senado/basedoc/constitucion_politica_1991.html
co:cc:c-1147:2003,interpreta,co:constitucion:1991:art:160,,,http://www.secretariasenado.gov.co/senado/basedoc/constitucion_politica_1991.html
co:cc:c-305:2004,interpreta,co:constitucion:1991:art:160,,,http://www.secretariasenado.gov.co/senado/basedoc/constitucion_politica_1991.html
co:cc:c-312:2004,interpreta,co:constitucion:1991:art:160,,,http://www.secretariasenado.gov.co/senado/basedoc/constitucion_politica_1991.html
co:cc:c-138:2007,interpreta,co:constitucion:1991:art:160,,,http://www.secretariasenado.gov.co/senado/basedoc/constitucion_politica_1991.html
co:cc:c-908:2007,interpreta,co:constitucion:1991:art:160,,,http://www.secretariasenado.gov.co/senado/basedoc/constitucion_politica_1991.html
co:cc:c-539:2008,interpreta,co:constitucion:1991:art:160,,,http://www.secretariasenado.gov.co/senado/basedoc/constitucion_politica_1991.html
co:cc:c-942:2008,interpreta,co:constitucion:1991:art:160,,,http://www.secretariasenado.gov.co/senado/basedoc/constitucion_politica_1991.html
co:cc:c-273:2011,interpreta,co:constitucion:1991:art:160,,,http://www.secretariasenado.gov.co/senado/basedoc/constitucion_politica_1991.html
co:cc:c-469:2011,interpreta,co:constitucion:1991:art:160,,,http://www.secretariasenado.gov.co/senado/basedoc/constitucion_politica_1991.html
co:cc:c-822:2011,interpreta,co:constitucion:1991:art:160,,,http://www.secretariasenado.gov.co/senado/basedoc/constitucion_politica_1991.html
co:cc:c-537:2012,interpreta,co:constitucion:1991:art:160,,,http://www.secretariasenado.gov.co/senado/basedoc/constitucion_politica_1991.html
co:cc:c-369:2012,interpreta,co:constitucion:1991:art:160,,,http://www.secretariasenado.gov.co/senado/basedoc/constitucion_politica_1991.html
co:cc:c-726:2015,interpreta,co:constitucion:1991:art:160,,,http://www.secretariasenado.gov.co/senado/basedoc/constitucion_politica_1991.html
co:cc:c-094:2017,interpreta,co:constitucion:1991:art:160,,,http://www.secretariasenado.gov.co/senado/basedoc/constitucion_politica_1991.html
co:cc:c-084:2019,interpreta,co:constitucion:1991:art:160,,,http://www.secretariasenado.gov.co/senado/basedoc/constitucion_politica_1991.html
co:cc:c-133:2021,interpreta,co:constitucion:1991:art:160,,,http://www.secretariasenado.gov.co/senado/basedoc/constitucion_politica_1991.html
co:cc:c-391:2023,interpreta,co:constitucion:1991:art:160,,,http://www.secretariasenado.gov.co/senado/basedoc/constitucion_politica_1991.html
co:acto-legislativo:1:2003:art:8,adiciona,co:constitucion:1991:art:160,2003-07-03,,http://www.secretariasenado.gov.co/senado/basedoc/constitucion_politica_1991.html
co:cc:c-607:1992,interpreta,co:constitucion:1991:art:160,,,http://www.secretariasenado.gov.co/senado/basedoc/constitucion_politica_1991.html
co:cc:c-025:1993,interpreta,co:constitucion:1991:art:160,,,http://www.secretariasenado.gov.co/senado/basedoc/constitucion_politica_1991.html
co:cc:c-133:1993,interpreta,co:constitucion:1991:art:160,,,http://www.secretariasenado.gov.co/senado/basedoc/constitucion_politica_1991.html
co:cc:c-166:1993,interpreta,co:constitucion:1991:art:160,,,http://www.secretariasenado.gov.co/senado/basedoc/constitucion_politica_1991.html
co:cc:c-276:1993,interpreta,co:constitucion:1991:art:160,,,http://www.secretariasenado.gov.co/senado/basedoc/constitucion_politica_1991.html
co:cc:c-333:1993,interpreta,co:constitucion:1991:art:160,,,http://www.secretariasenado.gov.co/senado/basedoc/constitucion_politica_1991.html
co:cc:c-363:1993,interpreta,co:constitucion:1991:art:160,,,http://www.secretariasenado.gov.co/senado/basedoc/constitucion_politica_1991.html
co:cc:c-543:1998,interpreta,co:constitucion:1991:art:160,,,http://www.secretariasenado.gov.co/senado/basedoc/constitucion_politica_1991.html
co:cc:c-179:2002,interpreta,co:constitucion:1991:art:160,,,http://www.secretariasenado.gov.co/senado/basedoc/constitucion_politica_1991.html
co:cc:c-035:2003,interpreta,co:constitucion:1991:art:160,,,http://www.secretariasenado.gov.co/senado/basedoc/constitucion_politica_1991.html
co:cc:c-041:2003,interpreta,co:constitucion:1991:art:160,,,http://www.secretariasenado.gov.co/senado/basedoc/constitucion_politica_1991.html
co:cc:c-071:2003,interpreta,co:constitucion:1991:art:160,,,http://www.secretariasenado.gov.co/senado/basedoc/constitucion_politica_1991.html
co:cc:c-229:2003,interpreta,co:constitucion:1991:art:160,,,http://www.secretariasenado.gov.co/senado/basedoc/constitucion_politica_1991.html
co:cc:c-940:2003,interpreta,co:constitucion:1991:art:160,,,http://www.secretariasenado.gov.co/senado/basedoc/constitucion_politica_1991.html
co:cc:c-1057:2003,interpreta,co:constitucion:1991:art:160,,,http://www.secretariasenado.gov.co/senado/basedoc/constitucion_politica_1991.html
co:cc:c-037:2004,interpreta,co:constitucion:1991:art:160,,,http://www.secretariasenado.gov.co/senado/basedoc/constitucion_politica_1991.html
co:cc:c-070:2004,interpreta,co:constitucion:1991:art:160,,,http://www.secretariasenado.gov.co/senado/basedoc/constitucion_politica_1991.html
co:cc:c-120:2004,interpreta,co:constitucion:1991:art:160,,,http://www.secretariasenado.gov.co/senado/basedoc/constitucion_politica_1991.html
co:cc:c-172:2004,interpreta,co:constitucion:1991:art:160,,,http://www.secretariasenado.gov.co/senado/basedoc/constitucion_politica_1991.html
co:cc:c-280:2004,interpreta,co:constitucion:1991:art:160,,,http://www.secretariasenado.gov.co/senado/basedoc/constitucion_politica_1991.html
co:cc:c-463:2004,interpreta,co:constitucion:1991:art:160,,,http://www.secretariasenado.gov.co/senado/basedoc/constitucion_politica_1991.html
co:cc:c-533:2004,interpreta,co:constitucion:1991:art:160,,,http://www.secretariasenado.gov.co/senado/basedoc/constitucion_politica_1991.html
co:cc:c-572:2004,interpreta,co:constitucion:1991:art:160,,,http://www.secretariasenado.gov.co/senado/basedoc/constitucion_politica_1991.html
co:cc:c-644:2004,interpreta,co:constitucion:1991:art:160,,,http://www.secretariasenado.gov.co/senado/basedoc/constitucion_politica_1991.html
co:cc:c-661:2004,interpreta,co:constitucion:1991:art:160,,,http://www.secretariasenado.gov.co/senado/basedoc/constitucion_politica_1991.html
co:cc:c-780:2004,interpreta,co:constitucion:1991:art:160,,,http://www.secretariasenado.gov.co/senado/basedoc/constitucion_politica_1991.html
co:cc:c-333:2005,interpreta,co:constitucion:1991:art:160,,,http://www.secretariasenado.gov.co/senado/basedoc/constitucion_politica_1991.html
co:cc:c-400:2005,interpreta,co:constitucion:1991:art:160,,,http://www.secretariasenado.gov.co/senado/basedoc/constitucion_politica_1991.html
co:cc:c-473:2005,interpreta,co:constitucion:1991:art:160,,,http://www.secretariasenado.gov.co/senado/basedoc/constitucion_politica_1991.html
co:cc:c-1040:2005,interpreta,co:constitucion:1991:art:160,,,http://www.secretariasenado.gov.co/senado/basedoc/constitucion_politica_1991.html
co:cc:c-240:2006,interpreta,co:constitucion:1991:art:160,,,http://www.secretariasenado.gov.co/senado/basedoc/constitucion_politica_1991.html
co:cc:c-241:2006,interpreta,co:constitucion:1991:art:160,,,http://www.secretariasenado.gov.co/senado/basedoc/constitucion_politica_1991.html
co:cc:c-322:2006,interpreta,co:constitucion:1991:art:160,,,http://www.secretariasenado.gov.co/senado/basedoc/constitucion_politica_1991.html
co:cc:c-337:2006,interpreta,co:constitucion:1991:art:160,,,http://www.secretariasenado.gov.co/senado/basedoc/constitucion_politica_1991.html
co:cc:c-420:2006,interpreta,co:constitucion:1991:art:160,,,http://www.secretariasenado.gov.co/senado/basedoc/constitucion_politica_1991.html
co:cc:c-576:2006,interpreta,co:constitucion:1991:art:160,,,http://www.secretariasenado.gov.co/senado/basedoc/constitucion_politica_1991.html
co:cc:c-649:2006,interpreta,co:constitucion:1991:art:160,,,http://www.secretariasenado.gov.co/senado/basedoc/constitucion_politica_1991.html
co:cc:c-863:2006,interpreta,co:constitucion:1991:art:160,,,http://www.secretariasenado.gov.co/senado/basedoc/constitucion_politica_1991.html
co:cc:c-735:2007,interpreta,co:constitucion:1991:art:160,,,http://www.secretariasenado.gov.co/senado/basedoc/constitucion_politica_1991.html
co:cc:c-541:2008,interpreta,co:constitucion:1991:art:160,,,http://www.secretariasenado.gov.co/senado/basedoc/constitucion_politica_1991.html
co:cc:c-894:2012,interpreta,co:constitucion:1991:art:160,,,http://www.secretariasenado.gov.co/senado/basedoc/constitucion_politica_1991.html
co:cc:c-194:2013,interpreta,co:constitucion:1991:art:160,,,http://www.secretariasenado.gov.co/senado/basedoc/constitucion_politica_1991.html
co:cc:c-930:2014,interpreta,co:constitucion:1991:art:160,,,http://www.secretariasenado.gov.co/senado/basedoc/constitucion_politica_1991.html
co:cc:c-360:2016,interpreta,co:constitucion:1991:art:160,,,http://www.secretariasenado.gov.co/senado/basedoc/constitucion_politica_1991.html
co:cc:c-633:2016,interpreta,co:constitucion:1991:art:160,,,http://www.secretariasenado.gov.co/senado/basedoc/constitucion_politica_1991.html
co:cc:c-481:2019,interpreta,co:constitucion:1991:art:160,,,http://www.secretariasenado.gov.co/senado/basedoc/constitucion_politica_1991.html
co:cc:c-590:2019,interpreta,co:constitucion:1991:art:160,,,http://www.secretariasenado.gov.co/senado/basedoc/constitucion_politica_1991.html
co:cc:c-080:2023,interpreta,co:constitucion:1991:art:160,,,http://www.secretariasenado.gov.co/senado/basedoc/constitucion_politica_1991.html
co:acto-legislativo:1:2003:art:9,modifica,co:constitucion:1991:art:161,2003-07-03,,http://www.secretariasenado.gov.co/senado/basedoc/constitucion_politica_1991.html
co:cc:c-133:1993,interpreta,co:constitucion:1991:art:161,,,http://www.secretariasenado.gov.co/senado/basedoc/constitucion_politica_1991.html
co:cc:c-166:1993,interpreta,co:constitucion:1991:art:161,,,http://www.secretariasenado.gov.co/senado/basedoc/constitucion_politica_1991.html
co:cc:c-167:1993,interpreta,co:constitucion:1991:art:161,,,http://www.secretariasenado.gov.co/senado/basedoc/constitucion_politica_1991.html
co:cc:c-333:1993,interpreta,co:constitucion:1991:art:161,,,http://www.secretariasenado.gov.co/senado/basedoc/constitucion_politica_1991.html
co:cc:c-363:1993,interpreta,co:constitucion:1991:art:161,,,http://www.secretariasenado.gov.co/senado/basedoc/constitucion_politica_1991.html
co:cc:c-566:1993,interpreta,co:constitucion:1991:art:161,,,http://www.secretariasenado.gov.co/senado/basedoc/constitucion_politica_1991.html
co:cc:c-035:2003,interpreta,co:constitucion:1991:art:161,,,http://www.secretariasenado.gov.co/senado/basedoc/constitucion_politica_1991.html
co:cc:c-1056:2003,interpreta,co:constitucion:1991:art:161,,,http://www.secretariasenado.gov.co/senado/basedoc/constitucion_politica_1991.html
co:cc:c-305:2004,interpreta,co:constitucion:1991:art:161,,,http://www.secretariasenado.gov.co/senado/basedoc/constitucion_politica_1991.html
co:cc:c-572:2004,interpreta,co:constitucion:1991:art:161,,,http://www.secretariasenado.gov.co/senado/basedoc/constitucion_politica_1991.html
co:cc:c-797:2004,interpreta,co:constitucion:1991:art:161,,,http://www.secretariasenado.gov.co/senado/basedoc/constitucion_politica_1991.html
co:cc:c-138:2007,interpreta,co:constitucion:1991:art:161,,,http://www.secretariasenado.gov.co/senado/basedoc/constitucion_politica_1991.html
co:cc:c-735:2007,interpreta,co:constitucion:1991:art:161,,,http://www.secretariasenado.gov.co/senado/basedoc/constitucion_politica_1991.html
co:cc:c-942:2008,interpreta,co:constitucion:1991:art:161,,,http://www.secretariasenado.gov.co/senado/basedoc/constitucion_politica_1991.html
co:cc:c-730:2011,interpreta,co:constitucion:1991:art:161,,,http://www.secretariasenado.gov.co/senado/basedoc/constitucion_politica_1991.html
co:cc:c-822:2011,interpreta,co:constitucion:1991:art:161,,,http://www.secretariasenado.gov.co/senado/basedoc/constitucion_politica_1991.html
co:cc:c-138:2018,interpreta,co:constitucion:1991:art:161,,,http://www.secretariasenado.gov.co/senado/basedoc/constitucion_politica_1991.html
co:cc:c-590:2019,interpreta,co:constitucion:1991:art:161,,,http://www.secretariasenado.gov.co/senado/basedoc/constitucion_politica_1991.html
co:cc:c-133:1993,interpreta,co:constitucion:1991:art:162,,,http://www.secretariasenado.gov.co/senado/basedoc/constitucion_politica_1991.html
co:cc:c-166:1993,interpreta,co:constitucion:1991:art:162,,,http://www.secretariasenado.gov.co/senado/basedoc/constitucion_politica_1991.html
co:cc:c-068:2004,interpreta,co:constitucion:1991:art:162,,,http://www.secretariasenado.gov.co/senado/basedoc/constitucion_politica_1991.html
co:cc:c-069:2004,interpreta,co:constitucion:1991:art:162,,,http://www.secretariasenado.gov.co/senado/basedoc/constitucion_politica_1991.html
co:cc:c-433:2004,interpreta,co:constitucion:1991:art:162,,,http://www.secretariasenado.gov.co/senado/basedoc/constitucion_politica_1991.html
co:cc:c-885:2004,interpreta,co:constitucion:1991:art:162,,,http://www.secretariasenado.gov.co/senado/basedoc/constitucion_politica_1991.html
co:cc:c-857:2006,interpreta,co:constitucion:1991:art:162,,,http://www.secretariasenado.gov.co/senado/basedoc/constitucion_politica_1991.html
co:cc:c-933:2006,interpreta,co:constitucion:1991:art:162,,,http://www.secretariasenado.gov.co/senado/basedoc/constitucion_politica_1991.html
co:cc:c-202:2016,interpreta,co:constitucion:1991:art:162,,,http://www.secretariasenado.gov.co/senado/basedoc/constitucion_politica_1991.html
co:cc:c-360:2016,interpreta,co:constitucion:1991:art:162,,,http://www.secretariasenado.gov.co/senado/basedoc/constitucion_politica_1991.html
co:cc:c-607:1992,interpreta,co:constitucion:1991:art:163,,,http://www.secretariasenado.gov.co/senado/basedoc/constitucion_politica_1991.html
co:cc:c-025:1993,interpreta,co:constitucion:1991:art:163,,,http://www.secretariasenado.gov.co/senado/basedoc/constitucion_politica_1991.html
co:cc:c-045:1994,interpreta,co:constitucion:1991:art:163,,,http://www.secretariasenado.gov.co/senado/basedoc/constitucion_politica_1991.html
co:cc:c-510:1996,interpreta,co:constitucion:1991:art:163,,,http://www.secretariasenado.gov.co/senado/basedoc/constitucion_politica_1991.html
co:cc:c-872:2002,interpreta,co:constitucion:1991:art:163,,,http://www.secretariasenado.gov.co/senado/basedoc/constitucion_politica_1991.html
co:cc:c-658:2003,interpreta,co:constitucion:1991:art:163,,,http://www.secretariasenado.gov.co/senado/basedoc/constitucion_politica_1991.html
co:cc:c-864:2006,interpreta,co:constitucion:1991:art:163,,,http://www.secretariasenado.gov.co/senado/basedoc/constitucion_politica_1991.html
co:cc:c-637:2015,interpreta,co:constitucion:1991:art:163,,,http://www.secretariasenado.gov.co/senado/basedoc/constitucion_politica_1991.html
co:cc:c-481:2019,interpreta,co:constitucion:1991:art:163,,,http://www.secretariasenado.gov.co/senado/basedoc/constitucion_politica_1991.html
co:cc:c-574:1992,interpreta,co:constitucion:1991:art:164,,,http://www.secretariasenado.gov.co/senado/basedoc/constitucion_politica_1991.html
co:cc:c-071:2003,interpreta,co:constitucion:1991:art:164,,,http://www.secretariasenado.gov.co/senado/basedoc/constitucion_politica_1991.html
co:cc:c-572:2004,interpreta,co:constitucion:1991:art:164,,,http://www.secretariasenado.gov.co/senado/basedoc/constitucion_politica_1991.html
co:cc:c-167:1993,interpreta,co:constitucion:1991:art:165,,,http://www.secretariasenado.gov.co/senado/basedoc/constitucion_politica_1991.html
co:cc:c-058:1994,interpreta,co:constitucion:1991:art:165,,,http://www.secretariasenado.gov.co/senado/basedoc/constitucion_politica_1991.html
co:cc:c-241:1994,interpreta,co:constitucion:1991:art:165,,,http://www.secretariasenado.gov.co/senado/basedoc/constitucion_politica_1991.html
co:cc:c-251:1994,interpreta,co:constitucion:1991:art:165,,,http://www.secretariasenado.gov.co/senado/basedoc/constitucion_politica_1991.html
co:cc:c-528:1994,interpreta,co:constitucion:1991:art:165,,,http://www.secretariasenado.gov.co/senado/basedoc/constitucion_politica_1991.html
co:cc:c-071:2003,interpreta,co:constitucion:1991:art:165,,,http://www.secretariasenado.gov.co/senado/basedoc/constitucion_politica_1991.html
co:cc:c-037:2004,interpreta,co:constitucion:1991:art:165,,,http://www.secretariasenado.gov.co/senado/basedoc/constitucion_politica_1991.html
co:cc:c-069:2004,interpreta,co:constitucion:1991:art:165,,,http://www.secretariasenado.gov.co/senado/basedoc/constitucion_politica_1991.html
co:cc:c-120:2004,interpreta,co:constitucion:1991:art:165,,,http://www.secretariasenado.gov.co/senado/basedoc/constitucion_politica_1991.html
co:cc:c-280:2004,interpreta,co:constitucion:1991:art:165,,,http://www.secretariasenado.gov.co/senado/basedoc/constitucion_politica_1991.html
co:cc:c-347:2004,interpreta,co:constitucion:1991:art:165,,,http://www.secretariasenado.gov.co/senado/basedoc/constitucion_politica_1991.html
co:cc:c-932:2006,interpreta,co:constitucion:1991:art:165,,,http://www.secretariasenado.gov.co/senado/basedoc/constitucion_politica_1991.html
co:cc:c-057:1993,interpreta,co:constitucion:1991:art:166,,,http://www.secretariasenado.gov.co/senado/basedoc/constitucion_politica_1991.html
co:cc:c-227:1993,interpreta,co:constitucion:1991:art:166,,,http://www.secretariasenado.gov.co/senado/basedoc/constitucion_politica_1991.html
co:cc:c-270:1993,interpreta,co:constitucion:1991:art:166,,,http://www.secretariasenado.gov.co/senado/basedoc/constitucion_politica_1991.html
co:cc:c-268:1995,interpreta,co:constitucion:1991:art:166,,,http://www.secretariasenado.gov.co/senado/basedoc/constitucion_politica_1991.html
co:cc:c-380:1995,interpreta,co:constitucion:1991:art:166,,,http://www.secretariasenado.gov.co/senado/basedoc/constitucion_politica_1991.html
co:cc:c-292:1996,interpreta,co:constitucion:1991:art:166,,,http://www.secretariasenado.gov.co/senado/basedoc/constitucion_politica_1991.html
co:cc:c-028:1997,interpreta,co:constitucion:1991:art:166,,,http://www.secretariasenado.gov.co/senado/basedoc/constitucion_politica_1991.html
co:cc:c-068:2004,interpreta,co:constitucion:1991:art:166,,,http://www.secretariasenado.gov.co/senado/basedoc/constitucion_politica_1991.html
co:cc:c-069:2004,interpreta,co:constitucion:1991:art:166,,,http://www.secretariasenado.gov.co/senado/basedoc/constitucion_politica_1991.html
co:cc:c-932:2006,interpreta,co:constitucion:1991:art:166,,,http://www.secretariasenado.gov.co/senado/basedoc/constitucion_politica_1991.html
co:cc:c-911:2007,interpreta,co:constitucion:1991:art:166,,,http://www.secretariasenado.gov.co/senado/basedoc/constitucion_politica_1991.html
co:cc:c-1040:2007,interpreta,co:constitucion:1991:art:166,,,http://www.secretariasenado.gov.co/senado/basedoc/constitucion_politica_1991.html
co:cc:c-714:2008,interpreta,co:constitucion:1991:art:166,,,http://www.secretariasenado.gov.co/senado/basedoc/constitucion_politica_1991.html
co:cc:c-634:2015,interpreta,co:constitucion:1991:art:166,,,http://www.secretariasenado.gov.co/senado/basedoc/constitucion_politica_1991.html
co:cc:c-166:2026,interpreta,co:constitucion:1991:art:166,,,http://www.secretariasenado.gov.co/senado/basedoc/constitucion_politica_1991.html
co:cc:c-218:2026,interpreta,co:constitucion:1991:art:166,,,http://www.secretariasenado.gov.co/senado/basedoc/constitucion_politica_1991.html
co:cc:c-883:2007,interpreta,co:constitucion:1991:art:167,,,http://www.secretariasenado.gov.co/senado/basedoc/constitucion_politica_1991.html
co:cc:c-082:2019,interpreta,co:constitucion:1991:art:167,,,http://www.secretariasenado.gov.co/senado/basedoc/constitucion_politica_1991.html
co:cc:c-057:1993,interpreta,co:constitucion:1991:art:167,,,http://www.secretariasenado.gov.co/senado/basedoc/constitucion_politica_1991.html
co:cc:c-227:1993,interpreta,co:constitucion:1991:art:167,,,http://www.secretariasenado.gov.co/senado/basedoc/constitucion_politica_1991.html
co:cc:c-241:1994,interpreta,co:constitucion:1991:art:167,,,http://www.secretariasenado.gov.co/senado/basedoc/constitucion_politica_1991.html
co:cc:c-251:1994,interpreta,co:constitucion:1991:art:167,,,http://www.secretariasenado.gov.co/senado/basedoc/constitucion_politica_1991.html
co:cc:c-490:1994,interpreta,co:constitucion:1991:art:167,,,http://www.secretariasenado.gov.co/senado/basedoc/constitucion_politica_1991.html
co:cc:c-566:1994,interpreta,co:constitucion:1991:art:167,,,http://www.secretariasenado.gov.co/senado/basedoc/constitucion_politica_1991.html
co:cc:c-068:2004,interpreta,co:constitucion:1991:art:167,,,http://www.secretariasenado.gov.co/senado/basedoc/constitucion_politica_1991.html
co:cc:c-069:2004,interpreta,co:constitucion:1991:art:167,,,http://www.secretariasenado.gov.co/senado/basedoc/constitucion_politica_1991.html
co:cc:c-070:2004,interpreta,co:constitucion:1991:art:167,,,http://www.secretariasenado.gov.co/senado/basedoc/constitucion_politica_1991.html
co:cc:c-433:2004,interpreta,co:constitucion:1991:art:167,,,http://www.secretariasenado.gov.co/senado/basedoc/constitucion_politica_1991.html
co:cc:c-985:2006,interpreta,co:constitucion:1991:art:167,,,http://www.secretariasenado.gov.co/senado/basedoc/constitucion_politica_1991.html
co:cc:c-663:2007,interpreta,co:constitucion:1991:art:167,,,http://www.secretariasenado.gov.co/senado/basedoc/constitucion_politica_1991.html
co:cc:c-1040:2007,interpreta,co:constitucion:1991:art:167,,,http://www.secretariasenado.gov.co/senado/basedoc/constitucion_politica_1991.html
co:cc:c-328:2013,interpreta,co:constitucion:1991:art:167,,,http://www.secretariasenado.gov.co/senado/basedoc/constitucion_politica_1991.html
co:cc:c-634:2015,interpreta,co:constitucion:1991:art:167,,,http://www.secretariasenado.gov.co/senado/basedoc/constitucion_politica_1991.html
co:cc:c-202:2016,interpreta,co:constitucion:1991:art:167,,,http://www.secretariasenado.gov.co/senado/basedoc/constitucion_politica_1991.html
co:cc:c-633:2016,interpreta,co:constitucion:1991:art:167,,,http://www.secretariasenado.gov.co/senado/basedoc/constitucion_politica_1991.html
co:cc:c-166:2026,interpreta,co:constitucion:1991:art:167,,,http://www.secretariasenado.gov.co/senado/basedoc/constitucion_politica_1991.html
co:cc:c-218:2026,interpreta,co:constitucion:1991:art:167,,,http://www.secretariasenado.gov.co/senado/basedoc/constitucion_politica_1991.html
co:cc:c-270:1993,interpreta,co:constitucion:1991:art:168,,,http://www.secretariasenado.gov.co/senado/basedoc/constitucion_politica_1991.html
co:cc:c-433:2004,interpreta,co:constitucion:1991:art:168,,,http://www.secretariasenado.gov.co/senado/basedoc/constitucion_politica_1991.html
co:cc:c-714:2008,interpreta,co:constitucion:1991:art:168,,,http://www.secretariasenado.gov.co/senado/basedoc/constitucion_politica_1991.html
co:cc:c-166:2026,interpreta,co:constitucion:1991:art:168,,,http://www.secretariasenado.gov.co/senado/basedoc/constitucion_politica_1991.html
co:cc:c-026:1993,interpreta,co:constitucion:1991:art:169,,,http://www.secretariasenado.gov.co/senado/basedoc/constitucion_politica_1991.html
co:cc:c-194:1993,interpreta,co:constitucion:1991:art:169,,,http://www.secretariasenado.gov.co/senado/basedoc/constitucion_politica_1991.html
co:cc:c-333:1993,interpreta,co:constitucion:1991:art:169,,,http://www.secretariasenado.gov.co/senado/basedoc/constitucion_politica_1991.html
co:cc:c-363:1993,interpreta,co:constitucion:1991:art:169,,,http://www.secretariasenado.gov.co/senado/basedoc/constitucion_politica_1991.html
co:cc:c-070:1994,interpreta,co:constitucion:1991:art:169,,,http://www.secretariasenado.gov.co/senado/basedoc/constitucion_politica_1991.html
co:cc:c-132:1994,interpreta,co:constitucion:1991:art:169,,,http://www.secretariasenado.gov.co/senado/basedoc/constitucion_politica_1991.html
co:cc:c-273:1994,interpreta,co:constitucion:1991:art:169,,,http://www.secretariasenado.gov.co/senado/basedoc/constitucion_politica_1991.html
co:cc:c-337:1994,interpreta,co:constitucion:1991:art:169,,,http://www.secretariasenado.gov.co/senado/basedoc/constitucion_politica_1991.html
co:cc:c-414:1994,interpreta,co:constitucion:1991:art:169,,,http://www.secretariasenado.gov.co/senado/basedoc/constitucion_politica_1991.html
co:cc:c-489:1994,interpreta,co:constitucion:1991:art:169,,,http://www.secretariasenado.gov.co/senado/basedoc/constitucion_politica_1991.html
co:cc:c-492:1994,interpreta,co:constitucion:1991:art:169,,,http://www.secretariasenado.gov.co/senado/basedoc/constitucion_politica_1991.html
co:cc:c-035:2003,interpreta,co:constitucion:1991:art:169,,,http://www.secretariasenado.gov.co/senado/basedoc/constitucion_politica_1991.html
co:cc:c-152:2003,interpreta,co:constitucion:1991:art:169,,,http://www.secretariasenado.gov.co/senado/basedoc/constitucion_politica_1991.html
co:cc:c-233:2003,interpreta,co:constitucion:1991:art:169,,,http://www.secretariasenado.gov.co/senado/basedoc/constitucion_politica_1991.html
co:cc:c-037:2004,interpreta,co:constitucion:1991:art:169,,,http://www.secretariasenado.gov.co/senado/basedoc/constitucion_politica_1991.html
co:cc:c-104:2004,interpreta,co:constitucion:1991:art:169,,,http://www.secretariasenado.gov.co/senado/basedoc/constitucion_politica_1991.html
co:cc:c-153:2004,interpreta,co:constitucion:1991:art:169,,,http://www.secretariasenado.gov.co/senado/basedoc/constitucion_politica_1991.html
co:cc:c-169:2004,interpreta,co:constitucion:1991:art:169,,,http://www.secretariasenado.gov.co/senado/basedoc/constitucion_politica_1991.html
co:cc:c-312:2004,interpreta,co:constitucion:1991:art:169,,,http://www.secretariasenado.gov.co/senado/basedoc/constitucion_politica_1991.html
co:cc:c-354:2004,interpreta,co:constitucion:1991:art:169,,,http://www.secretariasenado.gov.co/senado/basedoc/constitucion_politica_1991.html
co:cc:c-370:2004,interpreta,co:constitucion:1991:art:169,,,http://www.secretariasenado.gov.co/senado/basedoc/constitucion_politica_1991.html
co:cc:c-573:2004,interpreta,co:constitucion:1991:art:169,,,http://www.secretariasenado.gov.co/senado/basedoc/constitucion_politica_1991.html
co:cc:c-188:2006,interpreta,co:constitucion:1991:art:169,,,http://www.secretariasenado.gov.co/senado/basedoc/constitucion_politica_1991.html
co:cc:c-821:2006,interpreta,co:constitucion:1991:art:169,,,http://www.secretariasenado.gov.co/senado/basedoc/constitucion_politica_1991.html
co:cc:c-1011:2008,interpreta,co:constitucion:1991:art:169,,,http://www.secretariasenado.gov.co/senado/basedoc/constitucion_politica_1991.html
co:cc:c-400:2010,interpreta,co:constitucion:1991:art:169,,,http://www.secretariasenado.gov.co/senado/basedoc/constitucion_politica_1991.html
co:cc:c-490:2011,interpreta,co:constitucion:1991:art:169,,,http://www.secretariasenado.gov.co/senado/basedoc/constitucion_politica_1991.html
co:cc:c-360:2016,interpreta,co:constitucion:1991:art:169,,,http://www.secretariasenado.gov.co/senado/basedoc/constitucion_politica_1991.html
co:cc:c-285:2017,interpreta,co:constitucion:1991:art:169,,,http://www.secretariasenado.gov.co/senado/basedoc/constitucion_politica_1991.html
co:cc:c-027:1993,interpreta,co:constitucion:1991:art:170,,,http://www.secretariasenado.gov.co/senado/basedoc/constitucion_politica_1991.html
co:cc:c-428:1993,interpreta,co:constitucion:1991:art:170,,,http://www.secretariasenado.gov.co/senado/basedoc/constitucion_politica_1991.html
co:cc:c-454:1993,interpreta,co:constitucion:1991:art:170,,,http://www.secretariasenado.gov.co/senado/basedoc/constitucion_politica_1991.html
co:cc:c-180:1994,interpreta,co:constitucion:1991:art:170,,,http://www.secretariasenado.gov.co/senado/basedoc/constitucion_politica_1991.html
co:cc:c-352:2004,interpreta,co:constitucion:1991:art:170,,,http://www.secretariasenado.gov.co/senado/basedoc/constitucion_politica_1991.html
co:cc:c-025:1993,interpreta,co:constitucion:1991:art:171,,,http://www.secretariasenado.gov.co/senado/basedoc/constitucion_politica_1991.html
co:cc:c-027:1993,interpreta,co:constitucion:1991:art:171,,,http://www.secretariasenado.gov.co/senado/basedoc/constitucion_politica_1991.html
co:cc:c-532:1993,interpreta,co:constitucion:1991:art:171,,,http://www.secretariasenado.gov.co/senado/basedoc/constitucion_politica_1991.html
co:cc:c-145:1994,interpreta,co:constitucion:1991:art:171,,,http://www.secretariasenado.gov.co/senado/basedoc/constitucion_politica_1991.html
co:cc:c-353:1994,interpreta,co:constitucion:1991:art:171,,,http://www.secretariasenado.gov.co/senado/basedoc/constitucion_politica_1991.html
co:cc:c-487:1993,interpreta,co:constitucion:1991:art:172,,,http://www.secretariasenado.gov.co/senado/basedoc/constitucion_politica_1991.html
co:cc:c-130:1994,interpreta,co:constitucion:1991:art:172,,,http://www.secretariasenado.gov.co/senado/basedoc/constitucion_politica_1991.html
co:cc:c-145:1994,interpreta,co:constitucion:1991:art:172,,,http://www.secretariasenado.gov.co/senado/basedoc/constitucion_politica_1991.html
co:cc:c-428:1993,interpreta,co:constitucion:1991:art:173,,,http://www.secretariasenado.gov.co/senado/basedoc/constitucion_politica_1991.html
co:acto-legislativo:2:2015:art:5,modifica,co:constitucion:1991:art:174,2015-07-01,la fuente marca INEXEQUIBLE sobre esta reforma — verificar si surtió efecto,http://www.secretariasenado.gov.co/senado/basedoc/constitucion_politica_1991.html
co:cc:c-373:2016,declara_inexequible,co:constitucion:1991:art:174,2016-07-13,,http://www.secretariasenado.gov.co/senado/basedoc/constitucion_politica_1991.html
co:cc:c-052:1993,interpreta,co:constitucion:1991:art:174,,,http://www.secretariasenado.gov.co/senado/basedoc/constitucion_politica_1991.html
co:cc:c-152:1993,interpreta,co:constitucion:1991:art:174,,,http://www.secretariasenado.gov.co/senado/basedoc/constitucion_politica_1991.html
co:cc:c-417:1993,interpreta,co:constitucion:1991:art:174,,,http://www.secretariasenado.gov.co/senado/basedoc/constitucion_politica_1991.html
co:cc:c-428:1993,interpreta,co:constitucion:1991:art:174,,,http://www.secretariasenado.gov.co/senado/basedoc/constitucion_politica_1991.html
co:cc:c-198:1994,interpreta,co:constitucion:1991:art:174,,,http://www.secretariasenado.gov.co/senado/basedoc/constitucion_politica_1991.html
co:cc:c-212:1994,interpreta,co:constitucion:1991:art:174,,,http://www.secretariasenado.gov.co/senado/basedoc/constitucion_politica_1991.html
co:cc:c-472:1994,interpreta,co:constitucion:1991:art:174,,,http://www.secretariasenado.gov.co/senado/basedoc/constitucion_politica_1991.html
co:cc:c-558:1994,interpreta,co:constitucion:1991:art:174,,,http://www.secretariasenado.gov.co/senado/basedoc/constitucion_politica_1991.html
co:cc:c-032:1993,interpreta,co:constitucion:1991:art:175,,,http://www.secretariasenado.gov.co/senado/basedoc/constitucion_politica_1991.html
co:cc:c-152:1993,interpreta,co:constitucion:1991:art:175,,,http://www.secretariasenado.gov.co/senado/basedoc/constitucion_politica_1991.html
co:cc:c-558:1994,interpreta,co:constitucion:1991:art:175,,,http://www.secretariasenado.gov.co/senado/basedoc/constitucion_politica_1991.html
co:cc:c-198:1994,interpreta,co:constitucion:1991:art:175,,,http://www.secretariasenado.gov.co/senado/basedoc/constitucion_politica_1991.html
co:acto-legislativo:2:2015:art:6,modifica,co:constitucion:1991:art:176,2015-07-01,,http://www.secretariasenado.gov.co/senado/basedoc/constitucion_politica_1991.html
co:cc:c-029:2018,declara_exequible,co:constitucion:1991:art:176,2018-05-02,,http://www.secretariasenado.gov.co/senado/basedoc/constitucion_politica_1991.html
co:cc:c-290:2017,declara_exequible,co:constitucion:1991:art:176,2017-05-05,,http://www.secretariasenado.gov.co/senado/basedoc/constitucion_politica_1991.html
co:acto-legislativo:1:2013:art:1,modifica,co:constitucion:1991:art:176,2013-07-15,,http://www.secretariasenado.gov.co/senado/basedoc/constitucion_politica_1991.html
co:acto-legislativo:3:2005:art:1,modifica,co:constitucion:1991:art:176,2005-12-29,,http://www.secretariasenado.gov.co/senado/basedoc/constitucion_politica_1991.html
co:acto-legislativo:2:2005:art:1,modifica,co:constitucion:1991:art:176,2005-07-25,,http://www.secretariasenado.gov.co/senado/basedoc/constitucion_politica_1991.html
co:cc:c-532:1993,interpreta,co:constitucion:1991:art:176,,,http://www.secretariasenado.gov.co/senado/basedoc/constitucion_politica_1991.html
co:cc:c-353:1994,interpreta,co:constitucion:1991:art:176,,,http://www.secretariasenado.gov.co/senado/basedoc/constitucion_politica_1991.html
co:cc:c-759:2004,interpreta,co:constitucion:1991:art:176,,,http://www.secretariasenado.gov.co/senado/basedoc/constitucion_politica_1991.html
co:cc:c-866:2004,interpreta,co:constitucion:1991:art:176,,,http://www.secretariasenado.gov.co/senado/basedoc/constitucion_politica_1991.html
co:cc:c-665:2006,interpreta,co:constitucion:1991:art:176,,,http://www.secretariasenado.gov.co/senado/basedoc/constitucion_politica_1991.html
co:cc:c-255:2026,interpreta,co:constitucion:1991:art:176,,,http://www.secretariasenado.gov.co/senado/basedoc/constitucion_politica_1991.html
co:cc:c-487:1993,interpreta,co:constitucion:1991:art:178,,,http://www.secretariasenado.gov.co/senado/basedoc/constitucion_politica_1991.html
co:cc:c-130:1994,interpreta,co:constitucion:1991:art:178,,,http://www.secretariasenado.gov.co/senado/basedoc/constitucion_politica_1991.html
co:cc:c-145:1994,interpreta,co:constitucion:1991:art:178,,,http://www.secretariasenado.gov.co/senado/basedoc/constitucion_politica_1991.html
co:cc:c-376:1994,interpreta,co:constitucion:1991:art:178,,,http://www.secretariasenado.gov.co/senado/basedoc/constitucion_politica_1991.html
co:acto-legislativo:2:2015:art:7,modifica,co:constitucion:1991:art:178,2015-07-01,la fuente marca INEXEQUIBLE sobre esta reforma — verificar si surtió efecto,http://www.secretariasenado.gov.co/senado/basedoc/constitucion_politica_1991.html
co:cc:c-373:2016,declara_inexequible,co:constitucion:1991:art:178,2016-07-13,,http://www.secretariasenado.gov.co/senado/basedoc/constitucion_politica_1991.html
co:cc:c-472:1994,interpreta,co:constitucion:1991:art:178,,,http://www.secretariasenado.gov.co/senado/basedoc/constitucion_politica_1991.html
co:cc:c-558:1994,interpreta,co:constitucion:1991:art:178,,,http://www.secretariasenado.gov.co/senado/basedoc/constitucion_politica_1991.html
co:cc:c-052:1993,interpreta,co:constitucion:1991:art:178,,,http://www.secretariasenado.gov.co/senado/basedoc/constitucion_politica_1991.html
co:cc:c-417:1993,interpreta,co:constitucion:1991:art:178,,,http://www.secretariasenado.gov.co/senado/basedoc/constitucion_politica_1991.html
co:cc:c-428:1993,interpreta,co:constitucion:1991:art:178,,,http://www.secretariasenado.gov.co/senado/basedoc/constitucion_politica_1991.html
co:cc:c-179:1994,interpreta,co:constitucion:1991:art:178,,,http://www.secretariasenado.gov.co/senado/basedoc/constitucion_politica_1991.html
co:cc:c-198:1994,interpreta,co:constitucion:1991:art:178,,,http://www.secretariasenado.gov.co/senado/basedoc/constitucion_politica_1991.html
co:cc:c-212:1994,interpreta,co:constitucion:1991:art:178,,,http://www.secretariasenado.gov.co/senado/basedoc/constitucion_politica_1991.html
co:acto-legislativo:2:2015:art:8,adiciona,co:constitucion:1991:art:178a,2015-07-01,la fuente marca INEXEQUIBLE sobre esta reforma — verificar si surtió efecto,http://www.secretariasenado.gov.co/senado/basedoc/constitucion_politica_1991.html
co:cc:c-373:2016,declara_inexequible_parcial,co:constitucion:1991:art:178a,2016-07-13,"- Artículo declarado INEXEQUIBLE por la Corte Constitucional mediante Sentencia C-373-16 de 13 de julio de 2016, Magistrados Ponentes Drs. Alejandro Linares Cantillo y Gabriel Eduardo Mendoza Martelo. - Las remisiones al Consejo de Gobierno Judicial y a la Gerencia de la Rama Judicial declaradas INE",http://www.secretariasenado.gov.co/senado/basedoc/constitucion_politica_1991.html
co:cc:c-111:1998,interpreta,co:constitucion:1991:art:179,,,http://www.secretariasenado.gov.co/senado/basedoc/constitucion_politica_1991.html
co:cc:c-342:2006,interpreta,co:constitucion:1991:art:179,,,http://www.secretariasenado.gov.co/senado/basedoc/constitucion_politica_1991.html
co:cc:c-040:1993,interpreta,co:constitucion:1991:art:179,,,http://www.secretariasenado.gov.co/senado/basedoc/constitucion_politica_1991.html
co:cc:c-546:1994,interpreta,co:constitucion:1991:art:179,,,http://www.secretariasenado.gov.co/senado/basedoc/constitucion_politica_1991.html
co:cc:c-415:1994,interpreta,co:constitucion:1991:art:179,,,http://www.secretariasenado.gov.co/senado/basedoc/constitucion_politica_1991.html
co:acto-legislativo:1:2009:art:13,modifica,co:constitucion:1991:art:179,2009-07-14,la fuente marca INEXEQUIBLE sobre esta reforma — verificar si surtió efecto,http://www.secretariasenado.gov.co/senado/basedoc/constitucion_politica_1991.html
co:cc:c-040:2010,declara_inexequible,co:constitucion:1991:art:179,10-12-31,,http://www.secretariasenado.gov.co/senado/basedoc/constitucion_politica_1991.html
co:cc:c-332:2005,declara_inexequible,co:constitucion:1991:art:179,2005-04-04,,http://www.secretariasenado.gov.co/senado/basedoc/constitucion_politica_1991.html
co:cc:c-093:1994,interpreta,co:constitucion:1991:art:179,,,http://www.secretariasenado.gov.co/senado/basedoc/constitucion_politica_1991.html
co:cc:c-145:1994,interpreta,co:constitucion:1991:art:179,,,http://www.secretariasenado.gov.co/senado/basedoc/constitucion_politica_1991.html
co:cc:c-334:1994,interpreta,co:constitucion:1991:art:179,,,http://www.secretariasenado.gov.co/senado/basedoc/constitucion_politica_1991.html
co:cc:c-572:2004,interpreta,co:constitucion:1991:art:179,,,http://www.secretariasenado.gov.co/senado/basedoc/constitucion_politica_1991.html
co:cc:c-080:2026,interpreta,co:constitucion:1991:art:179,,,http://www.secretariasenado.gov.co/senado/basedoc/constitucion_politica_1991.html
co:cc:c-015:2004,interpreta,co:constitucion:1991:art:179,,,http://www.secretariasenado.gov.co/senado/basedoc/constitucion_politica_1991.html
co:cc:c-532:1992,interpreta,co:constitucion:1991:art:179,,,http://www.secretariasenado.gov.co/senado/basedoc/constitucion_politica_1991.html
co:cc:c-537:1993,interpreta,co:constitucion:1991:art:179,,,http://www.secretariasenado.gov.co/senado/basedoc/constitucion_politica_1991.html
co:cc:c-507:1994,interpreta,co:constitucion:1991:art:179,,,http://www.secretariasenado.gov.co/senado/basedoc/constitucion_politica_1991.html
co:cc:c-329:1995,interpreta,co:constitucion:1991:art:179,,,http://www.secretariasenado.gov.co/senado/basedoc/constitucion_politica_1991.html
co:cc:c-101:2018,interpreta,co:constitucion:1991:art:179,,,http://www.secretariasenado.gov.co/senado/basedoc/constitucion_politica_1991.html
co:acto-legislativo:3:1993:art:2,modifica,co:constitucion:1991:art:180,1993-12-31,fecha aproximada: la fuente solo da el año,http://www.secretariasenado.gov.co/senado/basedoc/constitucion_politica_1991.html
co:cc:c-093:1994,interpreta,co:constitucion:1991:art:180,,,http://www.secretariasenado.gov.co/senado/basedoc/constitucion_politica_1991.html
co:cc:c-334:1994,interpreta,co:constitucion:1991:art:180,,,http://www.secretariasenado.gov.co/senado/basedoc/constitucion_politica_1991.html
co:cc:c-349:1994,interpreta,co:constitucion:1991:art:180,,,http://www.secretariasenado.gov.co/senado/basedoc/constitucion_politica_1991.html
co:cc:c-497:1994,interpreta,co:constitucion:1991:art:180,,,http://www.secretariasenado.gov.co/senado/basedoc/constitucion_politica_1991.html
co:cc:c-507:1994,interpreta,co:constitucion:1991:art:180,,,http://www.secretariasenado.gov.co/senado/basedoc/constitucion_politica_1991.html
co:cc:c-329:1995,interpreta,co:constitucion:1991:art:180,,,http://www.secretariasenado.gov.co/senado/basedoc/constitucion_politica_1991.html
co:cc:c-334:1994,interpreta,co:constitucion:1991:art:181,,,http://www.secretariasenado.gov.co/senado/basedoc/constitucion_politica_1991.html
co:cc:c-349:1994,interpreta,co:constitucion:1991:art:181,,,http://www.secretariasenado.gov.co/senado/basedoc/constitucion_politica_1991.html
co:cc:c-497:1994,interpreta,co:constitucion:1991:art:181,,,http://www.secretariasenado.gov.co/senado/basedoc/constitucion_politica_1991.html
co:cc:c-329:1995,interpreta,co:constitucion:1991:art:181,,,http://www.secretariasenado.gov.co/senado/basedoc/constitucion_politica_1991.html
co:cc:c-089:1994,interpreta,co:constitucion:1991:art:182,,,http://www.secretariasenado.gov.co/senado/basedoc/constitucion_politica_1991.html
co:cc:c-337:2006,interpreta,co:constitucion:1991:art:182,,,http://www.secretariasenado.gov.co/senado/basedoc/constitucion_politica_1991.html
co:cc:c-302:2021,interpreta,co:constitucion:1991:art:182,,,http://www.secretariasenado.gov.co/senado/basedoc/constitucion_politica_1991.html
co:cc:c-093:1994,interpreta,co:constitucion:1991:art:183,,,http://www.secretariasenado.gov.co/senado/basedoc/constitucion_politica_1991.html
co:cc:c-334:1994,interpreta,co:constitucion:1991:art:183,,,http://www.secretariasenado.gov.co/senado/basedoc/constitucion_politica_1991.html
co:cc:c-349:1994,interpreta,co:constitucion:1991:art:183,,,http://www.secretariasenado.gov.co/senado/basedoc/constitucion_politica_1991.html
co:cc:c-507:1994,interpreta,co:constitucion:1991:art:183,,,http://www.secretariasenado.gov.co/senado/basedoc/constitucion_politica_1991.html
co:cc:c-146:2021,interpreta,co:constitucion:1991:art:183,,,http://www.secretariasenado.gov.co/senado/basedoc/constitucion_politica_1991.html
co:cc:c-302:2021,interpreta,co:constitucion:1991:art:183,,,http://www.secretariasenado.gov.co/senado/basedoc/constitucion_politica_1991.html
co:cc:c-537:1993,interpreta,co:constitucion:1991:art:183,,,http://www.secretariasenado.gov.co/senado/basedoc/constitucion_politica_1991.html
co:cc:c-089:1994,interpreta,co:constitucion:1991:art:183,,,http://www.secretariasenado.gov.co/senado/basedoc/constitucion_politica_1991.html
co:cc:c-319:1994,interpreta,co:constitucion:1991:art:183,,,http://www.secretariasenado.gov.co/senado/basedoc/constitucion_politica_1991.html
co:cc:c-037:1996,interpreta,co:constitucion:1991:art:183,,,http://www.secretariasenado.gov.co/senado/basedoc/constitucion_politica_1991.html
co:cc:c-011:1994,interpreta,co:constitucion:1991:art:184,,,http://www.secretariasenado.gov.co/senado/basedoc/constitucion_politica_1991.html
co:cc:c-319:1994,interpreta,co:constitucion:1991:art:184,,,http://www.secretariasenado.gov.co/senado/basedoc/constitucion_politica_1991.html
co:cc:c-507:1994,interpreta,co:constitucion:1991:art:184,,,http://www.secretariasenado.gov.co/senado/basedoc/constitucion_politica_1991.html
co:cc:c-207:2003,interpreta,co:constitucion:1991:art:184,,,http://www.secretariasenado.gov.co/senado/basedoc/constitucion_politica_1991.html
co:cc:c-245:1996,interpreta,co:constitucion:1991:art:185,,,http://www.secretariasenado.gov.co/senado/basedoc/constitucion_politica_1991.html
co:cc:c-572:2004,interpreta,co:constitucion:1991:art:185,,,http://www.secretariasenado.gov.co/senado/basedoc/constitucion_politica_1991.html
co:acto-legislativo:1:2018:art:1,modifica,co:constitucion:1991:art:186,2018-01-18,,http://www.secretariasenado.gov.co/senado/basedoc/constitucion_politica_1991.html
co:cc:c-025:1993,interpreta,co:constitucion:1991:art:186,,,http://www.secretariasenado.gov.co/senado/basedoc/constitucion_politica_1991.html
co:cc:c-152:1993,interpreta,co:constitucion:1991:art:186,,,http://www.secretariasenado.gov.co/senado/basedoc/constitucion_politica_1991.html
co:cc:c-319:1994,interpreta,co:constitucion:1991:art:186,,,http://www.secretariasenado.gov.co/senado/basedoc/constitucion_politica_1991.html
co:cc:c-472:1994,interpreta,co:constitucion:1991:art:186,,,http://www.secretariasenado.gov.co/senado/basedoc/constitucion_politica_1991.html
co:cc:c-040:2002,interpreta,co:constitucion:1991:art:186,,,http://www.secretariasenado.gov.co/senado/basedoc/constitucion_politica_1991.html
co:cc:c-934:2006,interpreta,co:constitucion:1991:art:186,,,http://www.secretariasenado.gov.co/senado/basedoc/constitucion_politica_1991.html
co:cc:c-240:2014,interpreta,co:constitucion:1991:art:186,,,http://www.secretariasenado.gov.co/senado/basedoc/constitucion_politica_1991.html
co:cc:c-423:1994,interpreta,co:constitucion:1991:art:187,,,http://www.secretariasenado.gov.co/senado/basedoc/constitucion_politica_1991.html
co:cc:c-478:1992,interpreta,co:constitucion:1991:art:188,,,http://www.secretariasenado.gov.co/senado/basedoc/constitucion_politica_1991.html
co:cc:c-530:1993,interpreta,co:constitucion:1991:art:188,,,http://www.secretariasenado.gov.co/senado/basedoc/constitucion_politica_1991.html
co:cc:c-537:1993,interpreta,co:constitucion:1991:art:188,,,http://www.secretariasenado.gov.co/senado/basedoc/constitucion_politica_1991.html
co:cc:c-350:1994,interpreta,co:constitucion:1991:art:188,,,http://www.secretariasenado.gov.co/senado/basedoc/constitucion_politica_1991.html
co:cc:c-453:1994,interpreta,co:constitucion:1991:art:188,,,http://www.secretariasenado.gov.co/senado/basedoc/constitucion_politica_1991.html
co:cc:c-528:1994,interpreta,co:constitucion:1991:art:189,,,http://www.secretariasenado.gov.co/senado/basedoc/constitucion_politica_1991.html
co:cc:c-022:2004,interpreta,co:constitucion:1991:art:189,,,http://www.secretariasenado.gov.co/senado/basedoc/constitucion_politica_1991.html
co:cc:c-278:2004,interpreta,co:constitucion:1991:art:189,,,http://www.secretariasenado.gov.co/senado/basedoc/constitucion_politica_1991.html
co:cc:c-479:1992,interpreta,co:constitucion:1991:art:189,,,http://www.secretariasenado.gov.co/senado/basedoc/constitucion_politica_1991.html
co:cc:c-391:1993,interpreta,co:constitucion:1991:art:189,,,http://www.secretariasenado.gov.co/senado/basedoc/constitucion_politica_1991.html
co:cc:c-129:1994,interpreta,co:constitucion:1991:art:189,,,http://www.secretariasenado.gov.co/senado/basedoc/constitucion_politica_1991.html
co:cc:c-299:1994,interpreta,co:constitucion:1991:art:189,,,http://www.secretariasenado.gov.co/senado/basedoc/constitucion_politica_1991.html
co:cc:c-424:1994,interpreta,co:constitucion:1991:art:189,,,http://www.secretariasenado.gov.co/senado/basedoc/constitucion_politica_1991.html
co:cc:c-571:2003,interpreta,co:constitucion:1991:art:189,,,http://www.secretariasenado.gov.co/senado/basedoc/constitucion_politica_1991.html
co:cc:c-477:1992,interpreta,co:constitucion:1991:art:189,,,http://www.secretariasenado.gov.co/senado/basedoc/constitucion_politica_1991.html
co:cc:c-504:1992,interpreta,co:constitucion:1991:art:189,,,http://www.secretariasenado.gov.co/senado/basedoc/constitucion_politica_1991.html
co:cc:c-478:1992,interpreta,co:constitucion:1991:art:189,,,http://www.secretariasenado.gov.co/senado/basedoc/constitucion_politica_1991.html
co:cc:c-562:1992,interpreta,co:constitucion:1991:art:189,,,http://www.secretariasenado.gov.co/senado/basedoc/constitucion_politica_1991.html
co:cc:c-563:1992,interpreta,co:constitucion:1991:art:189,,,http://www.secretariasenado.gov.co/senado/basedoc/constitucion_politica_1991.html
co:cc:c-564:1992,interpreta,co:constitucion:1991:art:189,,,http://www.secretariasenado.gov.co/senado/basedoc/constitucion_politica_1991.html
co:cc:c-574:1992,interpreta,co:constitucion:1991:art:189,,,http://www.secretariasenado.gov.co/senado/basedoc/constitucion_politica_1991.html
co:cc:c-589:1992,interpreta,co:constitucion:1991:art:189,,,http://www.secretariasenado.gov.co/senado/basedoc/constitucion_politica_1991.html
co:cc:c-012:2004,interpreta,co:constitucion:1991:art:189,,,http://www.secretariasenado.gov.co/senado/basedoc/constitucion_politica_1991.html
co:cc:c-037:2004,interpreta,co:constitucion:1991:art:189,,,http://www.secretariasenado.gov.co/senado/basedoc/constitucion_politica_1991.html
co:cc:c-309:2004,interpreta,co:constitucion:1991:art:189,,,http://www.secretariasenado.gov.co/senado/basedoc/constitucion_politica_1991.html
co:cc:c-823:2011,interpreta,co:constitucion:1991:art:189,,,http://www.secretariasenado.gov.co/senado/basedoc/constitucion_politica_1991.html
co:cc:c-1050:2012,interpreta,co:constitucion:1991:art:189,,,http://www.secretariasenado.gov.co/senado/basedoc/constitucion_politica_1991.html
co:cc:c-031:1993,interpreta,co:constitucion:1991:art:189,,,http://www.secretariasenado.gov.co/senado/basedoc/constitucion_politica_1991.html
co:cc:c-024:1994,interpreta,co:constitucion:1991:art:189,,,http://www.secretariasenado.gov.co/senado/basedoc/constitucion_politica_1991.html
co:cc:c-179:1994,interpreta,co:constitucion:1991:art:189,,,http://www.secretariasenado.gov.co/senado/basedoc/constitucion_politica_1991.html
co:cc:c-404:2003,interpreta,co:constitucion:1991:art:189,,,http://www.secretariasenado.gov.co/senado/basedoc/constitucion_politica_1991.html
co:cc:c-004:1992,interpreta,co:constitucion:1991:art:189,,,http://www.secretariasenado.gov.co/senado/basedoc/constitucion_politica_1991.html
co:cc:c-556:1992,interpreta,co:constitucion:1991:art:189,,,http://www.secretariasenado.gov.co/senado/basedoc/constitucion_politica_1991.html
co:cc:c-557:1992,interpreta,co:constitucion:1991:art:189,,,http://www.secretariasenado.gov.co/senado/basedoc/constitucion_politica_1991.html
co:cc:c-579:1992,interpreta,co:constitucion:1991:art:189,,,http://www.secretariasenado.gov.co/senado/basedoc/constitucion_politica_1991.html
co:cc:c-336:1996,interpreta,co:constitucion:1991:art:189,,,http://www.secretariasenado.gov.co/senado/basedoc/constitucion_politica_1991.html
co:cc:c-117:2006,interpreta,co:constitucion:1991:art:189,,,http://www.secretariasenado.gov.co/senado/basedoc/constitucion_politica_1991.html
co:cc:c-332:2017,interpreta,co:constitucion:1991:art:189,,,http://www.secretariasenado.gov.co/senado/basedoc/constitucion_politica_1991.html
co:cc:c-525:2023,interpreta,co:constitucion:1991:art:189,,,http://www.secretariasenado.gov.co/senado/basedoc/constitucion_politica_1991.html
co:cc:c-027:1993,interpreta,co:constitucion:1991:art:189,,,http://www.secretariasenado.gov.co/senado/basedoc/constitucion_politica_1991.html
co:cc:c-214:1993,interpreta,co:constitucion:1991:art:189,,,http://www.secretariasenado.gov.co/senado/basedoc/constitucion_politica_1991.html
co:cc:c-227:1993,interpreta,co:constitucion:1991:art:189,,,http://www.secretariasenado.gov.co/senado/basedoc/constitucion_politica_1991.html
co:cc:c-415:1993,interpreta,co:constitucion:1991:art:189,,,http://www.secretariasenado.gov.co/senado/basedoc/constitucion_politica_1991.html
co:cc:c-269:2014,interpreta,co:constitucion:1991:art:189,,,http://www.secretariasenado.gov.co/senado/basedoc/constitucion_politica_1991.html
co:cc:c-600:1992,interpreta,co:constitucion:1991:art:189,,,http://www.secretariasenado.gov.co/senado/basedoc/constitucion_politica_1991.html
co:cc:c-491:1994,interpreta,co:constitucion:1991:art:189,,,http://www.secretariasenado.gov.co/senado/basedoc/constitucion_politica_1991.html
co:cc:c-333:1993,interpreta,co:constitucion:1991:art:189,,,http://www.secretariasenado.gov.co/senado/basedoc/constitucion_politica_1991.html
co:cc:c-363:1993,interpreta,co:constitucion:1991:art:189,,,http://www.secretariasenado.gov.co/senado/basedoc/constitucion_politica_1991.html
co:cc:c-253:2003,interpreta,co:constitucion:1991:art:189,,,http://www.secretariasenado.gov.co/senado/basedoc/constitucion_politica_1991.html
co:cc:c-128:2004,interpreta,co:constitucion:1991:art:189,,,http://www.secretariasenado.gov.co/senado/basedoc/constitucion_politica_1991.html
co:cc:c-932:2006,interpreta,co:constitucion:1991:art:189,,,http://www.secretariasenado.gov.co/senado/basedoc/constitucion_politica_1991.html
co:cc:c-083:1993,interpreta,co:constitucion:1991:art:189,,,http://www.secretariasenado.gov.co/senado/basedoc/constitucion_politica_1991.html
co:cc:c-228:1993,interpreta,co:constitucion:1991:art:189,,,http://www.secretariasenado.gov.co/senado/basedoc/constitucion_politica_1991.html
co:cc:c-007:2003,interpreta,co:constitucion:1991:art:189,,,http://www.secretariasenado.gov.co/senado/basedoc/constitucion_politica_1991.html
co:cc:c-384:2003,interpreta,co:constitucion:1991:art:189,,,http://www.secretariasenado.gov.co/senado/basedoc/constitucion_politica_1991.html
co:cc:c-461:2004,interpreta,co:constitucion:1991:art:189,,,http://www.secretariasenado.gov.co/senado/basedoc/constitucion_politica_1991.html
co:cc:c-1260:2005,interpreta,co:constitucion:1991:art:189,,,http://www.secretariasenado.gov.co/senado/basedoc/constitucion_politica_1991.html
co:cc:c-320:2006,interpreta,co:constitucion:1991:art:189,,,http://www.secretariasenado.gov.co/senado/basedoc/constitucion_politica_1991.html
co:cc:c-507:2006,interpreta,co:constitucion:1991:art:189,,,http://www.secretariasenado.gov.co/senado/basedoc/constitucion_politica_1991.html
co:cc:c-782:2007,interpreta,co:constitucion:1991:art:189,,,http://www.secretariasenado.gov.co/senado/basedoc/constitucion_politica_1991.html
co:cc:c-1005:2008,interpreta,co:constitucion:1991:art:189,,,http://www.secretariasenado.gov.co/senado/basedoc/constitucion_politica_1991.html
co:cc:c-862:2012,interpreta,co:constitucion:1991:art:189,,,http://www.secretariasenado.gov.co/senado/basedoc/constitucion_politica_1991.html
co:cc:c-188:2022,interpreta,co:constitucion:1991:art:189,,,http://www.secretariasenado.gov.co/senado/basedoc/constitucion_politica_1991.html
co:cc:c-089:1994,interpreta,co:constitucion:1991:art:189,,,http://www.secretariasenado.gov.co/senado/basedoc/constitucion_politica_1991.html
co:cc:c-198:1994,interpreta,co:constitucion:1991:art:189,,,http://www.secretariasenado.gov.co/senado/basedoc/constitucion_politica_1991.html
co:cc:c-048:2024,interpreta,co:constitucion:1991:art:189,,,http://www.secretariasenado.gov.co/senado/basedoc/constitucion_politica_1991.html
co:cc:c-465:1992,interpreta,co:constitucion:1991:art:189,,,http://www.secretariasenado.gov.co/senado/basedoc/constitucion_politica_1991.html
co:cc:c-559:1992,interpreta,co:constitucion:1991:art:189,,,http://www.secretariasenado.gov.co/senado/basedoc/constitucion_politica_1991.html
co:cc:c-560:1992,interpreta,co:constitucion:1991:art:189,,,http://www.secretariasenado.gov.co/senado/basedoc/constitucion_politica_1991.html
co:cc:c-112:1993,interpreta,co:constitucion:1991:art:189,,,http://www.secretariasenado.gov.co/senado/basedoc/constitucion_politica_1991.html
co:cc:c-104:1994,interpreta,co:constitucion:1991:art:189,,,http://www.secretariasenado.gov.co/senado/basedoc/constitucion_politica_1991.html
co:cc:c-368:1994,interpreta,co:constitucion:1991:art:189,,,http://www.secretariasenado.gov.co/senado/basedoc/constitucion_politica_1991.html
co:cc:c-527:1994,interpreta,co:constitucion:1991:art:189,,,http://www.secretariasenado.gov.co/senado/basedoc/constitucion_politica_1991.html
co:cc:c-555:1994,interpreta,co:constitucion:1991:art:189,,,http://www.secretariasenado.gov.co/senado/basedoc/constitucion_politica_1991.html
co:cc:c-014:1993,interpreta,co:constitucion:1991:art:189,,,http://www.secretariasenado.gov.co/senado/basedoc/constitucion_politica_1991.html
co:cc:c-308:1994,interpreta,co:constitucion:1991:art:189,,,http://www.secretariasenado.gov.co/senado/basedoc/constitucion_politica_1991.html
co:cc:c-367:1994,interpreta,co:constitucion:1991:art:189,,,http://www.secretariasenado.gov.co/senado/basedoc/constitucion_politica_1991.html
co:cc:c-474:1994,interpreta,co:constitucion:1991:art:189,,,http://www.secretariasenado.gov.co/senado/basedoc/constitucion_politica_1991.html
co:cc:c-902:2003,interpreta,co:constitucion:1991:art:189,,,http://www.secretariasenado.gov.co/senado/basedoc/constitucion_politica_1991.html
co:cc:c-350:2004,interpreta,co:constitucion:1991:art:189,,,http://www.secretariasenado.gov.co/senado/basedoc/constitucion_politica_1991.html
co:cc:c-044:2006,interpreta,co:constitucion:1991:art:189,,,http://www.secretariasenado.gov.co/senado/basedoc/constitucion_politica_1991.html
co:cc:c-177:2007,interpreta,co:constitucion:1991:art:189,,,http://www.secretariasenado.gov.co/senado/basedoc/constitucion_politica_1991.html
co:cc:c-781:2007,interpreta,co:constitucion:1991:art:189,,,http://www.secretariasenado.gov.co/senado/basedoc/constitucion_politica_1991.html
co:cc:c-246:2019,interpreta,co:constitucion:1991:art:189,,,http://www.secretariasenado.gov.co/senado/basedoc/constitucion_politica_1991.html
co:cc:c-447:1992,interpreta,co:constitucion:1991:art:189,,,http://www.secretariasenado.gov.co/senado/basedoc/constitucion_politica_1991.html
co:cc:c-514:1992,interpreta,co:constitucion:1991:art:189,,,http://www.secretariasenado.gov.co/senado/basedoc/constitucion_politica_1991.html
co:cc:c-262:1995,interpreta,co:constitucion:1991:art:189,,,http://www.secretariasenado.gov.co/senado/basedoc/constitucion_politica_1991.html
co:cc:c-702:1999,interpreta,co:constitucion:1991:art:189,,,http://www.secretariasenado.gov.co/senado/basedoc/constitucion_politica_1991.html
co:cc:c-058:2010,interpreta,co:constitucion:1991:art:189,,,http://www.secretariasenado.gov.co/senado/basedoc/constitucion_politica_1991.html
co:cc:c-102:1994,interpreta,co:constitucion:1991:art:189,,,http://www.secretariasenado.gov.co/senado/basedoc/constitucion_politica_1991.html
co:cc:c-040:1993,interpreta,co:constitucion:1991:art:189,,,http://www.secretariasenado.gov.co/senado/basedoc/constitucion_politica_1991.html
co:cc:c-068:1993,interpreta,co:constitucion:1991:art:189,,,http://www.secretariasenado.gov.co/senado/basedoc/constitucion_politica_1991.html
co:cc:c-098:1993,interpreta,co:constitucion:1991:art:189,,,http://www.secretariasenado.gov.co/senado/basedoc/constitucion_politica_1991.html
co:cc:c-155:1993,interpreta,co:constitucion:1991:art:189,,,http://www.secretariasenado.gov.co/senado/basedoc/constitucion_politica_1991.html
co:cc:c-133:1993,interpreta,co:constitucion:1991:art:189,,,http://www.secretariasenado.gov.co/senado/basedoc/constitucion_politica_1991.html
co:cc:c-337:1993,interpreta,co:constitucion:1991:art:189,,,http://www.secretariasenado.gov.co/senado/basedoc/constitucion_politica_1991.html
co:cc:c-364:1993,interpreta,co:constitucion:1991:art:189,,,http://www.secretariasenado.gov.co/senado/basedoc/constitucion_politica_1991.html
co:cc:c-357:1994,interpreta,co:constitucion:1991:art:189,,,http://www.secretariasenado.gov.co/senado/basedoc/constitucion_politica_1991.html
co:cc:c-490:1994,interpreta,co:constitucion:1991:art:189,,,http://www.secretariasenado.gov.co/senado/basedoc/constitucion_politica_1991.html
co:cc:c-566:1994,interpreta,co:constitucion:1991:art:189,,,http://www.secretariasenado.gov.co/senado/basedoc/constitucion_politica_1991.html
co:cc:c-939:2003,interpreta,co:constitucion:1991:art:189,,,http://www.secretariasenado.gov.co/senado/basedoc/constitucion_politica_1991.html
co:cc:c-437:2011,interpreta,co:constitucion:1991:art:189,,,http://www.secretariasenado.gov.co/senado/basedoc/constitucion_politica_1991.html
co:cc:c-088:1994,interpreta,co:constitucion:1991:art:189,,,http://www.secretariasenado.gov.co/senado/basedoc/constitucion_politica_1991.html
co:cc:c-109:1994,interpreta,co:constitucion:1991:art:189,,,http://www.secretariasenado.gov.co/senado/basedoc/constitucion_politica_1991.html
co:cc:c-150:1994,interpreta,co:constitucion:1991:art:189,,,http://www.secretariasenado.gov.co/senado/basedoc/constitucion_politica_1991.html
co:cc:c-311:1994,interpreta,co:constitucion:1991:art:189,,,http://www.secretariasenado.gov.co/senado/basedoc/constitucion_politica_1991.html
co:cc:c-348:1994,interpreta,co:constitucion:1991:art:189,,,http://www.secretariasenado.gov.co/senado/basedoc/constitucion_politica_1991.html
co:cc:c-493:1994,interpreta,co:constitucion:1991:art:189,,,http://www.secretariasenado.gov.co/senado/basedoc/constitucion_politica_1991.html
co:cc:c-144:1993,interpreta,co:constitucion:1991:art:189,,,http://www.secretariasenado.gov.co/senado/basedoc/constitucion_politica_1991.html
co:cc:c-170:1993,interpreta,co:constitucion:1991:art:189,,,http://www.secretariasenado.gov.co/senado/basedoc/constitucion_politica_1991.html
co:cc:c-473:1994,interpreta,co:constitucion:1991:art:189,,,http://www.secretariasenado.gov.co/senado/basedoc/constitucion_politica_1991.html
co:cc:c-374:1994,interpreta,co:constitucion:1991:art:189,,,http://www.secretariasenado.gov.co/senado/basedoc/constitucion_politica_1991.html
co:cc:c-549:1992,interpreta,co:constitucion:1991:art:189,,,http://www.secretariasenado.gov.co/senado/basedoc/constitucion_politica_1991.html
co:cc:c-553:1992,interpreta,co:constitucion:1991:art:189,,,http://www.secretariasenado.gov.co/senado/basedoc/constitucion_politica_1991.html
co:cc:c-024:1993,interpreta,co:constitucion:1991:art:189,,,http://www.secretariasenado.gov.co/senado/basedoc/constitucion_politica_1991.html
co:cc:c-132:1993,interpreta,co:constitucion:1991:art:189,,,http://www.secretariasenado.gov.co/senado/basedoc/constitucion_politica_1991.html
co:cc:c-209:1993,interpreta,co:constitucion:1991:art:189,,,http://www.secretariasenado.gov.co/senado/basedoc/constitucion_politica_1991.html
co:cc:c-542:1993,interpreta,co:constitucion:1991:art:189,,,http://www.secretariasenado.gov.co/senado/basedoc/constitucion_politica_1991.html
co:cc:c-057:1994,interpreta,co:constitucion:1991:art:189,,,http://www.secretariasenado.gov.co/senado/basedoc/constitucion_politica_1991.html
co:cc:c-061:1994,interpreta,co:constitucion:1991:art:189,,,http://www.secretariasenado.gov.co/senado/basedoc/constitucion_politica_1991.html
co:cc:c-188:1994,interpreta,co:constitucion:1991:art:189,,,http://www.secretariasenado.gov.co/senado/basedoc/constitucion_politica_1991.html
co:cc:c-248:1994,interpreta,co:constitucion:1991:art:189,,,http://www.secretariasenado.gov.co/senado/basedoc/constitucion_politica_1991.html
co:cc:c-252:1994,interpreta,co:constitucion:1991:art:189,,,http://www.secretariasenado.gov.co/senado/basedoc/constitucion_politica_1991.html
co:cc:c-267:1994,interpreta,co:constitucion:1991:art:189,,,http://www.secretariasenado.gov.co/senado/basedoc/constitucion_politica_1991.html
co:cc:c-271:1994,interpreta,co:constitucion:1991:art:189,,,http://www.secretariasenado.gov.co/senado/basedoc/constitucion_politica_1991.html
co:cc:c-336:1994,interpreta,co:constitucion:1991:art:189,,,http://www.secretariasenado.gov.co/senado/basedoc/constitucion_politica_1991.html
co:cc:c-452:2003,interpreta,co:constitucion:1991:art:189,,,http://www.secretariasenado.gov.co/senado/basedoc/constitucion_politica_1991.html
co:cc:c-205:2005,interpreta,co:constitucion:1991:art:189,,,http://www.secretariasenado.gov.co/senado/basedoc/constitucion_politica_1991.html
co:cc:c-041:2006,interpreta,co:constitucion:1991:art:189,,,http://www.secretariasenado.gov.co/senado/basedoc/constitucion_politica_1991.html
co:cc:c-510:1992,interpreta,co:constitucion:1991:art:189,,,http://www.secretariasenado.gov.co/senado/basedoc/constitucion_politica_1991.html
co:cc:c-511:1992,interpreta,co:constitucion:1991:art:189,,,http://www.secretariasenado.gov.co/senado/basedoc/constitucion_politica_1991.html
co:cc:c-558:1992,interpreta,co:constitucion:1991:art:189,,,http://www.secretariasenado.gov.co/senado/basedoc/constitucion_politica_1991.html
co:cc:c-590:1992,interpreta,co:constitucion:1991:art:189,,,http://www.secretariasenado.gov.co/senado/basedoc/constitucion_politica_1991.html
co:cc:c-126:2003,interpreta,co:constitucion:1991:art:189,,,http://www.secretariasenado.gov.co/senado/basedoc/constitucion_politica_1991.html
co:cc:c-235:2003,interpreta,co:constitucion:1991:art:189,,,http://www.secretariasenado.gov.co/senado/basedoc/constitucion_politica_1991.html
co:cc:c-140:2007,interpreta,co:constitucion:1991:art:189,,,http://www.secretariasenado.gov.co/senado/basedoc/constitucion_politica_1991.html
co:cc:c-624:2007,interpreta,co:constitucion:1991:art:189,,,http://www.secretariasenado.gov.co/senado/basedoc/constitucion_politica_1991.html
co:cc:c-026:2020,interpreta,co:constitucion:1991:art:189,,,http://www.secretariasenado.gov.co/senado/basedoc/constitucion_politica_1991.html
co:cc:c-441:2021,interpreta,co:constitucion:1991:art:189,,,http://www.secretariasenado.gov.co/senado/basedoc/constitucion_politica_1991.html
co:cc:c-333:2003,interpreta,co:constitucion:1991:art:189,,,http://www.secretariasenado.gov.co/senado/basedoc/constitucion_politica_1991.html
co:cc:c-006:1993,interpreta,co:constitucion:1991:art:189,,,http://www.secretariasenado.gov.co/senado/basedoc/constitucion_politica_1991.html
co:cc:c-095:1993,interpreta,co:constitucion:1991:art:189,,,http://www.secretariasenado.gov.co/senado/basedoc/constitucion_politica_1991.html
co:cc:c-115:1993,interpreta,co:constitucion:1991:art:189,,,http://www.secretariasenado.gov.co/senado/basedoc/constitucion_politica_1991.html
co:cc:c-073:2014,interpreta,co:constitucion:1991:art:189,,,http://www.secretariasenado.gov.co/senado/basedoc/constitucion_politica_1991.html
co:cc:c-025:1993,interpreta,co:constitucion:1991:art:190,,,http://www.secretariasenado.gov.co/senado/basedoc/constitucion_politica_1991.html
co:cc:c-093:1994,interpreta,co:constitucion:1991:art:190,,,http://www.secretariasenado.gov.co/senado/basedoc/constitucion_politica_1991.html
co:cc:c-334:1994,interpreta,co:constitucion:1991:art:190,,,http://www.secretariasenado.gov.co/senado/basedoc/constitucion_politica_1991.html
co:cc:c-353:1994,interpreta,co:constitucion:1991:art:190,,,http://www.secretariasenado.gov.co/senado/basedoc/constitucion_politica_1991.html
co:cc:c-487:1993,interpreta,co:constitucion:1991:art:191,,,http://www.secretariasenado.gov.co/senado/basedoc/constitucion_politica_1991.html
co:cc:c-130:1994,interpreta,co:constitucion:1991:art:191,,,http://www.secretariasenado.gov.co/senado/basedoc/constitucion_politica_1991.html
co:cc:c-214:1993,interpreta,co:constitucion:1991:art:192,,,http://www.secretariasenado.gov.co/senado/basedoc/constitucion_politica_1991.html
co:cc:c-600:1992,interpreta,co:constitucion:1991:art:195,,,http://www.secretariasenado.gov.co/senado/basedoc/constitucion_politica_1991.html
co:cc:c-428:1993,interpreta,co:constitucion:1991:art:195,,,http://www.secretariasenado.gov.co/senado/basedoc/constitucion_politica_1991.html
co:cc:c-600:1992,interpreta,co:constitucion:1991:art:196,,,http://www.secretariasenado.gov.co/senado/basedoc/constitucion_politica_1991.html
co:cc:c-151:1993,interpreta,co:constitucion:1991:art:196,,,http://www.secretariasenado.gov.co/senado/basedoc/constitucion_politica_1991.html
co:cc:c-428:1993,interpreta,co:constitucion:1991:art:196,,,http://www.secretariasenado.gov.co/senado/basedoc/constitucion_politica_1991.html
co:cc:c-172:2006,interpreta,co:constitucion:1991:art:196,,,http://www.secretariasenado.gov.co/senado/basedoc/constitucion_politica_1991.html
co:cc:c-176:2006,interpreta,co:constitucion:1991:art:196,,,http://www.secretariasenado.gov.co/senado/basedoc/constitucion_politica_1991.html
co:cc:c-373:2016,declara_inexequible,co:constitucion:1991:art:197,2016-07-13,,http://www.secretariasenado.gov.co/senado/basedoc/constitucion_politica_1991.html
co:acto-legislativo:2:2015:art:9,modifica,co:constitucion:1991:art:197,2015-07-01,,http://www.secretariasenado.gov.co/senado/basedoc/constitucion_politica_1991.html
co:acto-legislativo:2:2004:art:2,modifica,co:constitucion:1991:art:197,2004-12-28,,http://www.secretariasenado.gov.co/senado/basedoc/constitucion_politica_1991.html
co:cc:c-029:2018,declara_inexequible_parcial,co:constitucion:1991:art:197,2018-05-02,"- Artículo 9 del Acto Legislativo 2 de 2015 declarado EXEQUIBLE, por los cargos analizados, por la Corte Constitucional mediante Sentencia C-029-18 de 2 de mayo de 2018, Magistrado Ponente Dr. Alberto Rojas Ríos, salvo sobre los apartes declarados INEXEQUIBLES en la C-373-16.",http://www.secretariasenado.gov.co/senado/basedoc/constitucion_politica_1991.html
co:cc:c-145:1994,interpreta,co:constitucion:1991:art:197,,,http://www.secretariasenado.gov.co/senado/basedoc/constitucion_politica_1991.html
co:cc:c-015:2004,interpreta,co:constitucion:1991:art:197,,,http://www.secretariasenado.gov.co/senado/basedoc/constitucion_politica_1991.html
co:cc:c-1153:2005,interpreta,co:constitucion:1991:art:197,,,http://www.secretariasenado.gov.co/senado/basedoc/constitucion_politica_1991.html
co:cc:c-342:2006,interpreta,co:constitucion:1991:art:197,,,http://www.secretariasenado.gov.co/senado/basedoc/constitucion_politica_1991.html
co:cc:c-141:2010,interpreta,co:constitucion:1991:art:197,,,http://www.secretariasenado.gov.co/senado/basedoc/constitucion_politica_1991.html
co:cc:c-101:2018,interpreta,co:constitucion:1991:art:197,,,http://www.secretariasenado.gov.co/senado/basedoc/constitucion_politica_1991.html
co:cc:c-179:1994,interpreta,co:constitucion:1991:art:198,,,http://www.secretariasenado.gov.co/senado/basedoc/constitucion_politica_1991.html
co:cc:c-214:1993,interpreta,co:constitucion:1991:art:198,,,http://www.secretariasenado.gov.co/senado/basedoc/constitucion_politica_1991.html
co:cc:c-093:1994,interpreta,co:constitucion:1991:art:199,,,http://www.secretariasenado.gov.co/senado/basedoc/constitucion_politica_1991.html
co:cc:c-334:1994,interpreta,co:constitucion:1991:art:199,,,http://www.secretariasenado.gov.co/senado/basedoc/constitucion_politica_1991.html
co:cc:c-380:2004,interpreta,co:constitucion:1991:art:200,,,http://www.secretariasenado.gov.co/senado/basedoc/constitucion_politica_1991.html
co:cc:c-473:2004,interpreta,co:constitucion:1991:art:200,,,http://www.secretariasenado.gov.co/senado/basedoc/constitucion_politica_1991.html
co:cc:c-016:2016,interpreta,co:constitucion:1991:art:200,,,http://www.secretariasenado.gov.co/senado/basedoc/constitucion_politica_1991.html
co:cc:c-008:2018,interpreta,co:constitucion:1991:art:200,,,http://www.secretariasenado.gov.co/senado/basedoc/constitucion_politica_1991.html
co:cc:c-219:2019,interpreta,co:constitucion:1991:art:200,,,http://www.secretariasenado.gov.co/senado/basedoc/constitucion_politica_1991.html
co:cc:c-206:1993,interpreta,co:constitucion:1991:art:200,,,http://www.secretariasenado.gov.co/senado/basedoc/constitucion_politica_1991.html
co:cc:c-179:1994,interpreta,co:constitucion:1991:art:200,,,http://www.secretariasenado.gov.co/senado/basedoc/constitucion_politica_1991.html
co:cc:c-198:1994,interpreta,co:constitucion:1991:art:200,,,http://www.secretariasenado.gov.co/senado/basedoc/constitucion_politica_1991.html
co:cc:c-376:1994,interpreta,co:constitucion:1991:art:200,,,http://www.secretariasenado.gov.co/senado/basedoc/constitucion_politica_1991.html
co:cc:c-052:1993,interpreta,co:constitucion:1991:art:201,,,http://www.secretariasenado.gov.co/senado/basedoc/constitucion_politica_1991.html
co:cc:c-127:1993,interpreta,co:constitucion:1991:art:201,,,http://www.secretariasenado.gov.co/senado/basedoc/constitucion_politica_1991.html
co:cc:c-171:1993,interpreta,co:constitucion:1991:art:201,,,http://www.secretariasenado.gov.co/senado/basedoc/constitucion_politica_1991.html
co:cc:c-207:1993,interpreta,co:constitucion:1991:art:201,,,http://www.secretariasenado.gov.co/senado/basedoc/constitucion_politica_1991.html
co:cc:c-214:1993,interpreta,co:constitucion:1991:art:201,,,http://www.secretariasenado.gov.co/senado/basedoc/constitucion_politica_1991.html
co:cc:c-415:1993,interpreta,co:constitucion:1991:art:201,,,http://www.secretariasenado.gov.co/senado/basedoc/constitucion_politica_1991.html
co:cc:c-928:2005,interpreta,co:constitucion:1991:art:201,,,http://www.secretariasenado.gov.co/senado/basedoc/constitucion_politica_1991.html
co:cc:c-428:1993,interpreta,co:constitucion:1991:art:202,,,http://www.secretariasenado.gov.co/senado/basedoc/constitucion_politica_1991.html
co:cc:c-093:1994,interpreta,co:constitucion:1991:art:202,,,http://www.secretariasenado.gov.co/senado/basedoc/constitucion_politica_1991.html
co:cc:c-594:1995,interpreta,co:constitucion:1991:art:202,,,http://www.secretariasenado.gov.co/senado/basedoc/constitucion_politica_1991.html
co:cc:c-190:2022,interpreta,co:constitucion:1991:art:202,,,http://www.secretariasenado.gov.co/senado/basedoc/constitucion_politica_1991.html
co:cc:c-428:1993,interpreta,co:constitucion:1991:art:203,,,http://www.secretariasenado.gov.co/senado/basedoc/constitucion_politica_1991.html
co:acto-legislativo:2:2015:art:10,deroga,co:constitucion:1991:art:204,2015-07-01,,http://www.secretariasenado.gov.co/senado/basedoc/constitucion_politica_1991.html
co:cc:c-029:2018,declara_inexequible_parcial,co:constitucion:1991:art:204,2018-05-02,"- Artículo 10 del Acto Legislativo 2 de 2015 declarado EXEQUIBLE, por los cargos analizados, por la Corte Constitucional mediante Sentencia C-029-18 de 2 de mayo de 2018, Magistrado Ponente Dr. Alberto Rojas Ríos, salvo sobre los apartes declarados INEXEQUIBLES en la C-373-16.",http://www.secretariasenado.gov.co/senado/basedoc/constitucion_politica_1991.html
co:acto-legislativo:2:2004:art:3,modifica,co:constitucion:1991:art:204,2004-12-28,,http://www.secretariasenado.gov.co/senado/basedoc/constitucion_politica_1991.html
co:cc:c-130:1994,interpreta,co:constitucion:1991:art:204,,,http://www.secretariasenado.gov.co/senado/basedoc/constitucion_politica_1991.html
co:cc:c-1153:2005,interpreta,co:constitucion:1991:art:204,,,http://www.secretariasenado.gov.co/senado/basedoc/constitucion_politica_1991.html
co:cc:c-428:1993,interpreta,co:constitucion:1991:art:205,,,http://www.secretariasenado.gov.co/senado/basedoc/constitucion_politica_1991.html
co:cc:c-093:1994,interpreta,co:constitucion:1991:art:205,,,http://www.secretariasenado.gov.co/senado/basedoc/constitucion_politica_1991.html
co:cc:c-334:1994,interpreta,co:constitucion:1991:art:205,,,http://www.secretariasenado.gov.co/senado/basedoc/constitucion_politica_1991.html
co:cc:c-212:1994,interpreta,co:constitucion:1991:art:206,,,http://www.secretariasenado.gov.co/senado/basedoc/constitucion_politica_1991.html
co:cc:c-130:1994,interpreta,co:constitucion:1991:art:207,,,http://www.secretariasenado.gov.co/senado/basedoc/constitucion_politica_1991.html
co:cc:c-504:1992,interpreta,co:constitucion:1991:art:208,,,http://www.secretariasenado.gov.co/senado/basedoc/constitucion_politica_1991.html
co:cc:c-022:1994,interpreta,co:constitucion:1991:art:208,,,http://www.secretariasenado.gov.co/senado/basedoc/constitucion_politica_1991.html
co:cc:c-069:1994,interpreta,co:constitucion:1991:art:208,,,http://www.secretariasenado.gov.co/senado/basedoc/constitucion_politica_1991.html
co:cc:c-317:2012,interpreta,co:constitucion:1991:art:208,,,http://www.secretariasenado.gov.co/senado/basedoc/constitucion_politica_1991.html
co:cc:c-221:1992,interpreta,co:constitucion:1991:art:209,,,http://www.secretariasenado.gov.co/senado/basedoc/constitucion_politica_1991.html
co:cc:c-449:1992,interpreta,co:constitucion:1991:art:209,,,http://www.secretariasenado.gov.co/senado/basedoc/constitucion_politica_1991.html
co:cc:c-479:1992,interpreta,co:constitucion:1991:art:209,,,http://www.secretariasenado.gov.co/senado/basedoc/constitucion_politica_1991.html
co:cc:c-504:1992,interpreta,co:constitucion:1991:art:209,,,http://www.secretariasenado.gov.co/senado/basedoc/constitucion_politica_1991.html
co:cc:c-517:1992,interpreta,co:constitucion:1991:art:209,,,http://www.secretariasenado.gov.co/senado/basedoc/constitucion_politica_1991.html
co:cc:c-575:1992,interpreta,co:constitucion:1991:art:209,,,http://www.secretariasenado.gov.co/senado/basedoc/constitucion_politica_1991.html
co:cc:c-607:1992,interpreta,co:constitucion:1991:art:209,,,http://www.secretariasenado.gov.co/senado/basedoc/constitucion_politica_1991.html
co:cc:c-025:1993,interpreta,co:constitucion:1991:art:209,,,http://www.secretariasenado.gov.co/senado/basedoc/constitucion_politica_1991.html
co:cc:c-601:1996,interpreta,co:constitucion:1991:art:209,,,http://www.secretariasenado.gov.co/senado/basedoc/constitucion_politica_1991.html
co:cc:c-181:1997,interpreta,co:constitucion:1991:art:209,,,http://www.secretariasenado.gov.co/senado/basedoc/constitucion_politica_1991.html
co:cc:c-125:2003,interpreta,co:constitucion:1991:art:209,,,http://www.secretariasenado.gov.co/senado/basedoc/constitucion_politica_1991.html
co:cc:c-161:2003,interpreta,co:constitucion:1991:art:209,,,http://www.secretariasenado.gov.co/senado/basedoc/constitucion_politica_1991.html
co:cc:c-185:2003,interpreta,co:constitucion:1991:art:209,,,http://www.secretariasenado.gov.co/senado/basedoc/constitucion_politica_1991.html
co:cc:c-252:2003,interpreta,co:constitucion:1991:art:209,,,http://www.secretariasenado.gov.co/senado/basedoc/constitucion_politica_1991.html
co:cc:c-317:2003,interpreta,co:constitucion:1991:art:209,,,http://www.secretariasenado.gov.co/senado/basedoc/constitucion_politica_1991.html
co:cc:c-1003:2003,interpreta,co:constitucion:1991:art:209,,,http://www.secretariasenado.gov.co/senado/basedoc/constitucion_politica_1991.html
co:cc:c-1060:2003,interpreta,co:constitucion:1991:art:209,,,http://www.secretariasenado.gov.co/senado/basedoc/constitucion_politica_1991.html
co:cc:c-014:2004,interpreta,co:constitucion:1991:art:209,,,http://www.secretariasenado.gov.co/senado/basedoc/constitucion_politica_1991.html
co:cc:c-100:2004,interpreta,co:constitucion:1991:art:209,,,http://www.secretariasenado.gov.co/senado/basedoc/constitucion_politica_1991.html
co:cc:c-121:2004,interpreta,co:constitucion:1991:art:209,,,http://www.secretariasenado.gov.co/senado/basedoc/constitucion_politica_1991.html
co:cc:c-124:2004,interpreta,co:constitucion:1991:art:209,,,http://www.secretariasenado.gov.co/senado/basedoc/constitucion_politica_1991.html
co:cc:c-174:2004,interpreta,co:constitucion:1991:art:209,,,http://www.secretariasenado.gov.co/senado/basedoc/constitucion_politica_1991.html
co:cc:c-246:2004,interpreta,co:constitucion:1991:art:209,,,http://www.secretariasenado.gov.co/senado/basedoc/constitucion_politica_1991.html
co:cc:c-308:2004,interpreta,co:constitucion:1991:art:209,,,http://www.secretariasenado.gov.co/senado/basedoc/constitucion_politica_1991.html
co:cc:c-432:2004,interpreta,co:constitucion:1991:art:209,,,http://www.secretariasenado.gov.co/senado/basedoc/constitucion_politica_1991.html
co:cc:c-475:2004,interpreta,co:constitucion:1991:art:209,,,http://www.secretariasenado.gov.co/senado/basedoc/constitucion_politica_1991.html
co:cc:c-508:2004,interpreta,co:constitucion:1991:art:209,,,http://www.secretariasenado.gov.co/senado/basedoc/constitucion_politica_1991.html
co:cc:c-510:2004,interpreta,co:constitucion:1991:art:209,,,http://www.secretariasenado.gov.co/senado/basedoc/constitucion_politica_1991.html
co:cc:c-1265:2005,interpreta,co:constitucion:1991:art:209,,,http://www.secretariasenado.gov.co/senado/basedoc/constitucion_politica_1991.html
co:cc:c-277:2006,interpreta,co:constitucion:1991:art:209,,,http://www.secretariasenado.gov.co/senado/basedoc/constitucion_politica_1991.html
co:cc:c-988:2006,interpreta,co:constitucion:1991:art:209,,,http://www.secretariasenado.gov.co/senado/basedoc/constitucion_politica_1991.html
co:cc:c-722:2007,interpreta,co:constitucion:1991:art:209,,,http://www.secretariasenado.gov.co/senado/basedoc/constitucion_politica_1991.html
co:cc:c-932:2007,interpreta,co:constitucion:1991:art:209,,,http://www.secretariasenado.gov.co/senado/basedoc/constitucion_politica_1991.html
co:cc:c-1001:2007,interpreta,co:constitucion:1991:art:209,,,http://www.secretariasenado.gov.co/senado/basedoc/constitucion_politica_1991.html
co:cc:c-037:2008,interpreta,co:constitucion:1991:art:209,,,http://www.secretariasenado.gov.co/senado/basedoc/constitucion_politica_1991.html
co:cc:c-862:2008,interpreta,co:constitucion:1991:art:209,,,http://www.secretariasenado.gov.co/senado/basedoc/constitucion_politica_1991.html
co:cc:c-643:2012,interpreta,co:constitucion:1991:art:209,,,http://www.secretariasenado.gov.co/senado/basedoc/constitucion_politica_1991.html
co:cc:c-711:2012,interpreta,co:constitucion:1991:art:209,,,http://www.secretariasenado.gov.co/senado/basedoc/constitucion_politica_1991.html
co:cc:c-826:2013,interpreta,co:constitucion:1991:art:209,,,http://www.secretariasenado.gov.co/senado/basedoc/constitucion_politica_1991.html
co:cc:c-084:2018,interpreta,co:constitucion:1991:art:209,,,http://www.secretariasenado.gov.co/senado/basedoc/constitucion_politica_1991.html
co:cc:c-118:2018,interpreta,co:constitucion:1991:art:209,,,http://www.secretariasenado.gov.co/senado/basedoc/constitucion_politica_1991.html
co:cc:c-306:2019,interpreta,co:constitucion:1991:art:209,,,http://www.secretariasenado.gov.co/senado/basedoc/constitucion_politica_1991.html
co:cc:c-429:2019,interpreta,co:constitucion:1991:art:209,,,http://www.secretariasenado.gov.co/senado/basedoc/constitucion_politica_1991.html
co:cc:c-093:2020,interpreta,co:constitucion:1991:art:209,,,http://www.secretariasenado.gov.co/senado/basedoc/constitucion_politica_1991.html
co:cc:c-200:2021,interpreta,co:constitucion:1991:art:209,,,http://www.secretariasenado.gov.co/senado/basedoc/constitucion_politica_1991.html
co:cc:c-517:1992,interpreta,co:constitucion:1991:art:210,,,http://www.secretariasenado.gov.co/senado/basedoc/constitucion_politica_1991.html
co:cc:c-590:1992,interpreta,co:constitucion:1991:art:210,,,http://www.secretariasenado.gov.co/senado/basedoc/constitucion_politica_1991.html
co:cc:c-040:1993,interpreta,co:constitucion:1991:art:210,,,http://www.secretariasenado.gov.co/senado/basedoc/constitucion_politica_1991.html
co:cc:c-112:1993,interpreta,co:constitucion:1991:art:210,,,http://www.secretariasenado.gov.co/senado/basedoc/constitucion_politica_1991.html
co:cc:c-196:1994,interpreta,co:constitucion:1991:art:210,,,http://www.secretariasenado.gov.co/senado/basedoc/constitucion_politica_1991.html
co:cc:c-166:1995,interpreta,co:constitucion:1991:art:210,,,http://www.secretariasenado.gov.co/senado/basedoc/constitucion_politica_1991.html
co:cc:c-181:1997,interpreta,co:constitucion:1991:art:210,,,http://www.secretariasenado.gov.co/senado/basedoc/constitucion_politica_1991.html
co:cc:c-094:2003,interpreta,co:constitucion:1991:art:210,,,http://www.secretariasenado.gov.co/senado/basedoc/constitucion_politica_1991.html
co:cc:c-477:2003,interpreta,co:constitucion:1991:art:210,,,http://www.secretariasenado.gov.co/senado/basedoc/constitucion_politica_1991.html
co:cc:c-121:2004,interpreta,co:constitucion:1991:art:210,,,http://www.secretariasenado.gov.co/senado/basedoc/constitucion_politica_1991.html
co:cc:c-151:2004,interpreta,co:constitucion:1991:art:210,,,http://www.secretariasenado.gov.co/senado/basedoc/constitucion_politica_1991.html
co:cc:c-691:2007,interpreta,co:constitucion:1991:art:210,,,http://www.secretariasenado.gov.co/senado/basedoc/constitucion_politica_1991.html
co:cc:c-736:2007,interpreta,co:constitucion:1991:art:210,,,http://www.secretariasenado.gov.co/senado/basedoc/constitucion_politica_1991.html
co:cc:c-909:2007,interpreta,co:constitucion:1991:art:210,,,http://www.secretariasenado.gov.co/senado/basedoc/constitucion_politica_1991.html
co:cc:c-118:2018,interpreta,co:constitucion:1991:art:210,,,http://www.secretariasenado.gov.co/senado/basedoc/constitucion_politica_1991.html
co:cc:c-306:2019,interpreta,co:constitucion:1991:art:210,,,http://www.secretariasenado.gov.co/senado/basedoc/constitucion_politica_1991.html
co:cc:c-200:2021,interpreta,co:constitucion:1991:art:210,,,http://www.secretariasenado.gov.co/senado/basedoc/constitucion_politica_1991.html
co:cc:c-337:1993,interpreta,co:constitucion:1991:art:211,,,http://www.secretariasenado.gov.co/senado/basedoc/constitucion_politica_1991.html
co:cc:c-505:1993,interpreta,co:constitucion:1991:art:211,,,http://www.secretariasenado.gov.co/senado/basedoc/constitucion_politica_1991.html
co:cc:c-496:1998,interpreta,co:constitucion:1991:art:211,,,http://www.secretariasenado.gov.co/senado/basedoc/constitucion_politica_1991.html
co:cc:c-561:1999,interpreta,co:constitucion:1991:art:211,,,http://www.secretariasenado.gov.co/senado/basedoc/constitucion_politica_1991.html
co:cc:c-036:2005,interpreta,co:constitucion:1991:art:211,,,http://www.secretariasenado.gov.co/senado/basedoc/constitucion_politica_1991.html
co:cc:c-693:2008,interpreta,co:constitucion:1991:art:211,,,http://www.secretariasenado.gov.co/senado/basedoc/constitucion_politica_1991.html
co:cc:c-1183:2008,interpreta,co:constitucion:1991:art:211,,,http://www.secretariasenado.gov.co/senado/basedoc/constitucion_politica_1991.html
co:cc:c-004:1992,interpreta,co:constitucion:1991:art:212,,,http://www.secretariasenado.gov.co/senado/basedoc/constitucion_politica_1991.html
co:cc:c-447:1992,interpreta,co:constitucion:1991:art:212,,,http://www.secretariasenado.gov.co/senado/basedoc/constitucion_politica_1991.html
co:cc:c-448:1992,interpreta,co:constitucion:1991:art:212,,,http://www.secretariasenado.gov.co/senado/basedoc/constitucion_politica_1991.html
co:cc:c-478:1992,interpreta,co:constitucion:1991:art:212,,,http://www.secretariasenado.gov.co/senado/basedoc/constitucion_politica_1991.html
co:cc:c-574:1992,interpreta,co:constitucion:1991:art:212,,,http://www.secretariasenado.gov.co/senado/basedoc/constitucion_politica_1991.html
co:cc:c-007:1993,interpreta,co:constitucion:1991:art:212,,,http://www.secretariasenado.gov.co/senado/basedoc/constitucion_politica_1991.html
co:cc:c-179:1994,interpreta,co:constitucion:1991:art:212,,,http://www.secretariasenado.gov.co/senado/basedoc/constitucion_politica_1991.html
co:cc:c-008:2003,interpreta,co:constitucion:1991:art:212,,,http://www.secretariasenado.gov.co/senado/basedoc/constitucion_politica_1991.html
co:cc:c-327:2003,interpreta,co:constitucion:1991:art:212,,,http://www.secretariasenado.gov.co/senado/basedoc/constitucion_politica_1991.html
co:cc:c-004:1992,interpreta,co:constitucion:1991:art:213,,,http://www.secretariasenado.gov.co/senado/basedoc/constitucion_politica_1991.html
co:cc:c-447:1992,interpreta,co:constitucion:1991:art:213,,,http://www.secretariasenado.gov.co/senado/basedoc/constitucion_politica_1991.html
co:cc:c-448:1992,interpreta,co:constitucion:1991:art:213,,,http://www.secretariasenado.gov.co/senado/basedoc/constitucion_politica_1991.html
co:cc:c-478:1992,interpreta,co:constitucion:1991:art:213,,,http://www.secretariasenado.gov.co/senado/basedoc/constitucion_politica_1991.html
co:cc:c-541:1992,interpreta,co:constitucion:1991:art:213,,,http://www.secretariasenado.gov.co/senado/basedoc/constitucion_politica_1991.html
co:cc:c-556:1992,interpreta,co:constitucion:1991:art:213,,,http://www.secretariasenado.gov.co/senado/basedoc/constitucion_politica_1991.html
co:cc:c-557:1992,interpreta,co:constitucion:1991:art:213,,,http://www.secretariasenado.gov.co/senado/basedoc/constitucion_politica_1991.html
co:cc:c-574:1992,interpreta,co:constitucion:1991:art:213,,,http://www.secretariasenado.gov.co/senado/basedoc/constitucion_politica_1991.html
co:cc:c-579:1992,interpreta,co:constitucion:1991:art:213,,,http://www.secretariasenado.gov.co/senado/basedoc/constitucion_politica_1991.html
co:cc:c-179:1994,interpreta,co:constitucion:1991:art:213,,,http://www.secretariasenado.gov.co/senado/basedoc/constitucion_politica_1991.html
co:cc:c-802:2002,interpreta,co:constitucion:1991:art:213,,,http://www.secretariasenado.gov.co/senado/basedoc/constitucion_politica_1991.html
co:cc:c-878:2002,interpreta,co:constitucion:1991:art:213,,,http://www.secretariasenado.gov.co/senado/basedoc/constitucion_politica_1991.html
co:cc:c-008:2003,interpreta,co:constitucion:1991:art:213,,,http://www.secretariasenado.gov.co/senado/basedoc/constitucion_politica_1991.html
co:cc:c-063:2003,interpreta,co:constitucion:1991:art:213,,,http://www.secretariasenado.gov.co/senado/basedoc/constitucion_politica_1991.html
co:cc:c-122:2003,interpreta,co:constitucion:1991:art:213,,,http://www.secretariasenado.gov.co/senado/basedoc/constitucion_politica_1991.html
co:cc:c-148:2003,interpreta,co:constitucion:1991:art:213,,,http://www.secretariasenado.gov.co/senado/basedoc/constitucion_politica_1991.html
co:cc:c-149:2003,interpreta,co:constitucion:1991:art:213,,,http://www.secretariasenado.gov.co/senado/basedoc/constitucion_politica_1991.html
co:cc:c-327:2003,interpreta,co:constitucion:1991:art:213,,,http://www.secretariasenado.gov.co/senado/basedoc/constitucion_politica_1991.html
co:cc:c-070:2009,interpreta,co:constitucion:1991:art:213,,,http://www.secretariasenado.gov.co/senado/basedoc/constitucion_politica_1991.html
co:cc:c-100:2022,interpreta,co:constitucion:1991:art:213,,,http://www.secretariasenado.gov.co/senado/basedoc/constitucion_politica_1991.html
co:cc:c-148:2025,interpreta,co:constitucion:1991:art:213,,,http://www.secretariasenado.gov.co/senado/basedoc/constitucion_politica_1991.html
co:cc:c-467:2025,interpreta,co:constitucion:1991:art:213,,,http://www.secretariasenado.gov.co/senado/basedoc/constitucion_politica_1991.html
co:cc:c-171:2004,interpreta,co:constitucion:1991:art:214,,,http://www.secretariasenado.gov.co/senado/basedoc/constitucion_politica_1991.html
co:cc:c-431:2004,interpreta,co:constitucion:1991:art:214,,,http://www.secretariasenado.gov.co/senado/basedoc/constitucion_politica_1991.html
co:cc:c-033:1993,interpreta,co:constitucion:1991:art:214,,,http://www.secretariasenado.gov.co/senado/basedoc/constitucion_politica_1991.html
co:cc:c-207:2025,interpreta,co:constitucion:1991:art:214,,,http://www.secretariasenado.gov.co/senado/basedoc/constitucion_politica_1991.html
co:cc:c-216:2025,interpreta,co:constitucion:1991:art:214,,,http://www.secretariasenado.gov.co/senado/basedoc/constitucion_politica_1991.html
co:cc:c-220:2025,interpreta,co:constitucion:1991:art:214,,,http://www.secretariasenado.gov.co/senado/basedoc/constitucion_politica_1991.html
co:cc:c-222:2025,interpreta,co:constitucion:1991:art:214,,,http://www.secretariasenado.gov.co/senado/basedoc/constitucion_politica_1991.html
co:cc:c-250:2025,interpreta,co:constitucion:1991:art:214,,,http://www.secretariasenado.gov.co/senado/basedoc/constitucion_politica_1991.html
co:cc:c-574:1992,interpreta,co:constitucion:1991:art:214,,,http://www.secretariasenado.gov.co/senado/basedoc/constitucion_politica_1991.html
co:cc:c-587:1992,interpreta,co:constitucion:1991:art:214,,,http://www.secretariasenado.gov.co/senado/basedoc/constitucion_politica_1991.html
co:cc:c-018:1993,interpreta,co:constitucion:1991:art:214,,,http://www.secretariasenado.gov.co/senado/basedoc/constitucion_politica_1991.html
co:cc:c-027:1993,interpreta,co:constitucion:1991:art:214,,,http://www.secretariasenado.gov.co/senado/basedoc/constitucion_politica_1991.html
co:cc:c-225:1995,interpreta,co:constitucion:1991:art:214,,,http://www.secretariasenado.gov.co/senado/basedoc/constitucion_politica_1991.html
co:cc:c-291:2007,interpreta,co:constitucion:1991:art:214,,,http://www.secretariasenado.gov.co/senado/basedoc/constitucion_politica_1991.html
co:cc:c-534:2008,interpreta,co:constitucion:1991:art:214,,,http://www.secretariasenado.gov.co/senado/basedoc/constitucion_politica_1991.html
co:cc:c-069:2020,interpreta,co:constitucion:1991:art:214,,,http://www.secretariasenado.gov.co/senado/basedoc/constitucion_politica_1991.html
co:cc:c-034:1993,interpreta,co:constitucion:1991:art:214,,,http://www.secretariasenado.gov.co/senado/basedoc/constitucion_politica_1991.html
co:cc:c-338:1994,interpreta,co:constitucion:1991:art:214,,,http://www.secretariasenado.gov.co/senado/basedoc/constitucion_politica_1991.html
co:cc:c-408:1994,interpreta,co:constitucion:1991:art:214,,,http://www.secretariasenado.gov.co/senado/basedoc/constitucion_politica_1991.html
co:cc:c-032:1993,interpreta,co:constitucion:1991:art:214,,,http://www.secretariasenado.gov.co/senado/basedoc/constitucion_politica_1991.html
co:cc:c-004:1992,interpreta,co:constitucion:1991:art:214,,,http://www.secretariasenado.gov.co/senado/basedoc/constitucion_politica_1991.html
co:cc:c-541:1992,interpreta,co:constitucion:1991:art:214,,,http://www.secretariasenado.gov.co/senado/basedoc/constitucion_politica_1991.html
co:cc:c-556:1992,interpreta,co:constitucion:1991:art:214,,,http://www.secretariasenado.gov.co/senado/basedoc/constitucion_politica_1991.html
co:cc:c-557:1992,interpreta,co:constitucion:1991:art:214,,,http://www.secretariasenado.gov.co/senado/basedoc/constitucion_politica_1991.html
co:cc:c-579:1992,interpreta,co:constitucion:1991:art:214,,,http://www.secretariasenado.gov.co/senado/basedoc/constitucion_politica_1991.html
co:cc:c-300:1994,interpreta,co:constitucion:1991:art:214,,,http://www.secretariasenado.gov.co/senado/basedoc/constitucion_politica_1991.html
co:cc:c-366:1994,interpreta,co:constitucion:1991:art:214,,,http://www.secretariasenado.gov.co/senado/basedoc/constitucion_politica_1991.html
co:cc:c-466:1995,interpreta,co:constitucion:1991:art:214,,,http://www.secretariasenado.gov.co/senado/basedoc/constitucion_politica_1991.html
co:cc:c-027:1996,interpreta,co:constitucion:1991:art:214,,,http://www.secretariasenado.gov.co/senado/basedoc/constitucion_politica_1991.html
co:cc:c-122:1997,interpreta,co:constitucion:1991:art:214,,,http://www.secretariasenado.gov.co/senado/basedoc/constitucion_politica_1991.html
co:cc:c-063:2003,interpreta,co:constitucion:1991:art:214,,,http://www.secretariasenado.gov.co/senado/basedoc/constitucion_politica_1991.html
co:cc:c-067:2000,interpreta,co:constitucion:1991:art:214,,,http://www.secretariasenado.gov.co/senado/basedoc/constitucion_politica_1991.html
co:cc:c-802:2002,interpreta,co:constitucion:1991:art:214,,,http://www.secretariasenado.gov.co/senado/basedoc/constitucion_politica_1991.html
co:cc:c-122:2003,interpreta,co:constitucion:1991:art:214,,,http://www.secretariasenado.gov.co/senado/basedoc/constitucion_politica_1991.html
co:cc:c-148:2003,interpreta,co:constitucion:1991:art:214,,,http://www.secretariasenado.gov.co/senado/basedoc/constitucion_politica_1991.html
co:cc:c-327:2003,interpreta,co:constitucion:1991:art:214,,,http://www.secretariasenado.gov.co/senado/basedoc/constitucion_politica_1991.html
co:cc:c-070:2009,interpreta,co:constitucion:1991:art:214,,,http://www.secretariasenado.gov.co/senado/basedoc/constitucion_politica_1991.html
co:cc:c-004:1992,interpreta,co:constitucion:1991:art:215,,,http://www.secretariasenado.gov.co/senado/basedoc/constitucion_politica_1991.html
co:cc:c-005:1992,interpreta,co:constitucion:1991:art:215,,,http://www.secretariasenado.gov.co/senado/basedoc/constitucion_politica_1991.html
co:cc:c-221:1992,interpreta,co:constitucion:1991:art:215,,,http://www.secretariasenado.gov.co/senado/basedoc/constitucion_politica_1991.html
co:cc:c-447:1992,interpreta,co:constitucion:1991:art:215,,,http://www.secretariasenado.gov.co/senado/basedoc/constitucion_politica_1991.html
co:cc:c-448:1992,interpreta,co:constitucion:1991:art:215,,,http://www.secretariasenado.gov.co/senado/basedoc/constitucion_politica_1991.html
co:cc:c-478:1992,interpreta,co:constitucion:1991:art:215,,,http://www.secretariasenado.gov.co/senado/basedoc/constitucion_politica_1991.html
co:cc:c-479:1992,interpreta,co:constitucion:1991:art:215,,,http://www.secretariasenado.gov.co/senado/basedoc/constitucion_politica_1991.html
co:cc:c-510:1992,interpreta,co:constitucion:1991:art:215,,,http://www.secretariasenado.gov.co/senado/basedoc/constitucion_politica_1991.html
co:cc:c-179:1994,interpreta,co:constitucion:1991:art:215,,,http://www.secretariasenado.gov.co/senado/basedoc/constitucion_politica_1991.html
co:cc:c-802:2002,interpreta,co:constitucion:1991:art:215,,,http://www.secretariasenado.gov.co/senado/basedoc/constitucion_politica_1991.html
co:cc:c-939:2002,interpreta,co:constitucion:1991:art:215,,,http://www.secretariasenado.gov.co/senado/basedoc/constitucion_politica_1991.html
co:cc:c-102:2003,interpreta,co:constitucion:1991:art:215,,,http://www.secretariasenado.gov.co/senado/basedoc/constitucion_politica_1991.html
co:cc:c-327:2003,interpreta,co:constitucion:1991:art:215,,,http://www.secretariasenado.gov.co/senado/basedoc/constitucion_politica_1991.html
co:cc:c-450:2003,interpreta,co:constitucion:1991:art:215,,,http://www.secretariasenado.gov.co/senado/basedoc/constitucion_politica_1991.html
co:cc:c-902:2003,interpreta,co:constitucion:1991:art:215,,,http://www.secretariasenado.gov.co/senado/basedoc/constitucion_politica_1991.html
co:cc:c-146:2008,interpreta,co:constitucion:1991:art:215,,,http://www.secretariasenado.gov.co/senado/basedoc/constitucion_politica_1991.html
co:cc:c-135:2009,interpreta,co:constitucion:1991:art:215,,,http://www.secretariasenado.gov.co/senado/basedoc/constitucion_politica_1991.html
co:cc:c-136:2009,interpreta,co:constitucion:1991:art:215,,,http://www.secretariasenado.gov.co/senado/basedoc/constitucion_politica_1991.html
co:cc:c-146:2009,interpreta,co:constitucion:1991:art:215,,,http://www.secretariasenado.gov.co/senado/basedoc/constitucion_politica_1991.html
co:cc:c-224:2009,interpreta,co:constitucion:1991:art:215,,,http://www.secretariasenado.gov.co/senado/basedoc/constitucion_politica_1991.html
co:cc:c-225:2009,interpreta,co:constitucion:1991:art:215,,,http://www.secretariasenado.gov.co/senado/basedoc/constitucion_politica_1991.html
co:cc:c-226:2009,interpreta,co:constitucion:1991:art:215,,,http://www.secretariasenado.gov.co/senado/basedoc/constitucion_politica_1991.html
co:cc:c-254:2009,interpreta,co:constitucion:1991:art:215,,,http://www.secretariasenado.gov.co/senado/basedoc/constitucion_politica_1991.html
co:cc:c-252:2010,interpreta,co:constitucion:1991:art:215,,,http://www.secretariasenado.gov.co/senado/basedoc/constitucion_politica_1991.html
co:cc:c-843:2010,interpreta,co:constitucion:1991:art:215,,,http://www.secretariasenado.gov.co/senado/basedoc/constitucion_politica_1991.html
co:cc:c-156:2011,interpreta,co:constitucion:1991:art:215,,,http://www.secretariasenado.gov.co/senado/basedoc/constitucion_politica_1991.html
co:cc:c-216:2011,interpreta,co:constitucion:1991:art:215,,,http://www.secretariasenado.gov.co/senado/basedoc/constitucion_politica_1991.html
co:cc:c-217:2011,interpreta,co:constitucion:1991:art:215,,,http://www.secretariasenado.gov.co/senado/basedoc/constitucion_politica_1991.html
co:cc:c-670:2015,interpreta,co:constitucion:1991:art:215,,,http://www.secretariasenado.gov.co/senado/basedoc/constitucion_politica_1991.html
co:cc:c-722:2015,interpreta,co:constitucion:1991:art:215,,,http://www.secretariasenado.gov.co/senado/basedoc/constitucion_politica_1991.html
co:cc:c-753:2015,interpreta,co:constitucion:1991:art:215,,,http://www.secretariasenado.gov.co/senado/basedoc/constitucion_politica_1991.html
co:cc:c-386:2017,interpreta,co:constitucion:1991:art:215,,,http://www.secretariasenado.gov.co/senado/basedoc/constitucion_politica_1991.html
co:cc:c-145:2020,interpreta,co:constitucion:1991:art:215,,,http://www.secretariasenado.gov.co/senado/basedoc/constitucion_politica_1991.html
co:cc:c-256:2020,interpreta,co:constitucion:1991:art:215,,,http://www.secretariasenado.gov.co/senado/basedoc/constitucion_politica_1991.html
co:cc:c-258:2020,interpreta,co:constitucion:1991:art:215,,,http://www.secretariasenado.gov.co/senado/basedoc/constitucion_politica_1991.html
co:cc:c-383:2020,interpreta,co:constitucion:1991:art:215,,,http://www.secretariasenado.gov.co/senado/basedoc/constitucion_politica_1991.html
co:cc:c-397:2020,interpreta,co:constitucion:1991:art:215,,,http://www.secretariasenado.gov.co/senado/basedoc/constitucion_politica_1991.html
co:cc:c-007:1993,interpreta,co:constitucion:1991:art:216,,,http://www.secretariasenado.gov.co/senado/basedoc/constitucion_politica_1991.html
co:cc:c-027:1993,interpreta,co:constitucion:1991:art:216,,,http://www.secretariasenado.gov.co/senado/basedoc/constitucion_politica_1991.html
co:cc:c-031:1993,interpreta,co:constitucion:1991:art:216,,,http://www.secretariasenado.gov.co/senado/basedoc/constitucion_politica_1991.html
co:cc:c-034:1993,interpreta,co:constitucion:1991:art:216,,,http://www.secretariasenado.gov.co/senado/basedoc/constitucion_politica_1991.html
co:cc:c-077:1993,interpreta,co:constitucion:1991:art:216,,,http://www.secretariasenado.gov.co/senado/basedoc/constitucion_politica_1991.html
co:cc:c-404:2003,interpreta,co:constitucion:1991:art:216,,,http://www.secretariasenado.gov.co/senado/basedoc/constitucion_politica_1991.html
co:cc:c-753:2008,interpreta,co:constitucion:1991:art:216,,,http://www.secretariasenado.gov.co/senado/basedoc/constitucion_politica_1991.html
co:cc:c-879:2011,interpreta,co:constitucion:1991:art:216,,,http://www.secretariasenado.gov.co/senado/basedoc/constitucion_politica_1991.html
co:cc:c-082:2018,interpreta,co:constitucion:1991:art:216,,,http://www.secretariasenado.gov.co/senado/basedoc/constitucion_politica_1991.html
co:cc:c-277:2019,interpreta,co:constitucion:1991:art:216,,,http://www.secretariasenado.gov.co/senado/basedoc/constitucion_politica_1991.html
co:acto-legislativo:2:2024:art:1,modifica,co:constitucion:1991:art:217,2024-11-08,la fuente marca INEXEQUIBLE sobre esta reforma — verificar si surtió efecto,http://www.secretariasenado.gov.co/senado/basedoc/constitucion_politica_1991.html
co:cc:c-007:1993,interpreta,co:constitucion:1991:art:217,,,http://www.secretariasenado.gov.co/senado/basedoc/constitucion_politica_1991.html
co:cc:c-027:1993,interpreta,co:constitucion:1991:art:217,,,http://www.secretariasenado.gov.co/senado/basedoc/constitucion_politica_1991.html
co:cc:c-031:1993,interpreta,co:constitucion:1991:art:217,,,http://www.secretariasenado.gov.co/senado/basedoc/constitucion_politica_1991.html
co:cc:c-034:1993,interpreta,co:constitucion:1991:art:217,,,http://www.secretariasenado.gov.co/senado/basedoc/constitucion_politica_1991.html
co:cc:c-098:1993,interpreta,co:constitucion:1991:art:217,,,http://www.secretariasenado.gov.co/senado/basedoc/constitucion_politica_1991.html
co:cc:c-127:1993,interpreta,co:constitucion:1991:art:217,,,http://www.secretariasenado.gov.co/senado/basedoc/constitucion_politica_1991.html
co:cc:c-152:1993,interpreta,co:constitucion:1991:art:217,,,http://www.secretariasenado.gov.co/senado/basedoc/constitucion_politica_1991.html
co:cc:c-155:1993,interpreta,co:constitucion:1991:art:217,,,http://www.secretariasenado.gov.co/senado/basedoc/constitucion_politica_1991.html
co:cc:c-525:1995,interpreta,co:constitucion:1991:art:217,,,http://www.secretariasenado.gov.co/senado/basedoc/constitucion_politica_1991.html
co:cc:c-101:2003,interpreta,co:constitucion:1991:art:217,,,http://www.secretariasenado.gov.co/senado/basedoc/constitucion_politica_1991.html
co:cc:c-970:2003,interpreta,co:constitucion:1991:art:217,,,http://www.secretariasenado.gov.co/senado/basedoc/constitucion_politica_1991.html
co:cc:c-251:2004,interpreta,co:constitucion:1991:art:217,,,http://www.secretariasenado.gov.co/senado/basedoc/constitucion_politica_1991.html
co:cc:c-432:2004,interpreta,co:constitucion:1991:art:217,,,http://www.secretariasenado.gov.co/senado/basedoc/constitucion_politica_1991.html
co:cc:c-179:2006,interpreta,co:constitucion:1991:art:217,,,http://www.secretariasenado.gov.co/senado/basedoc/constitucion_politica_1991.html
co:cc:c-753:2008,interpreta,co:constitucion:1991:art:217,,,http://www.secretariasenado.gov.co/senado/basedoc/constitucion_politica_1991.html
co:cc:c-901:2008,interpreta,co:constitucion:1991:art:217,,,http://www.secretariasenado.gov.co/senado/basedoc/constitucion_politica_1991.html
co:cc:c-1184:2008,interpreta,co:constitucion:1991:art:217,,,http://www.secretariasenado.gov.co/senado/basedoc/constitucion_politica_1991.html
co:cc:c-430:2019,interpreta,co:constitucion:1991:art:217,,,http://www.secretariasenado.gov.co/senado/basedoc/constitucion_politica_1991.html
co:cc:c-321:2021,interpreta,co:constitucion:1991:art:217,,,http://www.secretariasenado.gov.co/senado/basedoc/constitucion_politica_1991.html
co:cc:c-100:2022,interpreta,co:constitucion:1991:art:217,,,http://www.secretariasenado.gov.co/senado/basedoc/constitucion_politica_1991.html
co:cc:c-080:2024,interpreta,co:constitucion:1991:art:217,,,http://www.secretariasenado.gov.co/senado/basedoc/constitucion_politica_1991.html
co:cc:c-557:1992,interpreta,co:constitucion:1991:art:218,,,http://www.secretariasenado.gov.co/senado/basedoc/constitucion_politica_1991.html
co:cc:c-007:1993,interpreta,co:constitucion:1991:art:218,,,http://www.secretariasenado.gov.co/senado/basedoc/constitucion_politica_1991.html
co:cc:c-031:1993,interpreta,co:constitucion:1991:art:218,,,http://www.secretariasenado.gov.co/senado/basedoc/constitucion_politica_1991.html
co:cc:c-034:1993,interpreta,co:constitucion:1991:art:218,,,http://www.secretariasenado.gov.co/senado/basedoc/constitucion_politica_1991.html
co:cc:c-970:2003,interpreta,co:constitucion:1991:art:218,,,http://www.secretariasenado.gov.co/senado/basedoc/constitucion_politica_1991.html
co:cc:c-251:2004,interpreta,co:constitucion:1991:art:218,,,http://www.secretariasenado.gov.co/senado/basedoc/constitucion_politica_1991.html
co:cc:c-381:2005,interpreta,co:constitucion:1991:art:218,,,http://www.secretariasenado.gov.co/senado/basedoc/constitucion_politica_1991.html
co:cc:c-819:2006,interpreta,co:constitucion:1991:art:218,,,http://www.secretariasenado.gov.co/senado/basedoc/constitucion_politica_1991.html
co:cc:c-753:2008,interpreta,co:constitucion:1991:art:218,,,http://www.secretariasenado.gov.co/senado/basedoc/constitucion_politica_1991.html
co:cc:c-901:2008,interpreta,co:constitucion:1991:art:218,,,http://www.secretariasenado.gov.co/senado/basedoc/constitucion_politica_1991.html
co:cc:c-128:2018,interpreta,co:constitucion:1991:art:218,,,http://www.secretariasenado.gov.co/senado/basedoc/constitucion_politica_1991.html
co:cc:c-027:1993,interpreta,co:constitucion:1991:art:219,,,http://www.secretariasenado.gov.co/senado/basedoc/constitucion_politica_1991.html
co:cc:c-034:1993,interpreta,co:constitucion:1991:art:219,,,http://www.secretariasenado.gov.co/senado/basedoc/constitucion_politica_1991.html
co:cc:c-112:1993,interpreta,co:constitucion:1991:art:219,,,http://www.secretariasenado.gov.co/senado/basedoc/constitucion_politica_1991.html
co:cc:c-431:2004,interpreta,co:constitucion:1991:art:219,,,http://www.secretariasenado.gov.co/senado/basedoc/constitucion_politica_1991.html
co:cc:c-453:1994,interpreta,co:constitucion:1991:art:220,,,http://www.secretariasenado.gov.co/senado/basedoc/constitucion_politica_1991.html
co:cc:c-432:2004,interpreta,co:constitucion:1991:art:220,,,http://www.secretariasenado.gov.co/senado/basedoc/constitucion_politica_1991.html
co:cc:c-084:2016,declara_exequible,co:constitucion:1991:art:221,2016-02-24,,http://www.secretariasenado.gov.co/senado/basedoc/constitucion_politica_1991.html
co:acto-legislativo:1:2015:art:1,modifica,co:constitucion:1991:art:221,2015-06-25,,http://www.secretariasenado.gov.co/senado/basedoc/constitucion_politica_1991.html
co:acto-legislativo:2:2012:art:3,modifica,co:constitucion:1991:art:221,2012-12-28,la fuente marca INEXEQUIBLE sobre esta reforma — verificar si surtió efecto,http://www.secretariasenado.gov.co/senado/basedoc/constitucion_politica_1991.html
co:acto-legislativo:2:1995:art:1,modifica,co:constitucion:1991:art:221,1995-12-31,fecha aproximada: la fuente solo da el año,http://www.secretariasenado.gov.co/senado/basedoc/constitucion_politica_1991.html
co:cc:c-007:1993,interpreta,co:constitucion:1991:art:221,,,http://www.secretariasenado.gov.co/senado/basedoc/constitucion_politica_1991.html
co:cc:c-055:1993,interpreta,co:constitucion:1991:art:221,,,http://www.secretariasenado.gov.co/senado/basedoc/constitucion_politica_1991.html
co:cc:c-093:1993,interpreta,co:constitucion:1991:art:221,,,http://www.secretariasenado.gov.co/senado/basedoc/constitucion_politica_1991.html
co:cc:c-152:1993,interpreta,co:constitucion:1991:art:221,,,http://www.secretariasenado.gov.co/senado/basedoc/constitucion_politica_1991.html
co:cc:c-226:1993,interpreta,co:constitucion:1991:art:221,,,http://www.secretariasenado.gov.co/senado/basedoc/constitucion_politica_1991.html
co:cc:c-592:1993,interpreta,co:constitucion:1991:art:221,,,http://www.secretariasenado.gov.co/senado/basedoc/constitucion_politica_1991.html
co:cc:c-240:1994,interpreta,co:constitucion:1991:art:221,,,http://www.secretariasenado.gov.co/senado/basedoc/constitucion_politica_1991.html
co:cc:c-141:1995,interpreta,co:constitucion:1991:art:221,,,http://www.secretariasenado.gov.co/senado/basedoc/constitucion_politica_1991.html
co:cc:c-399:1995,interpreta,co:constitucion:1991:art:221,,,http://www.secretariasenado.gov.co/senado/basedoc/constitucion_politica_1991.html
co:cc:c-563:1995,interpreta,co:constitucion:1991:art:221,,,http://www.secretariasenado.gov.co/senado/basedoc/constitucion_politica_1991.html
co:cc:c-047:1996,interpreta,co:constitucion:1991:art:221,,,http://www.secretariasenado.gov.co/senado/basedoc/constitucion_politica_1991.html
co:cc:c-196:1997,interpreta,co:constitucion:1991:art:221,,,http://www.secretariasenado.gov.co/senado/basedoc/constitucion_politica_1991.html
co:cc:c-358:1997,interpreta,co:constitucion:1991:art:221,,,http://www.secretariasenado.gov.co/senado/basedoc/constitucion_politica_1991.html
co:cc:c-561:1997,interpreta,co:constitucion:1991:art:221,,,http://www.secretariasenado.gov.co/senado/basedoc/constitucion_politica_1991.html
co:cc:c-146:1998,interpreta,co:constitucion:1991:art:221,,,http://www.secretariasenado.gov.co/senado/basedoc/constitucion_politica_1991.html
co:cc:c-445:1998,interpreta,co:constitucion:1991:art:221,,,http://www.secretariasenado.gov.co/senado/basedoc/constitucion_politica_1991.html
co:cc:c-368:1999,interpreta,co:constitucion:1991:art:221,,,http://www.secretariasenado.gov.co/senado/basedoc/constitucion_politica_1991.html
co:cc:c-476:1999,interpreta,co:constitucion:1991:art:221,,,http://www.secretariasenado.gov.co/senado/basedoc/constitucion_politica_1991.html
co:cc:c-089:2000,interpreta,co:constitucion:1991:art:221,,,http://www.secretariasenado.gov.co/senado/basedoc/constitucion_politica_1991.html
co:cc:c-368:2000,interpreta,co:constitucion:1991:art:221,,,http://www.secretariasenado.gov.co/senado/basedoc/constitucion_politica_1991.html
co:cc:c-878:2000,interpreta,co:constitucion:1991:art:221,,,http://www.secretariasenado.gov.co/senado/basedoc/constitucion_politica_1991.html
co:cc:c-713:2001,interpreta,co:constitucion:1991:art:221,,,http://www.secretariasenado.gov.co/senado/basedoc/constitucion_politica_1991.html
co:cc:c-740:2001,interpreta,co:constitucion:1991:art:221,,,http://www.secretariasenado.gov.co/senado/basedoc/constitucion_politica_1991.html
co:cc:c-178:2002,interpreta,co:constitucion:1991:art:221,,,http://www.secretariasenado.gov.co/senado/basedoc/constitucion_politica_1991.html
co:cc:c-228:2002,interpreta,co:constitucion:1991:art:221,,,http://www.secretariasenado.gov.co/senado/basedoc/constitucion_politica_1991.html
co:cc:c-251:2002,interpreta,co:constitucion:1991:art:221,,,http://www.secretariasenado.gov.co/senado/basedoc/constitucion_politica_1991.html
co:cc:c-286:2002,interpreta,co:constitucion:1991:art:221,,,http://www.secretariasenado.gov.co/senado/basedoc/constitucion_politica_1991.html
co:cc:c-457:2002,interpreta,co:constitucion:1991:art:221,,,http://www.secretariasenado.gov.co/senado/basedoc/constitucion_politica_1991.html
co:cc:c-709:2002,interpreta,co:constitucion:1991:art:221,,,http://www.secretariasenado.gov.co/senado/basedoc/constitucion_politica_1991.html
co:cc:c-710:2002,interpreta,co:constitucion:1991:art:221,,,http://www.secretariasenado.gov.co/senado/basedoc/constitucion_politica_1991.html
co:cc:c-756:2002,interpreta,co:constitucion:1991:art:221,,,http://www.secretariasenado.gov.co/senado/basedoc/constitucion_politica_1991.html
co:cc:c-802:2002,interpreta,co:constitucion:1991:art:221,,,http://www.secretariasenado.gov.co/senado/basedoc/constitucion_politica_1991.html
co:cc:c-980:2002,interpreta,co:constitucion:1991:art:221,,,http://www.secretariasenado.gov.co/senado/basedoc/constitucion_politica_1991.html
co:cc:c-160:2003,interpreta,co:constitucion:1991:art:221,,,http://www.secretariasenado.gov.co/senado/basedoc/constitucion_politica_1991.html
co:cc:c-182:2003,interpreta,co:constitucion:1991:art:221,,,http://www.secretariasenado.gov.co/senado/basedoc/constitucion_politica_1991.html
co:cc:c-209:2003,interpreta,co:constitucion:1991:art:221,,,http://www.secretariasenado.gov.co/senado/basedoc/constitucion_politica_1991.html
co:cc:c-228:2003,interpreta,co:constitucion:1991:art:221,,,http://www.secretariasenado.gov.co/senado/basedoc/constitucion_politica_1991.html
co:cc:c-234:2003,interpreta,co:constitucion:1991:art:221,,,http://www.secretariasenado.gov.co/senado/basedoc/constitucion_politica_1991.html
co:cc:c-407:2003,interpreta,co:constitucion:1991:art:221,,,http://www.secretariasenado.gov.co/senado/basedoc/constitucion_politica_1991.html
co:cc:c-879:2003,interpreta,co:constitucion:1991:art:221,,,http://www.secretariasenado.gov.co/senado/basedoc/constitucion_politica_1991.html
co:cc:c-892:2003,interpreta,co:constitucion:1991:art:221,,,http://www.secretariasenado.gov.co/senado/basedoc/constitucion_politica_1991.html
co:cc:c-171:2004,interpreta,co:constitucion:1991:art:221,,,http://www.secretariasenado.gov.co/senado/basedoc/constitucion_politica_1991.html
co:cc:c-1002:2005,interpreta,co:constitucion:1991:art:221,,,http://www.secretariasenado.gov.co/senado/basedoc/constitucion_politica_1991.html
co:cc:c-1079:2005,interpreta,co:constitucion:1991:art:221,,,http://www.secretariasenado.gov.co/senado/basedoc/constitucion_politica_1991.html
co:cc:c-1176:2005,interpreta,co:constitucion:1991:art:221,,,http://www.secretariasenado.gov.co/senado/basedoc/constitucion_politica_1991.html
co:cc:c-736:2006,interpreta,co:constitucion:1991:art:221,,,http://www.secretariasenado.gov.co/senado/basedoc/constitucion_politica_1991.html
co:cc:c-291:2007,interpreta,co:constitucion:1991:art:221,,,http://www.secretariasenado.gov.co/senado/basedoc/constitucion_politica_1991.html
co:cc:c-928:2007,interpreta,co:constitucion:1991:art:221,,,http://www.secretariasenado.gov.co/senado/basedoc/constitucion_politica_1991.html
co:cc:c-533:2008,interpreta,co:constitucion:1991:art:221,,,http://www.secretariasenado.gov.co/senado/basedoc/constitucion_politica_1991.html
co:cc:c-1184:2008,interpreta,co:constitucion:1991:art:221,,,http://www.secretariasenado.gov.co/senado/basedoc/constitucion_politica_1991.html
co:cc:c-308:2009,interpreta,co:constitucion:1991:art:221,,,http://www.secretariasenado.gov.co/senado/basedoc/constitucion_politica_1991.html
co:cc:c-469:2009,interpreta,co:constitucion:1991:art:221,,,http://www.secretariasenado.gov.co/senado/basedoc/constitucion_politica_1991.html
co:cc:c-373:2011,interpreta,co:constitucion:1991:art:221,,,http://www.secretariasenado.gov.co/senado/basedoc/constitucion_politica_1991.html
co:cc:c-326:2016,interpreta,co:constitucion:1991:art:221,,,http://www.secretariasenado.gov.co/senado/basedoc/constitucion_politica_1991.html
co:cc:c-372:2016,interpreta,co:constitucion:1991:art:221,,,http://www.secretariasenado.gov.co/senado/basedoc/constitucion_politica_1991.html
co:cc:c-453:1994,interpreta,co:constitucion:1991:art:222,,,http://www.secretariasenado.gov.co/senado/basedoc/constitucion_politica_1991.html
co:cc:c-031:1993,interpreta,co:constitucion:1991:art:223,,,http://www.secretariasenado.gov.co/senado/basedoc/constitucion_politica_1991.html
co:cc:c-077:1993,interpreta,co:constitucion:1991:art:223,,,http://www.secretariasenado.gov.co/senado/basedoc/constitucion_politica_1991.html
co:cc:c-127:1993,interpreta,co:constitucion:1991:art:223,,,http://www.secretariasenado.gov.co/senado/basedoc/constitucion_politica_1991.html
co:cc:c-207:1993,interpreta,co:constitucion:1991:art:223,,,http://www.secretariasenado.gov.co/senado/basedoc/constitucion_politica_1991.html
co:cc:c-214:1993,interpreta,co:constitucion:1991:art:223,,,http://www.secretariasenado.gov.co/senado/basedoc/constitucion_politica_1991.html
co:cc:c-464:1993,interpreta,co:constitucion:1991:art:223,,,http://www.secretariasenado.gov.co/senado/basedoc/constitucion_politica_1991.html
co:cc:c-082:2018,interpreta,co:constitucion:1991:art:223,,,http://www.secretariasenado.gov.co/senado/basedoc/constitucion_politica_1991.html
co:cc:c-562:1992,interpreta,co:constitucion:1991:art:224,,,http://www.secretariasenado.gov.co/senado/basedoc/constitucion_politica_1991.html
co:cc:c-563:1992,interpreta,co:constitucion:1991:art:224,,,http://www.secretariasenado.gov.co/senado/basedoc/constitucion_politica_1991.html
co:cc:c-564:1992,interpreta,co:constitucion:1991:art:224,,,http://www.secretariasenado.gov.co/senado/basedoc/constitucion_politica_1991.html
co:cc:c-574:1992,interpreta,co:constitucion:1991:art:224,,,http://www.secretariasenado.gov.co/senado/basedoc/constitucion_politica_1991.html
co:cc:c-589:1992,interpreta,co:constitucion:1991:art:224,,,http://www.secretariasenado.gov.co/senado/basedoc/constitucion_politica_1991.html
co:cc:c-027:1993,interpreta,co:constitucion:1991:art:224,,,http://www.secretariasenado.gov.co/senado/basedoc/constitucion_politica_1991.html
co:cc:c-037:2004,interpreta,co:constitucion:1991:art:224,,,http://www.secretariasenado.gov.co/senado/basedoc/constitucion_politica_1991.html
co:cc:c-074:2004,interpreta,co:constitucion:1991:art:224,,,http://www.secretariasenado.gov.co/senado/basedoc/constitucion_politica_1991.html
co:cc:c-321:2006,interpreta,co:constitucion:1991:art:224,,,http://www.secretariasenado.gov.co/senado/basedoc/constitucion_politica_1991.html
co:cc:c-132:2014,interpreta,co:constitucion:1991:art:224,,,http://www.secretariasenado.gov.co/senado/basedoc/constitucion_politica_1991.html
co:cc:c-280:2014,interpreta,co:constitucion:1991:art:224,,,http://www.secretariasenado.gov.co/senado/basedoc/constitucion_politica_1991.html
co:cc:c-027:1993,interpreta,co:constitucion:1991:art:225,,,http://www.secretariasenado.gov.co/senado/basedoc/constitucion_politica_1991.html
co:cc:c-477:1992,interpreta,co:constitucion:1991:art:226,,,http://www.secretariasenado.gov.co/senado/basedoc/constitucion_politica_1991.html
co:cc:c-504:1992,interpreta,co:constitucion:1991:art:226,,,http://www.secretariasenado.gov.co/senado/basedoc/constitucion_politica_1991.html
co:cc:c-549:1992,interpreta,co:constitucion:1991:art:226,,,http://www.secretariasenado.gov.co/senado/basedoc/constitucion_politica_1991.html
co:cc:c-562:1992,interpreta,co:constitucion:1991:art:226,,,http://www.secretariasenado.gov.co/senado/basedoc/constitucion_politica_1991.html
co:cc:c-563:1992,interpreta,co:constitucion:1991:art:226,,,http://www.secretariasenado.gov.co/senado/basedoc/constitucion_politica_1991.html
co:cc:c-564:1992,interpreta,co:constitucion:1991:art:226,,,http://www.secretariasenado.gov.co/senado/basedoc/constitucion_politica_1991.html
co:cc:c-574:1992,interpreta,co:constitucion:1991:art:226,,,http://www.secretariasenado.gov.co/senado/basedoc/constitucion_politica_1991.html
co:cc:c-1034:2003,interpreta,co:constitucion:1991:art:226,,,http://www.secretariasenado.gov.co/senado/basedoc/constitucion_politica_1991.html
co:cc:c-1055:2003,interpreta,co:constitucion:1991:art:226,,,http://www.secretariasenado.gov.co/senado/basedoc/constitucion_politica_1991.html
co:cc:c-037:2004,interpreta,co:constitucion:1991:art:226,,,http://www.secretariasenado.gov.co/senado/basedoc/constitucion_politica_1991.html
co:cc:c-129:2004,interpreta,co:constitucion:1991:art:226,,,http://www.secretariasenado.gov.co/senado/basedoc/constitucion_politica_1991.html
co:cc:c-249:2004,interpreta,co:constitucion:1991:art:226,,,http://www.secretariasenado.gov.co/senado/basedoc/constitucion_politica_1991.html
co:cc:c-315:2004,interpreta,co:constitucion:1991:art:226,,,http://www.secretariasenado.gov.co/senado/basedoc/constitucion_politica_1991.html
co:cc:c-150:2005,interpreta,co:constitucion:1991:art:226,,,http://www.secretariasenado.gov.co/senado/basedoc/constitucion_politica_1991.html
co:cc:c-152:2005,interpreta,co:constitucion:1991:art:226,,,http://www.secretariasenado.gov.co/senado/basedoc/constitucion_politica_1991.html
co:cc:c-923:2007,interpreta,co:constitucion:1991:art:226,,,http://www.secretariasenado.gov.co/senado/basedoc/constitucion_politica_1991.html
co:cc:c-926:2007,interpreta,co:constitucion:1991:art:226,,,http://www.secretariasenado.gov.co/senado/basedoc/constitucion_politica_1991.html
co:cc:c-477:1992,interpreta,co:constitucion:1991:art:227,,,http://www.secretariasenado.gov.co/senado/basedoc/constitucion_politica_1991.html
co:cc:c-504:1992,interpreta,co:constitucion:1991:art:227,,,http://www.secretariasenado.gov.co/senado/basedoc/constitucion_politica_1991.html
co:cc:c-563:1992,interpreta,co:constitucion:1991:art:227,,,http://www.secretariasenado.gov.co/senado/basedoc/constitucion_politica_1991.html
co:cc:c-564:1992,interpreta,co:constitucion:1991:art:227,,,http://www.secretariasenado.gov.co/senado/basedoc/constitucion_politica_1991.html
co:cc:c-574:1992,interpreta,co:constitucion:1991:art:227,,,http://www.secretariasenado.gov.co/senado/basedoc/constitucion_politica_1991.html
co:cc:c-589:1992,interpreta,co:constitucion:1991:art:227,,,http://www.secretariasenado.gov.co/senado/basedoc/constitucion_politica_1991.html
co:cc:c-012:2004,interpreta,co:constitucion:1991:art:227,,,http://www.secretariasenado.gov.co/senado/basedoc/constitucion_politica_1991.html
co:cc:c-129:2004,interpreta,co:constitucion:1991:art:227,,,http://www.secretariasenado.gov.co/senado/basedoc/constitucion_politica_1991.html
co:cc:c-502:2007,interpreta,co:constitucion:1991:art:227,,,http://www.secretariasenado.gov.co/senado/basedoc/constitucion_politica_1991.html
co:cc:c-059:2021,interpreta,co:constitucion:1991:art:227,,,http://www.secretariasenado.gov.co/senado/basedoc/constitucion_politica_1991.html
co:cc:c-004:1992,interpreta,co:constitucion:1991:art:228,,,http://www.secretariasenado.gov.co/senado/basedoc/constitucion_politica_1991.html
co:cc:c-416:1992,interpreta,co:constitucion:1991:art:228,,,http://www.secretariasenado.gov.co/senado/basedoc/constitucion_politica_1991.html
co:cc:c-504:1992,interpreta,co:constitucion:1991:art:228,,,http://www.secretariasenado.gov.co/senado/basedoc/constitucion_politica_1991.html
co:cc:c-517:1992,interpreta,co:constitucion:1991:art:228,,,http://www.secretariasenado.gov.co/senado/basedoc/constitucion_politica_1991.html
co:cc:c-541:1992,interpreta,co:constitucion:1991:art:228,,,http://www.secretariasenado.gov.co/senado/basedoc/constitucion_politica_1991.html
co:cc:c-543:1992,interpreta,co:constitucion:1991:art:228,,,http://www.secretariasenado.gov.co/senado/basedoc/constitucion_politica_1991.html
co:cc:c-546:1992,interpreta,co:constitucion:1991:art:228,,,http://www.secretariasenado.gov.co/senado/basedoc/constitucion_politica_1991.html
co:cc:c-557:1992,interpreta,co:constitucion:1991:art:228,,,http://www.secretariasenado.gov.co/senado/basedoc/constitucion_politica_1991.html
co:cc:c-561:1992,interpreta,co:constitucion:1991:art:228,,,http://www.secretariasenado.gov.co/senado/basedoc/constitucion_politica_1991.html
co:cc:c-925:1999,interpreta,co:constitucion:1991:art:228,,,http://www.secretariasenado.gov.co/senado/basedoc/constitucion_politica_1991.html
co:cc:c-646:2002,interpreta,co:constitucion:1991:art:228,,,http://www.secretariasenado.gov.co/senado/basedoc/constitucion_politica_1991.html
co:cc:c-004:2003,interpreta,co:constitucion:1991:art:228,,,http://www.secretariasenado.gov.co/senado/basedoc/constitucion_politica_1991.html
co:cc:c-182:2003,interpreta,co:constitucion:1991:art:228,,,http://www.secretariasenado.gov.co/senado/basedoc/constitucion_politica_1991.html
co:cc:c-407:2003,interpreta,co:constitucion:1991:art:228,,,http://www.secretariasenado.gov.co/senado/basedoc/constitucion_politica_1991.html
co:cc:c-431:2003,interpreta,co:constitucion:1991:art:228,,,http://www.secretariasenado.gov.co/senado/basedoc/constitucion_politica_1991.html
co:cc:c-573:2003,interpreta,co:constitucion:1991:art:228,,,http://www.secretariasenado.gov.co/senado/basedoc/constitucion_politica_1991.html
co:cc:c-968:2003,interpreta,co:constitucion:1991:art:228,,,http://www.secretariasenado.gov.co/senado/basedoc/constitucion_politica_1991.html
co:cc:c-013:2004,interpreta,co:constitucion:1991:art:228,,,http://www.secretariasenado.gov.co/senado/basedoc/constitucion_politica_1991.html
co:cc:c-039:2004,interpreta,co:constitucion:1991:art:228,,,http://www.secretariasenado.gov.co/senado/basedoc/constitucion_politica_1991.html
co:cc:c-103:2004,interpreta,co:constitucion:1991:art:228,,,http://www.secretariasenado.gov.co/senado/basedoc/constitucion_politica_1991.html
co:cc:c-154:2004,interpreta,co:constitucion:1991:art:228,,,http://www.secretariasenado.gov.co/senado/basedoc/constitucion_politica_1991.html
co:cc:c-171:2004,interpreta,co:constitucion:1991:art:228,,,http://www.secretariasenado.gov.co/senado/basedoc/constitucion_politica_1991.html
co:cc:c-460:2004,interpreta,co:constitucion:1991:art:228,,,http://www.secretariasenado.gov.co/senado/basedoc/constitucion_politica_1991.html
co:cc:c-1002:2005,interpreta,co:constitucion:1991:art:228,,,http://www.secretariasenado.gov.co/senado/basedoc/constitucion_politica_1991.html
co:cc:c-123:2006,interpreta,co:constitucion:1991:art:228,,,http://www.secretariasenado.gov.co/senado/basedoc/constitucion_politica_1991.html
co:cc:c-398:2006,interpreta,co:constitucion:1991:art:228,,,http://www.secretariasenado.gov.co/senado/basedoc/constitucion_politica_1991.html
co:cc:c-241:2009,interpreta,co:constitucion:1991:art:228,,,http://www.secretariasenado.gov.co/senado/basedoc/constitucion_politica_1991.html
co:cc:c-838:2013,interpreta,co:constitucion:1991:art:228,,,http://www.secretariasenado.gov.co/senado/basedoc/constitucion_politica_1991.html
co:cc:c-146:2015,interpreta,co:constitucion:1991:art:228,,,http://www.secretariasenado.gov.co/senado/basedoc/constitucion_politica_1991.html
co:cc:c-498:2015,interpreta,co:constitucion:1991:art:228,,,http://www.secretariasenado.gov.co/senado/basedoc/constitucion_politica_1991.html
co:cc:c-232:2016,interpreta,co:constitucion:1991:art:228,,,http://www.secretariasenado.gov.co/senado/basedoc/constitucion_politica_1991.html
co:cc:c-112:2019,interpreta,co:constitucion:1991:art:228,,,http://www.secretariasenado.gov.co/senado/basedoc/constitucion_politica_1991.html
co:cc:c-429:2020,interpreta,co:constitucion:1991:art:228,,,http://www.secretariasenado.gov.co/senado/basedoc/constitucion_politica_1991.html
co:cc:c-478:1992,interpreta,co:constitucion:1991:art:229,,,http://www.secretariasenado.gov.co/senado/basedoc/constitucion_politica_1991.html
co:cc:c-541:1992,interpreta,co:constitucion:1991:art:229,,,http://www.secretariasenado.gov.co/senado/basedoc/constitucion_politica_1991.html
co:cc:c-543:1992,interpreta,co:constitucion:1991:art:229,,,http://www.secretariasenado.gov.co/senado/basedoc/constitucion_politica_1991.html
co:cc:c-544:1992,interpreta,co:constitucion:1991:art:229,,,http://www.secretariasenado.gov.co/senado/basedoc/constitucion_politica_1991.html
co:cc:c-580:1992,interpreta,co:constitucion:1991:art:229,,,http://www.secretariasenado.gov.co/senado/basedoc/constitucion_politica_1991.html
co:cc:c-586:1992,interpreta,co:constitucion:1991:art:229,,,http://www.secretariasenado.gov.co/senado/basedoc/constitucion_politica_1991.html
co:cc:c-599:1992,interpreta,co:constitucion:1991:art:229,,,http://www.secretariasenado.gov.co/senado/basedoc/constitucion_politica_1991.html
co:cc:c-648:2001,interpreta,co:constitucion:1991:art:229,,,http://www.secretariasenado.gov.co/senado/basedoc/constitucion_politica_1991.html
co:cc:c-228:2002,interpreta,co:constitucion:1991:art:229,,,http://www.secretariasenado.gov.co/senado/basedoc/constitucion_politica_1991.html
co:cc:c-1027:2002,interpreta,co:constitucion:1991:art:229,,,http://www.secretariasenado.gov.co/senado/basedoc/constitucion_politica_1991.html
co:cc:c-123:2003,interpreta,co:constitucion:1991:art:229,,,http://www.secretariasenado.gov.co/senado/basedoc/constitucion_politica_1991.html
co:cc:c-181:2003,interpreta,co:constitucion:1991:art:229,,,http://www.secretariasenado.gov.co/senado/basedoc/constitucion_politica_1991.html
co:cc:c-187:2003,interpreta,co:constitucion:1991:art:229,,,http://www.secretariasenado.gov.co/senado/basedoc/constitucion_politica_1991.html
co:cc:c-204:2003,interpreta,co:constitucion:1991:art:229,,,http://www.secretariasenado.gov.co/senado/basedoc/constitucion_politica_1991.html
co:cc:c-207:2003,interpreta,co:constitucion:1991:art:229,,,http://www.secretariasenado.gov.co/senado/basedoc/constitucion_politica_1991.html
co:cc:c-229:2003,interpreta,co:constitucion:1991:art:229,,,http://www.secretariasenado.gov.co/senado/basedoc/constitucion_politica_1991.html
co:cc:c-566:2003,interpreta,co:constitucion:1991:art:229,,,http://www.secretariasenado.gov.co/senado/basedoc/constitucion_politica_1991.html
co:cc:c-567:2003,interpreta,co:constitucion:1991:art:229,,,http://www.secretariasenado.gov.co/senado/basedoc/constitucion_politica_1991.html
co:cc:c-012:2004,interpreta,co:constitucion:1991:art:229,,,http://www.secretariasenado.gov.co/senado/basedoc/constitucion_politica_1991.html
co:cc:c-014:2004,interpreta,co:constitucion:1991:art:229,,,http://www.secretariasenado.gov.co/senado/basedoc/constitucion_politica_1991.html
co:cc:c-039:2004,interpreta,co:constitucion:1991:art:229,,,http://www.secretariasenado.gov.co/senado/basedoc/constitucion_politica_1991.html
co:cc:c-101:2004,interpreta,co:constitucion:1991:art:229,,,http://www.secretariasenado.gov.co/senado/basedoc/constitucion_politica_1991.html
co:cc:c-107:2004,interpreta,co:constitucion:1991:art:229,,,http://www.secretariasenado.gov.co/senado/basedoc/constitucion_politica_1991.html
co:cc:c-122:2004,interpreta,co:constitucion:1991:art:229,,,http://www.secretariasenado.gov.co/senado/basedoc/constitucion_politica_1991.html
co:cc:c-125:2004,interpreta,co:constitucion:1991:art:229,,,http://www.secretariasenado.gov.co/senado/basedoc/constitucion_politica_1991.html
co:cc:c-154:2004,interpreta,co:constitucion:1991:art:229,,,http://www.secretariasenado.gov.co/senado/basedoc/constitucion_politica_1991.html
co:cc:c-379:2004,interpreta,co:constitucion:1991:art:229,,,http://www.secretariasenado.gov.co/senado/basedoc/constitucion_politica_1991.html
co:cc:c-569:2004,interpreta,co:constitucion:1991:art:229,,,http://www.secretariasenado.gov.co/senado/basedoc/constitucion_politica_1991.html
co:cc:c-820:2006,interpreta,co:constitucion:1991:art:229,,,http://www.secretariasenado.gov.co/senado/basedoc/constitucion_politica_1991.html
co:cc:c-117:2008,interpreta,co:constitucion:1991:art:229,,,http://www.secretariasenado.gov.co/senado/basedoc/constitucion_politica_1991.html
co:cc:c-241:2009,interpreta,co:constitucion:1991:art:229,,,http://www.secretariasenado.gov.co/senado/basedoc/constitucion_politica_1991.html
co:cc:c-520:2009,interpreta,co:constitucion:1991:art:229,,,http://www.secretariasenado.gov.co/senado/basedoc/constitucion_politica_1991.html
co:cc:c-283:2017,interpreta,co:constitucion:1991:art:229,,,http://www.secretariasenado.gov.co/senado/basedoc/constitucion_politica_1991.html
co:cc:c-112:2019,interpreta,co:constitucion:1991:art:229,,,http://www.secretariasenado.gov.co/senado/basedoc/constitucion_politica_1991.html
co:cc:c-091:2022,interpreta,co:constitucion:1991:art:229,,,http://www.secretariasenado.gov.co/senado/basedoc/constitucion_politica_1991.html
co:cc:c-416:1992,interpreta,co:constitucion:1991:art:230,,,http://www.secretariasenado.gov.co/senado/basedoc/constitucion_politica_1991.html
co:cc:c-543:1992,interpreta,co:constitucion:1991:art:230,,,http://www.secretariasenado.gov.co/senado/basedoc/constitucion_politica_1991.html
co:cc:c-156:2003,interpreta,co:constitucion:1991:art:230,,,http://www.secretariasenado.gov.co/senado/basedoc/constitucion_politica_1991.html
co:cc:c-182:2003,interpreta,co:constitucion:1991:art:230,,,http://www.secretariasenado.gov.co/senado/basedoc/constitucion_politica_1991.html
co:cc:c-013:2004,interpreta,co:constitucion:1991:art:230,,,http://www.secretariasenado.gov.co/senado/basedoc/constitucion_politica_1991.html
co:cc:c-171:2004,interpreta,co:constitucion:1991:art:230,,,http://www.secretariasenado.gov.co/senado/basedoc/constitucion_politica_1991.html
co:cc:c-1260:2005,interpreta,co:constitucion:1991:art:230,,,http://www.secretariasenado.gov.co/senado/basedoc/constitucion_politica_1991.html
co:cc:c-323:2006,interpreta,co:constitucion:1991:art:230,,,http://www.secretariasenado.gov.co/senado/basedoc/constitucion_politica_1991.html
co:cc:c-471:2006,interpreta,co:constitucion:1991:art:230,,,http://www.secretariasenado.gov.co/senado/basedoc/constitucion_politica_1991.html
co:cc:c-335:2008,interpreta,co:constitucion:1991:art:230,,,http://www.secretariasenado.gov.co/senado/basedoc/constitucion_politica_1991.html
co:cc:c-539:2011,interpreta,co:constitucion:1991:art:230,,,http://www.secretariasenado.gov.co/senado/basedoc/constitucion_politica_1991.html
co:cc:c-634:2011,interpreta,co:constitucion:1991:art:230,,,http://www.secretariasenado.gov.co/senado/basedoc/constitucion_politica_1991.html
co:cc:c-816:2011,interpreta,co:constitucion:1991:art:230,,,http://www.secretariasenado.gov.co/senado/basedoc/constitucion_politica_1991.html
co:cc:c-284:2015,interpreta,co:constitucion:1991:art:230,,,http://www.secretariasenado.gov.co/senado/basedoc/constitucion_politica_1991.html
co:cc:c-621:2015,interpreta,co:constitucion:1991:art:230,,,http://www.secretariasenado.gov.co/senado/basedoc/constitucion_politica_1991.html
co:cc:c-514:2019,interpreta,co:constitucion:1991:art:230,,,http://www.secretariasenado.gov.co/senado/basedoc/constitucion_politica_1991.html
co:acto-legislativo:2:2015:art:11,modifica,co:constitucion:1991:art:231,2015-07-01,,http://www.secretariasenado.gov.co/senado/basedoc/constitucion_politica_1991.html
co:cc:c-029:2018,declara_inexequible_parcial,co:constitucion:1991:art:231,2018-05-02,"- Artículo 11 del Acto Legislativo 2 de 2015 declarado EXEQUIBLE, por los cargos analizados, por la Corte Constitucional mediante Sentencia C-029-18 de 2 de mayo de 2018, Magistrado Ponente Dr. Alberto Rojas Ríos, salvo sobre los apartes declarados INEXEQUIBLES en la C-285-16.",http://www.secretariasenado.gov.co/senado/basedoc/constitucion_politica_1991.html
co:acto-legislativo:2:2015:art:12,modifica,co:constitucion:1991:art:232,2015-07-01,,http://www.secretariasenado.gov.co/senado/basedoc/constitucion_politica_1991.html
co:cc:c-029:2018,declara_exequible,co:constitucion:1991:art:232,2018-05-02,,http://www.secretariasenado.gov.co/senado/basedoc/constitucion_politica_1991.html
co:cc:c-487:1993,interpreta,co:constitucion:1991:art:232,,,http://www.secretariasenado.gov.co/senado/basedoc/constitucion_politica_1991.html
co:cc:c-417:1993,interpreta,co:constitucion:1991:art:233,,,http://www.secretariasenado.gov.co/senado/basedoc/constitucion_politica_1991.html
co:cc:c-351:1995,interpreta,co:constitucion:1991:art:233,,,http://www.secretariasenado.gov.co/senado/basedoc/constitucion_politica_1991.html
co:acto-legislativo:1:2018:art:2,modifica,co:constitucion:1991:art:234,2018-01-18,,http://www.secretariasenado.gov.co/senado/basedoc/constitucion_politica_1991.html
co:cc:c-543:1992,interpreta,co:constitucion:1991:art:234,,,http://www.secretariasenado.gov.co/senado/basedoc/constitucion_politica_1991.html
co:cc:c-142:1993,interpreta,co:constitucion:1991:art:234,,,http://www.secretariasenado.gov.co/senado/basedoc/constitucion_politica_1991.html
co:cc:c-557:2001,interpreta,co:constitucion:1991:art:234,,,http://www.secretariasenado.gov.co/senado/basedoc/constitucion_politica_1991.html
co:cc:c-743:2001,interpreta,co:constitucion:1991:art:234,,,http://www.secretariasenado.gov.co/senado/basedoc/constitucion_politica_1991.html
co:cc:c-1106:2001,interpreta,co:constitucion:1991:art:234,,,http://www.secretariasenado.gov.co/senado/basedoc/constitucion_politica_1991.html
co:cc:c-1255:2001,interpreta,co:constitucion:1991:art:234,,,http://www.secretariasenado.gov.co/senado/basedoc/constitucion_politica_1991.html
co:cc:c-820:2006,interpreta,co:constitucion:1991:art:234,,,http://www.secretariasenado.gov.co/senado/basedoc/constitucion_politica_1991.html
co:cc:c-104:1993,interpreta,co:constitucion:1991:art:235,,,http://www.secretariasenado.gov.co/senado/basedoc/constitucion_politica_1991.html
co:cc:c-142:1993,interpreta,co:constitucion:1991:art:235,,,http://www.secretariasenado.gov.co/senado/basedoc/constitucion_politica_1991.html
co:cc:c-152:1993,interpreta,co:constitucion:1991:art:235,,,http://www.secretariasenado.gov.co/senado/basedoc/constitucion_politica_1991.html
co:cc:c-417:1993,interpreta,co:constitucion:1991:art:235,,,http://www.secretariasenado.gov.co/senado/basedoc/constitucion_politica_1991.html
co:cc:c-934:2006,interpreta,co:constitucion:1991:art:235,,,http://www.secretariasenado.gov.co/senado/basedoc/constitucion_politica_1991.html
co:cc:c-545:2008,interpreta,co:constitucion:1991:art:235,,,http://www.secretariasenado.gov.co/senado/basedoc/constitucion_politica_1991.html
co:cc:c-222:1996,interpreta,co:constitucion:1991:art:235,,,http://www.secretariasenado.gov.co/senado/basedoc/constitucion_politica_1991.html
co:cc:c-472:1994,interpreta,co:constitucion:1991:art:235,,,http://www.secretariasenado.gov.co/senado/basedoc/constitucion_politica_1991.html
co:cc:c-027:1993,interpreta,co:constitucion:1991:art:235,,,http://www.secretariasenado.gov.co/senado/basedoc/constitucion_politica_1991.html
co:cc:c-240:2014,interpreta,co:constitucion:1991:art:235,,,http://www.secretariasenado.gov.co/senado/basedoc/constitucion_politica_1991.html
co:cc:c-548:1994,interpreta,co:constitucion:1991:art:235,,,http://www.secretariasenado.gov.co/senado/basedoc/constitucion_politica_1991.html
co:cc:c-349:2009,interpreta,co:constitucion:1991:art:235,,,http://www.secretariasenado.gov.co/senado/basedoc/constitucion_politica_1991.html
co:acto-legislativo:1:2018:art:3,modifica,co:constitucion:1991:art:235,2018-01-18,,http://www.secretariasenado.gov.co/senado/basedoc/constitucion_politica_1991.html
co:cc:c-029:2018,declara_exequible,co:constitucion:1991:art:235,2018-05-02,,http://www.secretariasenado.gov.co/senado/basedoc/constitucion_politica_1991.html
co:cc:c-820:2006,interpreta,co:constitucion:1991:art:235,,,http://www.secretariasenado.gov.co/senado/basedoc/constitucion_politica_1991.html
co:cc:c-104:1993,interpreta,co:constitucion:1991:art:236,,,http://www.secretariasenado.gov.co/senado/basedoc/constitucion_politica_1991.html
co:cc:c-104:1993,interpreta,co:constitucion:1991:art:237,,,http://www.secretariasenado.gov.co/senado/basedoc/constitucion_politica_1991.html
co:cc:c-226:1993,interpreta,co:constitucion:1991:art:237,,,http://www.secretariasenado.gov.co/senado/basedoc/constitucion_politica_1991.html
co:cc:c-544:1993,interpreta,co:constitucion:1991:art:237,,,http://www.secretariasenado.gov.co/senado/basedoc/constitucion_politica_1991.html
co:cc:c-543:1992,interpreta,co:constitucion:1991:art:237,,,http://www.secretariasenado.gov.co/senado/basedoc/constitucion_politica_1991.html
co:cc:c-003:1993,interpreta,co:constitucion:1991:art:237,,,http://www.secretariasenado.gov.co/senado/basedoc/constitucion_politica_1991.html
co:cc:c-039:1993,interpreta,co:constitucion:1991:art:237,,,http://www.secretariasenado.gov.co/senado/basedoc/constitucion_politica_1991.html
co:cc:c-037:1996,interpreta,co:constitucion:1991:art:237,,,http://www.secretariasenado.gov.co/senado/basedoc/constitucion_politica_1991.html
co:cc:c-560:1999,interpreta,co:constitucion:1991:art:237,,,http://www.secretariasenado.gov.co/senado/basedoc/constitucion_politica_1991.html
co:cc:c-400:2013,interpreta,co:constitucion:1991:art:237,,,http://www.secretariasenado.gov.co/senado/basedoc/constitucion_politica_1991.html
co:cc:c-524:2013,interpreta,co:constitucion:1991:art:237,,,http://www.secretariasenado.gov.co/senado/basedoc/constitucion_politica_1991.html
co:cc:c-060:2023,interpreta,co:constitucion:1991:art:237,,,http://www.secretariasenado.gov.co/senado/basedoc/constitucion_politica_1991.html
co:cc:c-535:2012,interpreta,co:constitucion:1991:art:237,,,http://www.secretariasenado.gov.co/senado/basedoc/constitucion_politica_1991.html
co:cc:c-319:1994,interpreta,co:constitucion:1991:art:237,,,http://www.secretariasenado.gov.co/senado/basedoc/constitucion_politica_1991.html
co:acto-legislativo:1:2009:art:8,adiciona,co:constitucion:1991:art:237,2009-08-31,,http://www.secretariasenado.gov.co/senado/basedoc/constitucion_politica_1991.html
co:cc:c-353:1994,interpreta,co:constitucion:1991:art:237,,,http://www.secretariasenado.gov.co/senado/basedoc/constitucion_politica_1991.html
co:cc:c-513:1994,interpreta,co:constitucion:1991:art:237,,,http://www.secretariasenado.gov.co/senado/basedoc/constitucion_politica_1991.html
co:cc:c-820:2006,interpreta,co:constitucion:1991:art:237,,,http://www.secretariasenado.gov.co/senado/basedoc/constitucion_politica_1991.html
co:cc:c-283:2017,interpreta,co:constitucion:1991:art:237,,,http://www.secretariasenado.gov.co/senado/basedoc/constitucion_politica_1991.html
co:cc:c-031:2023,interpreta,co:constitucion:1991:art:237,,,http://www.secretariasenado.gov.co/senado/basedoc/constitucion_politica_1991.html
co:cc:c-479:1992,interpreta,co:constitucion:1991:art:238,,,http://www.secretariasenado.gov.co/senado/basedoc/constitucion_politica_1991.html
co:cc:c-623:2015,interpreta,co:constitucion:1991:art:238,,,http://www.secretariasenado.gov.co/senado/basedoc/constitucion_politica_1991.html
co:cc:c-025:1993,interpreta,co:constitucion:1991:art:239,,,http://www.secretariasenado.gov.co/senado/basedoc/constitucion_politica_1991.html
co:cc:c-152:2003,interpreta,co:constitucion:1991:art:241,,,http://www.secretariasenado.gov.co/senado/basedoc/constitucion_politica_1991.html
co:cc:c-155:2003,interpreta,co:constitucion:1991:art:241,,,http://www.secretariasenado.gov.co/senado/basedoc/constitucion_politica_1991.html
co:cc:c-156:2003,interpreta,co:constitucion:1991:art:241,,,http://www.secretariasenado.gov.co/senado/basedoc/constitucion_politica_1991.html
co:cc:c-186:2003,interpreta,co:constitucion:1991:art:241,,,http://www.secretariasenado.gov.co/senado/basedoc/constitucion_politica_1991.html
co:cc:c-551:2003,interpreta,co:constitucion:1991:art:241,,,http://www.secretariasenado.gov.co/senado/basedoc/constitucion_politica_1991.html
co:cc:c-1200:2003,interpreta,co:constitucion:1991:art:241,,,http://www.secretariasenado.gov.co/senado/basedoc/constitucion_politica_1991.html
co:cc:c-820:2006,interpreta,co:constitucion:1991:art:241,,,http://www.secretariasenado.gov.co/senado/basedoc/constitucion_politica_1991.html
co:cc:c-664:2013,interpreta,co:constitucion:1991:art:241,,,http://www.secretariasenado.gov.co/senado/basedoc/constitucion_politica_1991.html
co:cc:c-544:1992,interpreta,co:constitucion:1991:art:241,,,http://www.secretariasenado.gov.co/senado/basedoc/constitucion_politica_1991.html
co:cc:c-545:1992,interpreta,co:constitucion:1991:art:241,,,http://www.secretariasenado.gov.co/senado/basedoc/constitucion_politica_1991.html
co:cc:c-562:2000,interpreta,co:constitucion:1991:art:241,,,http://www.secretariasenado.gov.co/senado/basedoc/constitucion_politica_1991.html
co:cc:c-816:2004,interpreta,co:constitucion:1991:art:241,,,http://www.secretariasenado.gov.co/senado/basedoc/constitucion_politica_1991.html
co:cc:c-1041:2005,interpreta,co:constitucion:1991:art:241,,,http://www.secretariasenado.gov.co/senado/basedoc/constitucion_politica_1991.html
co:cc:c-033:2009,interpreta,co:constitucion:1991:art:241,,,http://www.secretariasenado.gov.co/senado/basedoc/constitucion_politica_1991.html
co:cc:c-588:2009,interpreta,co:constitucion:1991:art:241,,,http://www.secretariasenado.gov.co/senado/basedoc/constitucion_politica_1991.html
co:cc:c-040:2010,interpreta,co:constitucion:1991:art:241,,,http://www.secretariasenado.gov.co/senado/basedoc/constitucion_politica_1991.html
co:cc:c-702:2010,interpreta,co:constitucion:1991:art:241,,,http://www.secretariasenado.gov.co/senado/basedoc/constitucion_politica_1991.html
co:cc:c-249:2012,interpreta,co:constitucion:1991:art:241,,,http://www.secretariasenado.gov.co/senado/basedoc/constitucion_politica_1991.html
co:cc:c-474:2013,interpreta,co:constitucion:1991:art:241,,,http://www.secretariasenado.gov.co/senado/basedoc/constitucion_politica_1991.html
co:cc:c-524:2013,interpreta,co:constitucion:1991:art:241,,,http://www.secretariasenado.gov.co/senado/basedoc/constitucion_politica_1991.html
co:cc:c-441:2019,interpreta,co:constitucion:1991:art:241,,,http://www.secretariasenado.gov.co/senado/basedoc/constitucion_politica_1991.html
co:cc:c-546:1992,interpreta,co:constitucion:1991:art:241,,,http://www.secretariasenado.gov.co/senado/basedoc/constitucion_politica_1991.html
co:cc:c-141:2010,interpreta,co:constitucion:1991:art:241,,,http://www.secretariasenado.gov.co/senado/basedoc/constitucion_politica_1991.html
co:cc:c-102:2018,interpreta,co:constitucion:1991:art:241,,,http://www.secretariasenado.gov.co/senado/basedoc/constitucion_politica_1991.html
co:cc:c-221:1997,interpreta,co:constitucion:1991:art:241,,,http://www.secretariasenado.gov.co/senado/basedoc/constitucion_politica_1991.html
co:cc:c-141:2001,interpreta,co:constitucion:1991:art:241,,,http://www.secretariasenado.gov.co/senado/basedoc/constitucion_politica_1991.html
co:cc:c-048:2004,interpreta,co:constitucion:1991:art:241,,,http://www.secretariasenado.gov.co/senado/basedoc/constitucion_politica_1991.html
co:cc:c-073:2004,interpreta,co:constitucion:1991:art:241,,,http://www.secretariasenado.gov.co/senado/basedoc/constitucion_politica_1991.html
co:cc:c-158:2004,interpreta,co:constitucion:1991:art:241,,,http://www.secretariasenado.gov.co/senado/basedoc/constitucion_politica_1991.html
co:cc:c-282:2004,interpreta,co:constitucion:1991:art:241,,,http://www.secretariasenado.gov.co/senado/basedoc/constitucion_politica_1991.html
co:cc:c-283:2004,interpreta,co:constitucion:1991:art:241,,,http://www.secretariasenado.gov.co/senado/basedoc/constitucion_politica_1991.html
co:cc:c-662:2004,interpreta,co:constitucion:1991:art:241,,,http://www.secretariasenado.gov.co/senado/basedoc/constitucion_politica_1991.html
co:cc:c-734:2005,interpreta,co:constitucion:1991:art:241,,,http://www.secretariasenado.gov.co/senado/basedoc/constitucion_politica_1991.html
co:cc:c-416:1992,interpreta,co:constitucion:1991:art:241,,,http://www.secretariasenado.gov.co/senado/basedoc/constitucion_politica_1991.html
co:cc:c-417:1992,interpreta,co:constitucion:1991:art:241,,,http://www.secretariasenado.gov.co/senado/basedoc/constitucion_politica_1991.html
co:cc:c-434:1992,interpreta,co:constitucion:1991:art:241,,,http://www.secretariasenado.gov.co/senado/basedoc/constitucion_politica_1991.html
co:cc:c-435:1992,interpreta,co:constitucion:1991:art:241,,,http://www.secretariasenado.gov.co/senado/basedoc/constitucion_politica_1991.html
co:cc:c-472:1992,interpreta,co:constitucion:1991:art:241,,,http://www.secretariasenado.gov.co/senado/basedoc/constitucion_politica_1991.html
co:cc:c-510:1992,interpreta,co:constitucion:1991:art:241,,,http://www.secretariasenado.gov.co/senado/basedoc/constitucion_politica_1991.html
co:cc:c-511:1992,interpreta,co:constitucion:1991:art:241,,,http://www.secretariasenado.gov.co/senado/basedoc/constitucion_politica_1991.html
co:cc:c-513:1992,interpreta,co:constitucion:1991:art:241,,,http://www.secretariasenado.gov.co/senado/basedoc/constitucion_politica_1991.html
co:cc:c-514:1992,interpreta,co:constitucion:1991:art:241,,,http://www.secretariasenado.gov.co/senado/basedoc/constitucion_politica_1991.html
co:cc:c-007:2003,interpreta,co:constitucion:1991:art:241,,,http://www.secretariasenado.gov.co/senado/basedoc/constitucion_politica_1991.html
co:cc:c-569:2003,interpreta,co:constitucion:1991:art:241,,,http://www.secretariasenado.gov.co/senado/basedoc/constitucion_politica_1991.html
co:cc:c-170:2026,interpreta,co:constitucion:1991:art:241,,,http://www.secretariasenado.gov.co/senado/basedoc/constitucion_politica_1991.html
co:cc:c-004:1992,interpreta,co:constitucion:1991:art:241,,,http://www.secretariasenado.gov.co/senado/basedoc/constitucion_politica_1991.html
co:cc:c-005:1992,interpreta,co:constitucion:1991:art:241,,,http://www.secretariasenado.gov.co/senado/basedoc/constitucion_politica_1991.html
co:cc:c-447:1992,interpreta,co:constitucion:1991:art:241,,,http://www.secretariasenado.gov.co/senado/basedoc/constitucion_politica_1991.html
co:cc:c-448:1992,interpreta,co:constitucion:1991:art:241,,,http://www.secretariasenado.gov.co/senado/basedoc/constitucion_politica_1991.html
co:cc:c-556:1992,interpreta,co:constitucion:1991:art:241,,,http://www.secretariasenado.gov.co/senado/basedoc/constitucion_politica_1991.html
co:cc:c-557:1992,interpreta,co:constitucion:1991:art:241,,,http://www.secretariasenado.gov.co/senado/basedoc/constitucion_politica_1991.html
co:cc:c-579:1992,interpreta,co:constitucion:1991:art:241,,,http://www.secretariasenado.gov.co/senado/basedoc/constitucion_politica_1991.html
co:cc:c-179:1994,interpreta,co:constitucion:1991:art:241,,,http://www.secretariasenado.gov.co/senado/basedoc/constitucion_politica_1991.html
co:cc:c-063:2003,interpreta,co:constitucion:1991:art:241,,,http://www.secretariasenado.gov.co/senado/basedoc/constitucion_politica_1991.html
co:cc:c-057:1993,interpreta,co:constitucion:1991:art:241,,,http://www.secretariasenado.gov.co/senado/basedoc/constitucion_politica_1991.html
co:cc:c-292:2003,interpreta,co:constitucion:1991:art:241,,,http://www.secretariasenado.gov.co/senado/basedoc/constitucion_politica_1991.html
co:cc:c-041:2004,interpreta,co:constitucion:1991:art:241,,,http://www.secretariasenado.gov.co/senado/basedoc/constitucion_politica_1991.html
co:cc:c-068:2004,interpreta,co:constitucion:1991:art:241,,,http://www.secretariasenado.gov.co/senado/basedoc/constitucion_politica_1991.html
co:cc:c-070:2004,interpreta,co:constitucion:1991:art:241,,,http://www.secretariasenado.gov.co/senado/basedoc/constitucion_politica_1991.html
co:cc:c-307:2004,interpreta,co:constitucion:1991:art:241,,,http://www.secretariasenado.gov.co/senado/basedoc/constitucion_politica_1991.html
co:cc:c-433:2004,interpreta,co:constitucion:1991:art:241,,,http://www.secretariasenado.gov.co/senado/basedoc/constitucion_politica_1991.html
co:cc:c-397:2010,interpreta,co:constitucion:1991:art:241,,,http://www.secretariasenado.gov.co/senado/basedoc/constitucion_politica_1991.html
co:cc:c-543:1992,interpreta,co:constitucion:1991:art:241,,,http://www.secretariasenado.gov.co/senado/basedoc/constitucion_politica_1991.html
co:cc:c-018:1993,interpreta,co:constitucion:1991:art:241,,,http://www.secretariasenado.gov.co/senado/basedoc/constitucion_politica_1991.html
co:cc:c-477:1992,interpreta,co:constitucion:1991:art:241,,,http://www.secretariasenado.gov.co/senado/basedoc/constitucion_politica_1991.html
co:cc:c-504:1992,interpreta,co:constitucion:1991:art:241,,,http://www.secretariasenado.gov.co/senado/basedoc/constitucion_politica_1991.html
co:cc:c-562:1992,interpreta,co:constitucion:1991:art:241,,,http://www.secretariasenado.gov.co/senado/basedoc/constitucion_politica_1991.html
co:cc:c-563:1992,interpreta,co:constitucion:1991:art:241,,,http://www.secretariasenado.gov.co/senado/basedoc/constitucion_politica_1991.html
co:cc:c-564:1992,interpreta,co:constitucion:1991:art:241,,,http://www.secretariasenado.gov.co/senado/basedoc/constitucion_politica_1991.html
co:cc:c-574:1992,interpreta,co:constitucion:1991:art:241,,,http://www.secretariasenado.gov.co/senado/basedoc/constitucion_politica_1991.html
co:cc:c-589:1992,interpreta,co:constitucion:1991:art:241,,,http://www.secretariasenado.gov.co/senado/basedoc/constitucion_politica_1991.html
co:cc:c-155:1998,interpreta,co:constitucion:1991:art:241,,,http://www.secretariasenado.gov.co/senado/basedoc/constitucion_politica_1991.html
co:cc:c-256:1998,interpreta,co:constitucion:1991:art:241,,,http://www.secretariasenado.gov.co/senado/basedoc/constitucion_politica_1991.html
co:cc:c-246:1999,interpreta,co:constitucion:1991:art:241,,,http://www.secretariasenado.gov.co/senado/basedoc/constitucion_politica_1991.html
co:cc:c-1490:2000,interpreta,co:constitucion:1991:art:241,,,http://www.secretariasenado.gov.co/senado/basedoc/constitucion_politica_1991.html
co:cc:c-071:2003,interpreta,co:constitucion:1991:art:241,,,http://www.secretariasenado.gov.co/senado/basedoc/constitucion_politica_1991.html
co:cc:c-255:2003,interpreta,co:constitucion:1991:art:241,,,http://www.secretariasenado.gov.co/senado/basedoc/constitucion_politica_1991.html
co:cc:c-318:2003,interpreta,co:constitucion:1991:art:241,,,http://www.secretariasenado.gov.co/senado/basedoc/constitucion_politica_1991.html
co:cc:c-354:2003,interpreta,co:constitucion:1991:art:241,,,http://www.secretariasenado.gov.co/senado/basedoc/constitucion_politica_1991.html
co:cc:c-401:2003,interpreta,co:constitucion:1991:art:241,,,http://www.secretariasenado.gov.co/senado/basedoc/constitucion_politica_1991.html
co:cc:c-961:2003,interpreta,co:constitucion:1991:art:241,,,http://www.secretariasenado.gov.co/senado/basedoc/constitucion_politica_1991.html
co:cc:c-962:2003,interpreta,co:constitucion:1991:art:241,,,http://www.secretariasenado.gov.co/senado/basedoc/constitucion_politica_1991.html
co:cc:c-012:2004,interpreta,co:constitucion:1991:art:241,,,http://www.secretariasenado.gov.co/senado/basedoc/constitucion_politica_1991.html
co:cc:c-037:2004,interpreta,co:constitucion:1991:art:241,,,http://www.secretariasenado.gov.co/senado/basedoc/constitucion_politica_1991.html
co:cc:c-120:2004,interpreta,co:constitucion:1991:art:241,,,http://www.secretariasenado.gov.co/senado/basedoc/constitucion_politica_1991.html
co:cc:c-172:2004,interpreta,co:constitucion:1991:art:241,,,http://www.secretariasenado.gov.co/senado/basedoc/constitucion_politica_1991.html
co:cc:c-278:2004,interpreta,co:constitucion:1991:art:241,,,http://www.secretariasenado.gov.co/senado/basedoc/constitucion_politica_1991.html
co:cc:c-279:2004,interpreta,co:constitucion:1991:art:241,,,http://www.secretariasenado.gov.co/senado/basedoc/constitucion_politica_1991.html
co:cc:c-280:2004,interpreta,co:constitucion:1991:art:241,,,http://www.secretariasenado.gov.co/senado/basedoc/constitucion_politica_1991.html
co:cc:c-309:2004,interpreta,co:constitucion:1991:art:241,,,http://www.secretariasenado.gov.co/senado/basedoc/constitucion_politica_1991.html
co:cc:c-315:2004,interpreta,co:constitucion:1991:art:241,,,http://www.secretariasenado.gov.co/senado/basedoc/constitucion_politica_1991.html
co:cc:c-347:2004,interpreta,co:constitucion:1991:art:241,,,http://www.secretariasenado.gov.co/senado/basedoc/constitucion_politica_1991.html
co:cc:c-533:2004,interpreta,co:constitucion:1991:art:241,,,http://www.secretariasenado.gov.co/senado/basedoc/constitucion_politica_1991.html
co:cc:c-534:2004,interpreta,co:constitucion:1991:art:241,,,http://www.secretariasenado.gov.co/senado/basedoc/constitucion_politica_1991.html
co:cc:c-557:2004,interpreta,co:constitucion:1991:art:241,,,http://www.secretariasenado.gov.co/senado/basedoc/constitucion_politica_1991.html
co:cc:c-649:2006,interpreta,co:constitucion:1991:art:241,,,http://www.secretariasenado.gov.co/senado/basedoc/constitucion_politica_1991.html
co:cc:c-280:2014,interpreta,co:constitucion:1991:art:241,,,http://www.secretariasenado.gov.co/senado/basedoc/constitucion_politica_1991.html
co:cc:c-187:2019,interpreta,co:constitucion:1991:art:241,,,http://www.secretariasenado.gov.co/senado/basedoc/constitucion_politica_1991.html
co:cc:c-234:2019,interpreta,co:constitucion:1991:art:241,,,http://www.secretariasenado.gov.co/senado/basedoc/constitucion_politica_1991.html
co:cc:c-346:2022,interpreta,co:constitucion:1991:art:241,,,http://www.secretariasenado.gov.co/senado/basedoc/constitucion_politica_1991.html
co:cc:c-115:2024,interpreta,co:constitucion:1991:art:241,,,http://www.secretariasenado.gov.co/senado/basedoc/constitucion_politica_1991.html
co:acto-legislativo:2:2015:art:14,adiciona,co:constitucion:1991:art:241,2015-07-01,,http://www.secretariasenado.gov.co/senado/basedoc/constitucion_politica_1991.html
co:cc:c-029:2018,declara_exequible,co:constitucion:1991:art:241,2018-05-02,,http://www.secretariasenado.gov.co/senado/basedoc/constitucion_politica_1991.html
co:cc:c-600:1992,interpreta,co:constitucion:1991:art:241,,,http://www.secretariasenado.gov.co/senado/basedoc/constitucion_politica_1991.html
co:cc:c-607:1992,interpreta,co:constitucion:1991:art:241,,,http://www.secretariasenado.gov.co/senado/basedoc/constitucion_politica_1991.html
co:cc:c-1142:2008,interpreta,co:constitucion:1991:art:241,,,http://www.secretariasenado.gov.co/senado/basedoc/constitucion_politica_1991.html
co:cc:c-685:2011,interpreta,co:constitucion:1991:art:241,,,http://www.secretariasenado.gov.co/senado/basedoc/constitucion_politica_1991.html
co:cc:c-634:2015,interpreta,co:constitucion:1991:art:241,,,http://www.secretariasenado.gov.co/senado/basedoc/constitucion_politica_1991.html
co:cc:c-105:1993,interpreta,co:constitucion:1991:art:242,,,http://www.secretariasenado.gov.co/senado/basedoc/constitucion_politica_1991.html
co:cc:c-534:2000,interpreta,co:constitucion:1991:art:242,,,http://www.secretariasenado.gov.co/senado/basedoc/constitucion_politica_1991.html
co:cc:c-323:2006,interpreta,co:constitucion:1991:art:242,,,http://www.secretariasenado.gov.co/senado/basedoc/constitucion_politica_1991.html
co:cc:c-174:2017,interpreta,co:constitucion:1991:art:242,,,http://www.secretariasenado.gov.co/senado/basedoc/constitucion_politica_1991.html
co:cc:c-492:2017,interpreta,co:constitucion:1991:art:242,,,http://www.secretariasenado.gov.co/senado/basedoc/constitucion_politica_1991.html
co:cc:c-132:1993,interpreta,co:constitucion:1991:art:242,,,http://www.secretariasenado.gov.co/senado/basedoc/constitucion_politica_1991.html
co:cc:c-465:1992,interpreta,co:constitucion:1991:art:242,,,http://www.secretariasenado.gov.co/senado/basedoc/constitucion_politica_1991.html
co:cc:c-026:1993,interpreta,co:constitucion:1991:art:242,,,http://www.secretariasenado.gov.co/senado/basedoc/constitucion_politica_1991.html
co:cc:c-035:2003,interpreta,co:constitucion:1991:art:242,,,http://www.secretariasenado.gov.co/senado/basedoc/constitucion_politica_1991.html
co:cc:c-666:2005,interpreta,co:constitucion:1991:art:242,,,http://www.secretariasenado.gov.co/senado/basedoc/constitucion_politica_1991.html
co:cc:c-734:2005,interpreta,co:constitucion:1991:art:242,,,http://www.secretariasenado.gov.co/senado/basedoc/constitucion_politica_1991.html
co:cc:c-926:2006,interpreta,co:constitucion:1991:art:242,,,http://www.secretariasenado.gov.co/senado/basedoc/constitucion_politica_1991.html
co:cc:c-102:2011,interpreta,co:constitucion:1991:art:242,,,http://www.secretariasenado.gov.co/senado/basedoc/constitucion_politica_1991.html
co:cc:c-641:2012,interpreta,co:constitucion:1991:art:242,,,http://www.secretariasenado.gov.co/senado/basedoc/constitucion_politica_1991.html
co:cc:c-473:2013,interpreta,co:constitucion:1991:art:242,,,http://www.secretariasenado.gov.co/senado/basedoc/constitucion_politica_1991.html
co:cc:c-235:2014,interpreta,co:constitucion:1991:art:242,,,http://www.secretariasenado.gov.co/senado/basedoc/constitucion_politica_1991.html
co:cc:c-137:2018,interpreta,co:constitucion:1991:art:242,,,http://www.secretariasenado.gov.co/senado/basedoc/constitucion_politica_1991.html
co:cc:c-051:2025,interpreta,co:constitucion:1991:art:242,,,http://www.secretariasenado.gov.co/senado/basedoc/constitucion_politica_1991.html
co:cc:c-966:2003,interpreta,co:constitucion:1991:art:242,,,http://www.secretariasenado.gov.co/senado/basedoc/constitucion_politica_1991.html
co:cc:c-475:2006,interpreta,co:constitucion:1991:art:242,,,http://www.secretariasenado.gov.co/senado/basedoc/constitucion_politica_1991.html
co:cc:c-416:1992,interpreta,co:constitucion:1991:art:243,,,http://www.secretariasenado.gov.co/senado/basedoc/constitucion_politica_1991.html
co:cc:c-543:1992,interpreta,co:constitucion:1991:art:243,,,http://www.secretariasenado.gov.co/senado/basedoc/constitucion_politica_1991.html
co:cc:c-580:1992,interpreta,co:constitucion:1991:art:243,,,http://www.secretariasenado.gov.co/senado/basedoc/constitucion_politica_1991.html
co:cc:c-587:1992,interpreta,co:constitucion:1991:art:243,,,http://www.secretariasenado.gov.co/senado/basedoc/constitucion_politica_1991.html
co:cc:c-588:1992,interpreta,co:constitucion:1991:art:243,,,http://www.secretariasenado.gov.co/senado/basedoc/constitucion_politica_1991.html
co:cc:c-607:1992,interpreta,co:constitucion:1991:art:243,,,http://www.secretariasenado.gov.co/senado/basedoc/constitucion_politica_1991.html
co:cc:c-004:1993,interpreta,co:constitucion:1991:art:243,,,http://www.secretariasenado.gov.co/senado/basedoc/constitucion_politica_1991.html
co:cc:c-170:1993,interpreta,co:constitucion:1991:art:243,,,http://www.secretariasenado.gov.co/senado/basedoc/constitucion_politica_1991.html
co:cc:c-569:1993,interpreta,co:constitucion:1991:art:243,,,http://www.secretariasenado.gov.co/senado/basedoc/constitucion_politica_1991.html
co:cc:c-522:1998,interpreta,co:constitucion:1991:art:243,,,http://www.secretariasenado.gov.co/senado/basedoc/constitucion_politica_1991.html
co:cc:c-700:1999,interpreta,co:constitucion:1991:art:243,,,http://www.secretariasenado.gov.co/senado/basedoc/constitucion_politica_1991.html
co:cc:c-311:2002,interpreta,co:constitucion:1991:art:243,,,http://www.secretariasenado.gov.co/senado/basedoc/constitucion_politica_1991.html
co:cc:c-006:2003,interpreta,co:constitucion:1991:art:243,,,http://www.secretariasenado.gov.co/senado/basedoc/constitucion_politica_1991.html
co:cc:c-010:2003,interpreta,co:constitucion:1991:art:243,,,http://www.secretariasenado.gov.co/senado/basedoc/constitucion_politica_1991.html
co:cc:c-030:2003,interpreta,co:constitucion:1991:art:243,,,http://www.secretariasenado.gov.co/senado/basedoc/constitucion_politica_1991.html
co:cc:c-036:2003,interpreta,co:constitucion:1991:art:243,,,http://www.secretariasenado.gov.co/senado/basedoc/constitucion_politica_1991.html
co:cc:c-039:2003,interpreta,co:constitucion:1991:art:243,,,http://www.secretariasenado.gov.co/senado/basedoc/constitucion_politica_1991.html
co:cc:c-040:2003,interpreta,co:constitucion:1991:art:243,,,http://www.secretariasenado.gov.co/senado/basedoc/constitucion_politica_1991.html
co:cc:c-066:2003,interpreta,co:constitucion:1991:art:243,,,http://www.secretariasenado.gov.co/senado/basedoc/constitucion_politica_1991.html
co:cc:c-096:2003,interpreta,co:constitucion:1991:art:243,,,http://www.secretariasenado.gov.co/senado/basedoc/constitucion_politica_1991.html
co:cc:c-097:2003,interpreta,co:constitucion:1991:art:243,,,http://www.secretariasenado.gov.co/senado/basedoc/constitucion_politica_1991.html
co:cc:c-104:2003,interpreta,co:constitucion:1991:art:243,,,http://www.secretariasenado.gov.co/senado/basedoc/constitucion_politica_1991.html
co:cc:c-124:2003,interpreta,co:constitucion:1991:art:243,,,http://www.secretariasenado.gov.co/senado/basedoc/constitucion_politica_1991.html
co:cc:c-125:2003,interpreta,co:constitucion:1991:art:243,,,http://www.secretariasenado.gov.co/senado/basedoc/constitucion_politica_1991.html
co:cc:c-149:2003,interpreta,co:constitucion:1991:art:243,,,http://www.secretariasenado.gov.co/senado/basedoc/constitucion_politica_1991.html
co:cc:c-205:2003,interpreta,co:constitucion:1991:art:243,,,http://www.secretariasenado.gov.co/senado/basedoc/constitucion_politica_1991.html
co:cc:c-210:2003,interpreta,co:constitucion:1991:art:243,,,http://www.secretariasenado.gov.co/senado/basedoc/constitucion_politica_1991.html
co:cc:c-211:2003,interpreta,co:constitucion:1991:art:243,,,http://www.secretariasenado.gov.co/senado/basedoc/constitucion_politica_1991.html
co:cc:c-477:2003,interpreta,co:constitucion:1991:art:243,,,http://www.secretariasenado.gov.co/senado/basedoc/constitucion_politica_1991.html
co:cc:c-1034:2003,interpreta,co:constitucion:1991:art:243,,,http://www.secretariasenado.gov.co/senado/basedoc/constitucion_politica_1991.html
co:cc:c-072:2004,interpreta,co:constitucion:1991:art:243,,,http://www.secretariasenado.gov.co/senado/basedoc/constitucion_politica_1991.html
co:cc:c-121:2004,interpreta,co:constitucion:1991:art:243,,,http://www.secretariasenado.gov.co/senado/basedoc/constitucion_politica_1991.html
co:cc:c-237:2004,interpreta,co:constitucion:1991:art:243,,,http://www.secretariasenado.gov.co/senado/basedoc/constitucion_politica_1991.html
co:cc:c-569:2004,interpreta,co:constitucion:1991:art:243,,,http://www.secretariasenado.gov.co/senado/basedoc/constitucion_politica_1991.html
co:cc:c-1260:2005,interpreta,co:constitucion:1991:art:243,,,http://www.secretariasenado.gov.co/senado/basedoc/constitucion_politica_1991.html
co:cc:c-820:2006,interpreta,co:constitucion:1991:art:243,,,http://www.secretariasenado.gov.co/senado/basedoc/constitucion_politica_1991.html
co:cc:c-226:2008,interpreta,co:constitucion:1991:art:243,,,http://www.secretariasenado.gov.co/senado/basedoc/constitucion_politica_1991.html
co:cc:c-335:2008,interpreta,co:constitucion:1991:art:243,,,http://www.secretariasenado.gov.co/senado/basedoc/constitucion_politica_1991.html
co:cc:c-029:2009,interpreta,co:constitucion:1991:art:243,,,http://www.secretariasenado.gov.co/senado/basedoc/constitucion_politica_1991.html
co:cc:c-539:2011,interpreta,co:constitucion:1991:art:243,,,http://www.secretariasenado.gov.co/senado/basedoc/constitucion_politica_1991.html
co:cc:c-241:2012,interpreta,co:constitucion:1991:art:243,,,http://www.secretariasenado.gov.co/senado/basedoc/constitucion_politica_1991.html
co:cc:c-249:2012,interpreta,co:constitucion:1991:art:243,,,http://www.secretariasenado.gov.co/senado/basedoc/constitucion_politica_1991.html
co:cc:c-400:2013,interpreta,co:constitucion:1991:art:243,,,http://www.secretariasenado.gov.co/senado/basedoc/constitucion_politica_1991.html
co:cc:c-766:2013,interpreta,co:constitucion:1991:art:243,,,http://www.secretariasenado.gov.co/senado/basedoc/constitucion_politica_1991.html
co:cc:c-687:2014,interpreta,co:constitucion:1991:art:243,,,http://www.secretariasenado.gov.co/senado/basedoc/constitucion_politica_1991.html
co:cc:c-105:1993,interpreta,co:constitucion:1991:art:244,,,http://www.secretariasenado.gov.co/senado/basedoc/constitucion_politica_1991.html
co:cc:c-541:1992,interpreta,co:constitucion:1991:art:246,,,http://www.secretariasenado.gov.co/senado/basedoc/constitucion_politica_1991.html
co:cc:c-027:1993,interpreta,co:constitucion:1991:art:246,,,http://www.secretariasenado.gov.co/senado/basedoc/constitucion_politica_1991.html
co:cc:c-370:2002,interpreta,co:constitucion:1991:art:246,,,http://www.secretariasenado.gov.co/senado/basedoc/constitucion_politica_1991.html
co:cc:c-127:2003,interpreta,co:constitucion:1991:art:246,,,http://www.secretariasenado.gov.co/senado/basedoc/constitucion_politica_1991.html
co:cc:c-151:2003,interpreta,co:constitucion:1991:art:246,,,http://www.secretariasenado.gov.co/senado/basedoc/constitucion_politica_1991.html
co:cc:c-463:2014,interpreta,co:constitucion:1991:art:246,,,http://www.secretariasenado.gov.co/senado/basedoc/constitucion_politica_1991.html
co:cc:c-254:2025,interpreta,co:constitucion:1991:art:246,,,http://www.secretariasenado.gov.co/senado/basedoc/constitucion_politica_1991.html
co:cc:c-541:1992,interpreta,co:constitucion:1991:art:247,,,http://www.secretariasenado.gov.co/senado/basedoc/constitucion_politica_1991.html
co:cc:c-027:1993,interpreta,co:constitucion:1991:art:247,,,http://www.secretariasenado.gov.co/senado/basedoc/constitucion_politica_1991.html
co:cc:c-103:2004,interpreta,co:constitucion:1991:art:247,,,http://www.secretariasenado.gov.co/senado/basedoc/constitucion_politica_1991.html
co:cc:c-059:2005,interpreta,co:constitucion:1991:art:247,,,http://www.secretariasenado.gov.co/senado/basedoc/constitucion_politica_1991.html
co:cc:c-007:1993,interpreta,co:constitucion:1991:art:248,,,http://www.secretariasenado.gov.co/senado/basedoc/constitucion_politica_1991.html
co:cc:c-114:1993,interpreta,co:constitucion:1991:art:248,,,http://www.secretariasenado.gov.co/senado/basedoc/constitucion_politica_1991.html
co:cc:c-127:1993,interpreta,co:constitucion:1991:art:248,,,http://www.secretariasenado.gov.co/senado/basedoc/constitucion_politica_1991.html
co:cc:c-377:1993,interpreta,co:constitucion:1991:art:248,,,http://www.secretariasenado.gov.co/senado/basedoc/constitucion_politica_1991.html
co:cc:c-098:2003,interpreta,co:constitucion:1991:art:248,,,http://www.secretariasenado.gov.co/senado/basedoc/constitucion_politica_1991.html
co:cc:c-245:2008,interpreta,co:constitucion:1991:art:248,,,http://www.secretariasenado.gov.co/senado/basedoc/constitucion_politica_1991.html
co:cc:c-517:1992,interpreta,co:constitucion:1991:art:249,,,http://www.secretariasenado.gov.co/senado/basedoc/constitucion_politica_1991.html
co:cc:c-035:1993,interpreta,co:constitucion:1991:art:249,,,http://www.secretariasenado.gov.co/senado/basedoc/constitucion_politica_1991.html
co:cc:c-150:1993,interpreta,co:constitucion:1991:art:249,,,http://www.secretariasenado.gov.co/senado/basedoc/constitucion_politica_1991.html
co:cc:c-487:1993,interpreta,co:constitucion:1991:art:249,,,http://www.secretariasenado.gov.co/senado/basedoc/constitucion_politica_1991.html
co:cc:c-037:1996,interpreta,co:constitucion:1991:art:249,,,http://www.secretariasenado.gov.co/senado/basedoc/constitucion_politica_1991.html
co:cc:c-431:2003,interpreta,co:constitucion:1991:art:249,,,http://www.secretariasenado.gov.co/senado/basedoc/constitucion_politica_1991.html
co:cc:c-166:2014,interpreta,co:constitucion:1991:art:249,,,http://www.secretariasenado.gov.co/senado/basedoc/constitucion_politica_1991.html
co:cc:c-120:2021,interpreta,co:constitucion:1991:art:249,,,http://www.secretariasenado.gov.co/senado/basedoc/constitucion_politica_1991.html
co:cc:c-966:2003,interpreta,co:constitucion:1991:art:250,,,http://www.secretariasenado.gov.co/senado/basedoc/constitucion_politica_1991.html
co:cc:c-1092:2003,interpreta,co:constitucion:1991:art:250,,,http://www.secretariasenado.gov.co/senado/basedoc/constitucion_politica_1991.html
co:cc:c-037:2004,interpreta,co:constitucion:1991:art:250,,,http://www.secretariasenado.gov.co/senado/basedoc/constitucion_politica_1991.html
co:cc:c-591:2005,interpreta,co:constitucion:1991:art:250,,,http://www.secretariasenado.gov.co/senado/basedoc/constitucion_politica_1991.html
co:cc:c-988:2006,interpreta,co:constitucion:1991:art:250,,,http://www.secretariasenado.gov.co/senado/basedoc/constitucion_politica_1991.html
co:cc:c-336:2007,interpreta,co:constitucion:1991:art:250,,,http://www.secretariasenado.gov.co/senado/basedoc/constitucion_politica_1991.html
co:cc:c-479:2007,interpreta,co:constitucion:1991:art:250,,,http://www.secretariasenado.gov.co/senado/basedoc/constitucion_politica_1991.html
co:cc:c-185:2008,interpreta,co:constitucion:1991:art:250,,,http://www.secretariasenado.gov.co/senado/basedoc/constitucion_politica_1991.html
co:cc:c-936:2010,interpreta,co:constitucion:1991:art:250,,,http://www.secretariasenado.gov.co/senado/basedoc/constitucion_politica_1991.html
co:cc:c-326:2016,interpreta,co:constitucion:1991:art:250,,,http://www.secretariasenado.gov.co/senado/basedoc/constitucion_politica_1991.html
co:cc:c-052:1993,interpreta,co:constitucion:1991:art:250,,,http://www.secretariasenado.gov.co/senado/basedoc/constitucion_politica_1991.html
co:cc:c-066:1993,interpreta,co:constitucion:1991:art:250,,,http://www.secretariasenado.gov.co/senado/basedoc/constitucion_politica_1991.html
co:cc:c-592:2005,interpreta,co:constitucion:1991:art:250,,,http://www.secretariasenado.gov.co/senado/basedoc/constitucion_politica_1991.html
co:cc:c-730:2005,interpreta,co:constitucion:1991:art:250,,,http://www.secretariasenado.gov.co/senado/basedoc/constitucion_politica_1991.html
co:cc:c-1001:2005,interpreta,co:constitucion:1991:art:250,,,http://www.secretariasenado.gov.co/senado/basedoc/constitucion_politica_1991.html
co:cc:c-190:2006,interpreta,co:constitucion:1991:art:250,,,http://www.secretariasenado.gov.co/senado/basedoc/constitucion_politica_1991.html
co:cc:c-163:2008,interpreta,co:constitucion:1991:art:250,,,http://www.secretariasenado.gov.co/senado/basedoc/constitucion_politica_1991.html
co:cc:c-226:2008,interpreta,co:constitucion:1991:art:250,,,http://www.secretariasenado.gov.co/senado/basedoc/constitucion_politica_1991.html
co:cc:c-239:2012,interpreta,co:constitucion:1991:art:250,,,http://www.secretariasenado.gov.co/senado/basedoc/constitucion_politica_1991.html
co:cc:c-695:2013,interpreta,co:constitucion:1991:art:250,,,http://www.secretariasenado.gov.co/senado/basedoc/constitucion_politica_1991.html
co:cc:c-635:2014,interpreta,co:constitucion:1991:art:250,,,http://www.secretariasenado.gov.co/senado/basedoc/constitucion_politica_1991.html
co:cc:c-1092:2003,declara_inexequible,co:constitucion:1991:art:250,2003-11-19,,http://www.secretariasenado.gov.co/senado/basedoc/constitucion_politica_1991.html
co:cc:c-519:2007,interpreta,co:constitucion:1991:art:250,,,http://www.secretariasenado.gov.co/senado/basedoc/constitucion_politica_1991.html
co:cc:c-425:2008,interpreta,co:constitucion:1991:art:250,,,http://www.secretariasenado.gov.co/senado/basedoc/constitucion_politica_1991.html
co:cc:c-334:2010,interpreta,co:constitucion:1991:art:250,,,http://www.secretariasenado.gov.co/senado/basedoc/constitucion_politica_1991.html
co:cc:c-540:2011,interpreta,co:constitucion:1991:art:250,,,http://www.secretariasenado.gov.co/senado/basedoc/constitucion_politica_1991.html
co:cc:c-366:2014,interpreta,co:constitucion:1991:art:250,,,http://www.secretariasenado.gov.co/senado/basedoc/constitucion_politica_1991.html
co:cc:c-516:2015,interpreta,co:constitucion:1991:art:250,,,http://www.secretariasenado.gov.co/senado/basedoc/constitucion_politica_1991.html
co:cc:c-156:2016,interpreta,co:constitucion:1991:art:250,,,http://www.secretariasenado.gov.co/senado/basedoc/constitucion_politica_1991.html
co:cc:c-014:2018,interpreta,co:constitucion:1991:art:250,,,http://www.secretariasenado.gov.co/senado/basedoc/constitucion_politica_1991.html
co:cc:c-431:2003,interpreta,co:constitucion:1991:art:250,,,http://www.secretariasenado.gov.co/senado/basedoc/constitucion_politica_1991.html
co:cc:c-822:2005,interpreta,co:constitucion:1991:art:250,,,http://www.secretariasenado.gov.co/senado/basedoc/constitucion_politica_1991.html
co:cc:c-591:2014,interpreta,co:constitucion:1991:art:250,,,http://www.secretariasenado.gov.co/senado/basedoc/constitucion_politica_1991.html
co:cc:c-570:2003,interpreta,co:constitucion:1991:art:250,,,http://www.secretariasenado.gov.co/senado/basedoc/constitucion_politica_1991.html
co:cc:c-180:2014,interpreta,co:constitucion:1991:art:250,,,http://www.secretariasenado.gov.co/senado/basedoc/constitucion_politica_1991.html
co:cc:c-053:1993,interpreta,co:constitucion:1991:art:250,,,http://www.secretariasenado.gov.co/senado/basedoc/constitucion_politica_1991.html
co:cc:c-058:1993,interpreta,co:constitucion:1991:art:250,,,http://www.secretariasenado.gov.co/senado/basedoc/constitucion_politica_1991.html
co:cc:c-409:2009,interpreta,co:constitucion:1991:art:250,,,http://www.secretariasenado.gov.co/senado/basedoc/constitucion_politica_1991.html
co:cc:c-603:2016,interpreta,co:constitucion:1991:art:250,,,http://www.secretariasenado.gov.co/senado/basedoc/constitucion_politica_1991.html
co:cc:c-034:1993,interpreta,co:constitucion:1991:art:250,,,http://www.secretariasenado.gov.co/senado/basedoc/constitucion_politica_1991.html
co:cc:c-404:2003,interpreta,co:constitucion:1991:art:250,,,http://www.secretariasenado.gov.co/senado/basedoc/constitucion_politica_1991.html
co:cc:c-594:2014,interpreta,co:constitucion:1991:art:250,,,http://www.secretariasenado.gov.co/senado/basedoc/constitucion_politica_1991.html
co:cc:c-1260:2005,interpreta,co:constitucion:1991:art:250,,,http://www.secretariasenado.gov.co/senado/basedoc/constitucion_politica_1991.html
co:acto-legislativo:6:2011:art:2,adiciona,co:constitucion:1991:art:250,2012-02-16,la fuente marca INEXEQUIBLE sobre esta reforma — verificar si surtió efecto,http://www.secretariasenado.gov.co/senado/basedoc/constitucion_politica_1991.html
co:acto-legislativo:3:2002:art:2,modifica,co:constitucion:1991:art:250,2002-12-20,,http://www.secretariasenado.gov.co/senado/basedoc/constitucion_politica_1991.html
co:cc:c-1039:2004,declara_exequible,co:constitucion:1991:art:250,2004-10-22,,http://www.secretariasenado.gov.co/senado/basedoc/constitucion_politica_1991.html
co:cc:c-541:1992,interpreta,co:constitucion:1991:art:250,,,http://www.secretariasenado.gov.co/senado/basedoc/constitucion_politica_1991.html
co:cc:c-035:1993,interpreta,co:constitucion:1991:art:250,,,http://www.secretariasenado.gov.co/senado/basedoc/constitucion_politica_1991.html
co:cc:c-059:1993,interpreta,co:constitucion:1991:art:250,,,http://www.secretariasenado.gov.co/senado/basedoc/constitucion_politica_1991.html
co:cc:c-096:2003,interpreta,co:constitucion:1991:art:250,,,http://www.secretariasenado.gov.co/senado/basedoc/constitucion_politica_1991.html
co:cc:c-557:2019,interpreta,co:constitucion:1991:art:250,,,http://www.secretariasenado.gov.co/senado/basedoc/constitucion_politica_1991.html
co:cc:c-394:2023,interpreta,co:constitucion:1991:art:250,,,http://www.secretariasenado.gov.co/senado/basedoc/constitucion_politica_1991.html
co:cc:c-1092:2003,interpreta,co:constitucion:1991:art:251,,,http://www.secretariasenado.gov.co/senado/basedoc/constitucion_politica_1991.html
co:cc:c-013:2004,interpreta,co:constitucion:1991:art:251,,,http://www.secretariasenado.gov.co/senado/basedoc/constitucion_politica_1991.html
co:acto-legislativo:6:2011:art:1,modifica,co:constitucion:1991:art:251,2011-11-24,,http://www.secretariasenado.gov.co/senado/basedoc/constitucion_politica_1991.html
co:cc:c-069:1994,interpreta,co:constitucion:1991:art:251,,,http://www.secretariasenado.gov.co/senado/basedoc/constitucion_politica_1991.html
co:cc:c-232:2016,interpreta,co:constitucion:1991:art:251,,,http://www.secretariasenado.gov.co/senado/basedoc/constitucion_politica_1991.html
co:cc:c-066:1993,interpreta,co:constitucion:1991:art:251,,,http://www.secretariasenado.gov.co/senado/basedoc/constitucion_politica_1991.html
co:cc:c-034:1993,interpreta,co:constitucion:1991:art:251,,,http://www.secretariasenado.gov.co/senado/basedoc/constitucion_politica_1991.html
co:acto-legislativo:3:2002:art:3,modifica,co:constitucion:1991:art:251,2002-12-20,,http://www.secretariasenado.gov.co/senado/basedoc/constitucion_politica_1991.html
co:cc:c-1039:2004,declara_exequible,co:constitucion:1991:art:251,2004-10-22,,http://www.secretariasenado.gov.co/senado/basedoc/constitucion_politica_1991.html
co:cc:c-035:1993,interpreta,co:constitucion:1991:art:251,,,http://www.secretariasenado.gov.co/senado/basedoc/constitucion_politica_1991.html
co:cc:c-093:1993,interpreta,co:constitucion:1991:art:251,,,http://www.secretariasenado.gov.co/senado/basedoc/constitucion_politica_1991.html
co:cc:c-136:1993,interpreta,co:constitucion:1991:art:251,,,http://www.secretariasenado.gov.co/senado/basedoc/constitucion_politica_1991.html
co:cc:c-034:1993,interpreta,co:constitucion:1991:art:252,,,http://www.secretariasenado.gov.co/senado/basedoc/constitucion_politica_1991.html
co:cc:c-035:1993,interpreta,co:constitucion:1991:art:252,,,http://www.secretariasenado.gov.co/senado/basedoc/constitucion_politica_1991.html
co:cc:c-052:1993,interpreta,co:constitucion:1991:art:252,,,http://www.secretariasenado.gov.co/senado/basedoc/constitucion_politica_1991.html
co:cc:c-059:1993,interpreta,co:constitucion:1991:art:252,,,http://www.secretariasenado.gov.co/senado/basedoc/constitucion_politica_1991.html
co:cc:c-093:1993,interpreta,co:constitucion:1991:art:252,,,http://www.secretariasenado.gov.co/senado/basedoc/constitucion_politica_1991.html
co:cc:c-171:1993,interpreta,co:constitucion:1991:art:252,,,http://www.secretariasenado.gov.co/senado/basedoc/constitucion_politica_1991.html
co:cc:c-207:1993,interpreta,co:constitucion:1991:art:252,,,http://www.secretariasenado.gov.co/senado/basedoc/constitucion_politica_1991.html
co:cc:c-214:1993,interpreta,co:constitucion:1991:art:252,,,http://www.secretariasenado.gov.co/senado/basedoc/constitucion_politica_1991.html
co:cc:c-415:1993,interpreta,co:constitucion:1991:art:252,,,http://www.secretariasenado.gov.co/senado/basedoc/constitucion_politica_1991.html
co:cc:c-035:1993,interpreta,co:constitucion:1991:art:253,,,http://www.secretariasenado.gov.co/senado/basedoc/constitucion_politica_1991.html
co:cc:c-127:1993,interpreta,co:constitucion:1991:art:253,,,http://www.secretariasenado.gov.co/senado/basedoc/constitucion_politica_1991.html
co:cc:c-279:2007,interpreta,co:constitucion:1991:art:253,,,http://www.secretariasenado.gov.co/senado/basedoc/constitucion_politica_1991.html
co:cc:c-878:2008,interpreta,co:constitucion:1991:art:253,,,http://www.secretariasenado.gov.co/senado/basedoc/constitucion_politica_1991.html
co:cc:c-901:2008,interpreta,co:constitucion:1991:art:253,,,http://www.secretariasenado.gov.co/senado/basedoc/constitucion_politica_1991.html
co:cc:c-120:2021,interpreta,co:constitucion:1991:art:253,,,http://www.secretariasenado.gov.co/senado/basedoc/constitucion_politica_1991.html
co:acto-legislativo:2:2015:art:15,modifica,co:constitucion:1991:art:254,2015-07-01,la fuente marca INEXEQUIBLE sobre esta reforma — verificar si surtió efecto,http://www.secretariasenado.gov.co/senado/basedoc/constitucion_politica_1991.html
co:cc:c-025:1993,interpreta,co:constitucion:1991:art:254,,,http://www.secretariasenado.gov.co/senado/basedoc/constitucion_politica_1991.html
co:cc:c-061:1993,interpreta,co:constitucion:1991:art:254,,,http://www.secretariasenado.gov.co/senado/basedoc/constitucion_politica_1991.html
co:cc:c-226:1993,interpreta,co:constitucion:1991:art:254,,,http://www.secretariasenado.gov.co/senado/basedoc/constitucion_politica_1991.html
co:cc:c-265:1993,interpreta,co:constitucion:1991:art:254,,,http://www.secretariasenado.gov.co/senado/basedoc/constitucion_politica_1991.html
co:cc:c-619:2012,interpreta,co:constitucion:1991:art:254,,,http://www.secretariasenado.gov.co/senado/basedoc/constitucion_politica_1991.html
co:acto-legislativo:2:2015:art:16,modifica,co:constitucion:1991:art:255,2015-07-01,la fuente marca INEXEQUIBLE sobre esta reforma — verificar si surtió efecto,http://www.secretariasenado.gov.co/senado/basedoc/constitucion_politica_1991.html
co:cc:c-265:1993,interpreta,co:constitucion:1991:art:255,,,http://www.secretariasenado.gov.co/senado/basedoc/constitucion_politica_1991.html
co:cc:c-487:1993,interpreta,co:constitucion:1991:art:255,,,http://www.secretariasenado.gov.co/senado/basedoc/constitucion_politica_1991.html
co:acto-legislativo:2:2015:art:17,deroga,co:constitucion:1991:art:256,2015-07-01,la fuente marca INEXEQUIBLE sobre esta reforma — verificar si surtió efecto,http://www.secretariasenado.gov.co/senado/basedoc/constitucion_politica_1991.html
co:cc:c-029:2018,declara_inexequible_parcial,co:constitucion:1991:art:256,2018-05-02,"- Artículo 17 del Acto Legislativo 2 de 2015 declarado EXEQUIBLE, por los cargos analizados, por la Corte Constitucional mediante Sentencia C-029-18 de 2 de mayo de 2018, Magistrado Ponente Dr. Alberto Rojas Ríos, salvo sobre los apartes declarados INEXEQUIBLES en la C-285-16.",http://www.secretariasenado.gov.co/senado/basedoc/constitucion_politica_1991.html
co:cc:c-285:2016,declara_inexequible_parcial,co:constitucion:1991:art:256,16-12-31,"- Artículo 17 del Acto Legislativo 2 de 2015 declarado INEXEQUIBLE por la Corte Constitucional mediante Sentencia C-285-16 de 1o. de junio de 2016, Magistrado Ponente Dr. Luis Guillermo Guerrero Pérez, 'salvo en lo que tiene que ver con la derogatoria, tanto de la expresión 'o a los Consejos seccion",http://www.secretariasenado.gov.co/senado/basedoc/constitucion_politica_1991.html
co:cc:c-435:1992,interpreta,co:constitucion:1991:art:256,,,http://www.secretariasenado.gov.co/senado/basedoc/constitucion_politica_1991.html
co:cc:c-449:1992,interpreta,co:constitucion:1991:art:256,,,http://www.secretariasenado.gov.co/senado/basedoc/constitucion_politica_1991.html
co:cc:c-479:1992,interpreta,co:constitucion:1991:art:256,,,http://www.secretariasenado.gov.co/senado/basedoc/constitucion_politica_1991.html
co:cc:c-561:1992,interpreta,co:constitucion:1991:art:256,,,http://www.secretariasenado.gov.co/senado/basedoc/constitucion_politica_1991.html
co:cc:c-002:1993,interpreta,co:constitucion:1991:art:256,,,http://www.secretariasenado.gov.co/senado/basedoc/constitucion_politica_1991.html
co:cc:c-025:1993,interpreta,co:constitucion:1991:art:256,,,http://www.secretariasenado.gov.co/senado/basedoc/constitucion_politica_1991.html
co:cc:c-074:1993,interpreta,co:constitucion:1991:art:256,,,http://www.secretariasenado.gov.co/senado/basedoc/constitucion_politica_1991.html
co:cc:c-226:1993,interpreta,co:constitucion:1991:art:256,,,http://www.secretariasenado.gov.co/senado/basedoc/constitucion_politica_1991.html
co:cc:c-391:1993,interpreta,co:constitucion:1991:art:256,,,http://www.secretariasenado.gov.co/senado/basedoc/constitucion_politica_1991.html
co:cc:c-417:1993,interpreta,co:constitucion:1991:art:256,,,http://www.secretariasenado.gov.co/senado/basedoc/constitucion_politica_1991.html
co:cc:c-540:1993,interpreta,co:constitucion:1991:art:256,,,http://www.secretariasenado.gov.co/senado/basedoc/constitucion_politica_1991.html
co:cc:c-591:1993,interpreta,co:constitucion:1991:art:256,,,http://www.secretariasenado.gov.co/senado/basedoc/constitucion_politica_1991.html
co:cc:c-508:1994,interpreta,co:constitucion:1991:art:256,,,http://www.secretariasenado.gov.co/senado/basedoc/constitucion_politica_1991.html
co:cc:c-527:1994,interpreta,co:constitucion:1991:art:256,,,http://www.secretariasenado.gov.co/senado/basedoc/constitucion_politica_1991.html
co:cc:c-036:1997,interpreta,co:constitucion:1991:art:256,,,http://www.secretariasenado.gov.co/senado/basedoc/constitucion_politica_1991.html
co:cc:c-1155:2005,interpreta,co:constitucion:1991:art:256,,,http://www.secretariasenado.gov.co/senado/basedoc/constitucion_politica_1991.html
co:cc:c-901:2008,interpreta,co:constitucion:1991:art:256,,,http://www.secretariasenado.gov.co/senado/basedoc/constitucion_politica_1991.html
co:cc:c-334:2012,interpreta,co:constitucion:1991:art:256,,,http://www.secretariasenado.gov.co/senado/basedoc/constitucion_politica_1991.html
co:cc:c-619:2012,interpreta,co:constitucion:1991:art:256,,,http://www.secretariasenado.gov.co/senado/basedoc/constitucion_politica_1991.html
co:cc:c-652:2015,interpreta,co:constitucion:1991:art:256,,,http://www.secretariasenado.gov.co/senado/basedoc/constitucion_politica_1991.html
co:acto-legislativo:2:2015:art:19,modifica,co:constitucion:1991:art:257,2015-12-31,fecha aproximada: la fuente solo da el año,http://www.secretariasenado.gov.co/senado/basedoc/constitucion_politica_1991.html
co:cc:c-285:2016,declara_inexequible,co:constitucion:1991:art:257,16-12-31,,http://www.secretariasenado.gov.co/senado/basedoc/constitucion_politica_1991.html
co:cc:c-076:1993,interpreta,co:constitucion:1991:art:257,,,http://www.secretariasenado.gov.co/senado/basedoc/constitucion_politica_1991.html
co:cc:c-093:1993,interpreta,co:constitucion:1991:art:257,,,http://www.secretariasenado.gov.co/senado/basedoc/constitucion_politica_1991.html
co:cc:c-150:1993,interpreta,co:constitucion:1991:art:257,,,http://www.secretariasenado.gov.co/senado/basedoc/constitucion_politica_1991.html
co:cc:c-527:1994,interpreta,co:constitucion:1991:art:257,,,http://www.secretariasenado.gov.co/senado/basedoc/constitucion_politica_1991.html
co:cc:c-900:2003,interpreta,co:constitucion:1991:art:257,,,http://www.secretariasenado.gov.co/senado/basedoc/constitucion_politica_1991.html
co:cc:c-619:2012,interpreta,co:constitucion:1991:art:257,,,http://www.secretariasenado.gov.co/senado/basedoc/constitucion_politica_1991.html
co:cc:c-156:2020,interpreta,co:constitucion:1991:art:257,,,http://www.secretariasenado.gov.co/senado/basedoc/constitucion_politica_1991.html
co:acto-legislativo:2:2015:art:19,modifica,co:constitucion:1991:art:257a,2015-07-01,,http://www.secretariasenado.gov.co/senado/basedoc/constitucion_politica_1991.html
co:cc:c-029:2018,declara_inexequible_parcial,co:constitucion:1991:art:257a,2018-05-02,"- Artículo 19 del Acto Legislativo 2 de 2015 declarado EXEQUIBLE, por los cargos analizados, por la Corte Constitucional mediante Sentencia C-029-18 de 2 de mayo de 2018, Magistrado Ponente Dr. Alberto Rojas Ríos, salvo sobre los apartes declarados INEXEQUIBLES en la C-285-16.",http://www.secretariasenado.gov.co/senado/basedoc/constitucion_politica_1991.html
co:cc:c-120:2021,interpreta,co:constitucion:1991:art:257a,,,http://www.secretariasenado.gov.co/senado/basedoc/constitucion_politica_1991.html
co:acto-legislativo:1:2009:art:9,modifica,co:constitucion:1991:art:258,2009-07-14,,http://www.secretariasenado.gov.co/senado/basedoc/constitucion_politica_1991.html
co:acto-legislativo:1:2003:art:11,modifica,co:constitucion:1991:art:258,2003-07-03,,http://www.secretariasenado.gov.co/senado/basedoc/constitucion_politica_1991.html
co:cc:c-020:1993,interpreta,co:constitucion:1991:art:258,,,http://www.secretariasenado.gov.co/senado/basedoc/constitucion_politica_1991.html
co:cc:c-127:1993,interpreta,co:constitucion:1991:art:258,,,http://www.secretariasenado.gov.co/senado/basedoc/constitucion_politica_1991.html
co:cc:c-454:1993,interpreta,co:constitucion:1991:art:258,,,http://www.secretariasenado.gov.co/senado/basedoc/constitucion_politica_1991.html
co:cc:c-488:1993,interpreta,co:constitucion:1991:art:258,,,http://www.secretariasenado.gov.co/senado/basedoc/constitucion_politica_1991.html
co:cc:c-307:2004,interpreta,co:constitucion:1991:art:258,,,http://www.secretariasenado.gov.co/senado/basedoc/constitucion_politica_1991.html
co:cc:c-572:2004,interpreta,co:constitucion:1991:art:258,,,http://www.secretariasenado.gov.co/senado/basedoc/constitucion_politica_1991.html
co:cc:c-111:2019,interpreta,co:constitucion:1991:art:258,,,http://www.secretariasenado.gov.co/senado/basedoc/constitucion_politica_1991.html
co:cc:c-497:2019,interpreta,co:constitucion:1991:art:258,,,http://www.secretariasenado.gov.co/senado/basedoc/constitucion_politica_1991.html
co:cc:c-454:1993,interpreta,co:constitucion:1991:art:259,,,http://www.secretariasenado.gov.co/senado/basedoc/constitucion_politica_1991.html
co:cc:c-532:1993,interpreta,co:constitucion:1991:art:259,,,http://www.secretariasenado.gov.co/senado/basedoc/constitucion_politica_1991.html
co:cc:c-358:2019,interpreta,co:constitucion:1991:art:259,,,http://www.secretariasenado.gov.co/senado/basedoc/constitucion_politica_1991.html
co:cc:c-127:1993,interpreta,co:constitucion:1991:art:260,,,http://www.secretariasenado.gov.co/senado/basedoc/constitucion_politica_1991.html
co:cc:c-454:1993,interpreta,co:constitucion:1991:art:260,,,http://www.secretariasenado.gov.co/senado/basedoc/constitucion_politica_1991.html
co:cc:c-488:1993,interpreta,co:constitucion:1991:art:260,,,http://www.secretariasenado.gov.co/senado/basedoc/constitucion_politica_1991.html
co:cc:c-517:1992,interpreta,co:constitucion:1991:art:261,,,http://www.secretariasenado.gov.co/senado/basedoc/constitucion_politica_1991.html
co:cc:c-454:1993,interpreta,co:constitucion:1991:art:261,,,http://www.secretariasenado.gov.co/senado/basedoc/constitucion_politica_1991.html
co:cc:c-127:1993,interpreta,co:constitucion:1991:art:261,,,http://www.secretariasenado.gov.co/senado/basedoc/constitucion_politica_1991.html
co:cc:c-532:1993,interpreta,co:constitucion:1991:art:261,,,http://www.secretariasenado.gov.co/senado/basedoc/constitucion_politica_1991.html
co:cc:c-043:2003,interpreta,co:constitucion:1991:art:261,,,http://www.secretariasenado.gov.co/senado/basedoc/constitucion_politica_1991.html
co:cc:c-342:2006,interpreta,co:constitucion:1991:art:261,,,http://www.secretariasenado.gov.co/senado/basedoc/constitucion_politica_1991.html
co:acto-legislativo:1:2009:art:11,modifica,co:constitucion:1991:art:262,2009-07-14,,http://www.secretariasenado.gov.co/senado/basedoc/constitucion_politica_1991.html
co:acto-legislativo:1:2003:art:12,modifica,co:constitucion:1991:art:262,2003-07-03,,http://www.secretariasenado.gov.co/senado/basedoc/constitucion_politica_1991.html
co:cc:c-029:2018,declara_exequible,co:constitucion:1991:art:262,2018-05-02,,http://www.secretariasenado.gov.co/senado/basedoc/constitucion_politica_1991.html
co:cc:c-454:1993,interpreta,co:constitucion:1991:art:262,,,http://www.secretariasenado.gov.co/senado/basedoc/constitucion_politica_1991.html
co:cc:c-572:2004,interpreta,co:constitucion:1991:art:262,,,http://www.secretariasenado.gov.co/senado/basedoc/constitucion_politica_1991.html
co:cc:c-1081:2005,interpreta,co:constitucion:1991:art:262,,,http://www.secretariasenado.gov.co/senado/basedoc/constitucion_politica_1991.html
co:acto-legislativo:1:2003,adiciona,co:constitucion:1991:art:263,2015-07-01,,http://www.secretariasenado.gov.co/senado/basedoc/constitucion_politica_1991.html
co:acto-legislativo:1:2003:art:13,adiciona,co:constitucion:1991:art:263,2003-07-03,,http://www.secretariasenado.gov.co/senado/basedoc/constitucion_politica_1991.html
co:cc:c-029:2018,declara_exequible,co:constitucion:1991:art:263,2018-05-02,,http://www.secretariasenado.gov.co/senado/basedoc/constitucion_politica_1991.html
co:cc:c-572:2004,interpreta,co:constitucion:1991:art:263,,,http://www.secretariasenado.gov.co/senado/basedoc/constitucion_politica_1991.html
co:cc:c-029:2018,declara_exequible,co:constitucion:1991:art:264,2018-05-02,,http://www.secretariasenado.gov.co/senado/basedoc/constitucion_politica_1991.html
co:acto-legislativo:1:2003:art:14,modifica,co:constitucion:1991:art:264,2003-07-03,,http://www.secretariasenado.gov.co/senado/basedoc/constitucion_politica_1991.html
co:cc:c-449:1992,interpreta,co:constitucion:1991:art:264,,,http://www.secretariasenado.gov.co/senado/basedoc/constitucion_politica_1991.html
co:cc:c-479:1992,interpreta,co:constitucion:1991:art:264,,,http://www.secretariasenado.gov.co/senado/basedoc/constitucion_politica_1991.html
co:cc:c-391:1993,interpreta,co:constitucion:1991:art:264,,,http://www.secretariasenado.gov.co/senado/basedoc/constitucion_politica_1991.html
co:cc:c-572:2004,interpreta,co:constitucion:1991:art:264,,,http://www.secretariasenado.gov.co/senado/basedoc/constitucion_politica_1991.html
co:cc:c-166:2014,interpreta,co:constitucion:1991:art:264,,,http://www.secretariasenado.gov.co/senado/basedoc/constitucion_politica_1991.html
co:cc:c-384:2003,interpreta,co:constitucion:1991:art:265,,,http://www.secretariasenado.gov.co/senado/basedoc/constitucion_politica_1991.html
co:cc:c-1081:2005,interpreta,co:constitucion:1991:art:265,,,http://www.secretariasenado.gov.co/senado/basedoc/constitucion_politica_1991.html
co:cc:c-238:2006,interpreta,co:constitucion:1991:art:265,,,http://www.secretariasenado.gov.co/senado/basedoc/constitucion_politica_1991.html
co:cc:c-488:1993,interpreta,co:constitucion:1991:art:265,,,http://www.secretariasenado.gov.co/senado/basedoc/constitucion_politica_1991.html
co:cc:c-020:1993,interpreta,co:constitucion:1991:art:265,,,http://www.secretariasenado.gov.co/senado/basedoc/constitucion_politica_1991.html
co:cc:c-353:1994,interpreta,co:constitucion:1991:art:265,,,http://www.secretariasenado.gov.co/senado/basedoc/constitucion_politica_1991.html
co:cc:c-264:1994,interpreta,co:constitucion:1991:art:265,,,http://www.secretariasenado.gov.co/senado/basedoc/constitucion_politica_1991.html
co:acto-legislativo:1:2009:art:12,modifica,co:constitucion:1991:art:265,2009-07-14,,http://www.secretariasenado.gov.co/senado/basedoc/constitucion_politica_1991.html
co:cc:c-145:1994,interpreta,co:constitucion:1991:art:265,,,http://www.secretariasenado.gov.co/senado/basedoc/constitucion_politica_1991.html
co:cc:c-102:2018,interpreta,co:constitucion:1991:art:265,,,http://www.secretariasenado.gov.co/senado/basedoc/constitucion_politica_1991.html
co:cc:c-029:2018,declara_exequible,co:constitucion:1991:art:266,2018-05-02,,http://www.secretariasenado.gov.co/senado/basedoc/constitucion_politica_1991.html
co:cc:c-753:2004,declara_exequible,co:constitucion:1991:art:266,2004-08-10,,http://www.secretariasenado.gov.co/senado/basedoc/constitucion_politica_1991.html
co:acto-legislativo:1:2003:art:15,modifica,co:constitucion:1991:art:266,2003-07-03,,http://www.secretariasenado.gov.co/senado/basedoc/constitucion_politica_1991.html
co:cc:c-391:1993,interpreta,co:constitucion:1991:art:266,,,http://www.secretariasenado.gov.co/senado/basedoc/constitucion_politica_1991.html
co:cc:c-487:1993,interpreta,co:constitucion:1991:art:266,,,http://www.secretariasenado.gov.co/senado/basedoc/constitucion_politica_1991.html
co:cc:c-601:1996,interpreta,co:constitucion:1991:art:266,,,http://www.secretariasenado.gov.co/senado/basedoc/constitucion_politica_1991.html
co:cc:c-181:1997,interpreta,co:constitucion:1991:art:266,,,http://www.secretariasenado.gov.co/senado/basedoc/constitucion_politica_1991.html
co:cc:c-572:2004,interpreta,co:constitucion:1991:art:266,,,http://www.secretariasenado.gov.co/senado/basedoc/constitucion_politica_1991.html
co:cc:c-553:2010,interpreta,co:constitucion:1991:art:266,,,http://www.secretariasenado.gov.co/senado/basedoc/constitucion_politica_1991.html
co:cc:c-166:2014,interpreta,co:constitucion:1991:art:266,,,http://www.secretariasenado.gov.co/senado/basedoc/constitucion_politica_1991.html
co:cc:c-140:2020,declara_exequible,co:constitucion:1991:art:267,2020-05-06,,http://www.secretariasenado.gov.co/senado/basedoc/constitucion_politica_1991.html
co:cc:c-193:2011,interpreta,co:constitucion:1991:art:267,,,http://www.secretariasenado.gov.co/senado/basedoc/constitucion_politica_1991.html
co:cc:c-599:2011,interpreta,co:constitucion:1991:art:267,,,http://www.secretariasenado.gov.co/senado/basedoc/constitucion_politica_1991.html
co:cc:c-126:2024,interpreta,co:constitucion:1991:art:267,,,http://www.secretariasenado.gov.co/senado/basedoc/constitucion_politica_1991.html
co:cc:c-091:2022,interpreta,co:constitucion:1991:art:267,,,http://www.secretariasenado.gov.co/senado/basedoc/constitucion_politica_1991.html
co:cc:c-029:2018,declara_exequible,co:constitucion:1991:art:267,2018-05-02,,http://www.secretariasenado.gov.co/senado/basedoc/constitucion_politica_1991.html
co:cc:c-893:2003,interpreta,co:constitucion:1991:art:267,,,http://www.secretariasenado.gov.co/senado/basedoc/constitucion_politica_1991.html
co:acto-legislativo:4:2019:art:1,modifica,co:constitucion:1991:art:267,2015-07-01,,http://www.secretariasenado.gov.co/senado/basedoc/constitucion_politica_1991.html
co:cc:c-221:1992,interpreta,co:constitucion:1991:art:267,,,http://www.secretariasenado.gov.co/senado/basedoc/constitucion_politica_1991.html
co:cc:c-449:1992,interpreta,co:constitucion:1991:art:267,,,http://www.secretariasenado.gov.co/senado/basedoc/constitucion_politica_1991.html
co:cc:c-479:1992,interpreta,co:constitucion:1991:art:267,,,http://www.secretariasenado.gov.co/senado/basedoc/constitucion_politica_1991.html
co:cc:c-517:1992,interpreta,co:constitucion:1991:art:267,,,http://www.secretariasenado.gov.co/senado/basedoc/constitucion_politica_1991.html
co:cc:c-035:1993,interpreta,co:constitucion:1991:art:267,,,http://www.secretariasenado.gov.co/senado/basedoc/constitucion_politica_1991.html
co:cc:c-068:1993,interpreta,co:constitucion:1991:art:267,,,http://www.secretariasenado.gov.co/senado/basedoc/constitucion_politica_1991.html
co:cc:c-132:1993,interpreta,co:constitucion:1991:art:267,,,http://www.secretariasenado.gov.co/senado/basedoc/constitucion_politica_1991.html
co:cc:c-391:1993,interpreta,co:constitucion:1991:art:267,,,http://www.secretariasenado.gov.co/senado/basedoc/constitucion_politica_1991.html
co:cc:c-487:1993,interpreta,co:constitucion:1991:art:267,,,http://www.secretariasenado.gov.co/senado/basedoc/constitucion_politica_1991.html
co:cc:c-529:1993,interpreta,co:constitucion:1991:art:267,,,http://www.secretariasenado.gov.co/senado/basedoc/constitucion_politica_1991.html
co:cc:c-384:2002,interpreta,co:constitucion:1991:art:267,,,http://www.secretariasenado.gov.co/senado/basedoc/constitucion_politica_1991.html
co:cc:c-938:2003,interpreta,co:constitucion:1991:art:267,,,http://www.secretariasenado.gov.co/senado/basedoc/constitucion_politica_1991.html
co:cc:c-557:2009,interpreta,co:constitucion:1991:art:267,,,http://www.secretariasenado.gov.co/senado/basedoc/constitucion_politica_1991.html
co:cc:c-541:2011,interpreta,co:constitucion:1991:art:267,,,http://www.secretariasenado.gov.co/senado/basedoc/constitucion_politica_1991.html
co:cc:c-967:2012,interpreta,co:constitucion:1991:art:267,,,http://www.secretariasenado.gov.co/senado/basedoc/constitucion_politica_1991.html
co:cc:c-826:2013,interpreta,co:constitucion:1991:art:267,,,http://www.secretariasenado.gov.co/senado/basedoc/constitucion_politica_1991.html
co:cc:c-338:2014,interpreta,co:constitucion:1991:art:267,,,http://www.secretariasenado.gov.co/senado/basedoc/constitucion_politica_1991.html
co:cc:c-103:2015,interpreta,co:constitucion:1991:art:267,,,http://www.secretariasenado.gov.co/senado/basedoc/constitucion_politica_1991.html
co:cc:c-257:2019,interpreta,co:constitucion:1991:art:267,,,http://www.secretariasenado.gov.co/senado/basedoc/constitucion_politica_1991.html
co:cc:c-092:2020,interpreta,co:constitucion:1991:art:267,,,http://www.secretariasenado.gov.co/senado/basedoc/constitucion_politica_1991.html
co:cc:c-438:2022,interpreta,co:constitucion:1991:art:267,,,http://www.secretariasenado.gov.co/senado/basedoc/constitucion_politica_1991.html
co:cc:c-384:2003,interpreta,co:constitucion:1991:art:268,,,http://www.secretariasenado.gov.co/senado/basedoc/constitucion_politica_1991.html
co:cc:c-105:2004,interpreta,co:constitucion:1991:art:268,,,http://www.secretariasenado.gov.co/senado/basedoc/constitucion_politica_1991.html
co:cc:c-557:2009,interpreta,co:constitucion:1991:art:268,,,http://www.secretariasenado.gov.co/senado/basedoc/constitucion_politica_1991.html
co:cc:c-478:1992,interpreta,co:constitucion:1991:art:268,,,http://www.secretariasenado.gov.co/senado/basedoc/constitucion_politica_1991.html
co:cc:c-221:1992,interpreta,co:constitucion:1991:art:268,,,http://www.secretariasenado.gov.co/senado/basedoc/constitucion_politica_1991.html
co:cc:c-449:1992,interpreta,co:constitucion:1991:art:268,,,http://www.secretariasenado.gov.co/senado/basedoc/constitucion_politica_1991.html
co:cc:c-479:1992,interpreta,co:constitucion:1991:art:268,,,http://www.secretariasenado.gov.co/senado/basedoc/constitucion_politica_1991.html
co:cc:c-074:1993,interpreta,co:constitucion:1991:art:268,,,http://www.secretariasenado.gov.co/senado/basedoc/constitucion_politica_1991.html
co:cc:c-391:1993,interpreta,co:constitucion:1991:art:268,,,http://www.secretariasenado.gov.co/senado/basedoc/constitucion_politica_1991.html
co:cc:c-537:1993,interpreta,co:constitucion:1991:art:268,,,http://www.secretariasenado.gov.co/senado/basedoc/constitucion_politica_1991.html
co:cc:c-046:1994,interpreta,co:constitucion:1991:art:268,,,http://www.secretariasenado.gov.co/senado/basedoc/constitucion_politica_1991.html
co:cc:c-836:2013,interpreta,co:constitucion:1991:art:268,,,http://www.secretariasenado.gov.co/senado/basedoc/constitucion_politica_1991.html
co:cc:c-338:2014,interpreta,co:constitucion:1991:art:268,,,http://www.secretariasenado.gov.co/senado/basedoc/constitucion_politica_1991.html
co:cc:c-438:2022,interpreta,co:constitucion:1991:art:268,,,http://www.secretariasenado.gov.co/senado/basedoc/constitucion_politica_1991.html
co:cc:c-089:1994,interpreta,co:constitucion:1991:art:268,,,http://www.secretariasenado.gov.co/senado/basedoc/constitucion_politica_1991.html
co:cc:c-527:1994,interpreta,co:constitucion:1991:art:268,,,http://www.secretariasenado.gov.co/senado/basedoc/constitucion_politica_1991.html
co:cc:c-092:2020,interpreta,co:constitucion:1991:art:268,,,http://www.secretariasenado.gov.co/senado/basedoc/constitucion_politica_1991.html
co:cc:c-073:2006,interpreta,co:constitucion:1991:art:268,,,http://www.secretariasenado.gov.co/senado/basedoc/constitucion_politica_1991.html
co:cc:c-315:2007,interpreta,co:constitucion:1991:art:268,,,http://www.secretariasenado.gov.co/senado/basedoc/constitucion_politica_1991.html
co:cc:c-319:2007,interpreta,co:constitucion:1991:art:268,,,http://www.secretariasenado.gov.co/senado/basedoc/constitucion_politica_1991.html
co:cc:c-901:2008,interpreta,co:constitucion:1991:art:268,,,http://www.secretariasenado.gov.co/senado/basedoc/constitucion_politica_1991.html
co:cc:c-198:1994,interpreta,co:constitucion:1991:art:268,,,http://www.secretariasenado.gov.co/senado/basedoc/constitucion_politica_1991.html
co:cc:c-207:2016,interpreta,co:constitucion:1991:art:268,,,http://www.secretariasenado.gov.co/senado/basedoc/constitucion_politica_1991.html
co:cc:c-090:2022,interpreta,co:constitucion:1991:art:268,,,http://www.secretariasenado.gov.co/senado/basedoc/constitucion_politica_1991.html
co:cc:c-113:2022,interpreta,co:constitucion:1991:art:268,,,http://www.secretariasenado.gov.co/senado/basedoc/constitucion_politica_1991.html
co:cc:c-237:2022,interpreta,co:constitucion:1991:art:268,,,http://www.secretariasenado.gov.co/senado/basedoc/constitucion_politica_1991.html
co:cc:c-209:2023,interpreta,co:constitucion:1991:art:268,,,http://www.secretariasenado.gov.co/senado/basedoc/constitucion_politica_1991.html
co:acto-legislativo:4:2019:art:2,modifica,co:constitucion:1991:art:268,2019-12-31,fecha aproximada: la fuente solo da el año,http://www.secretariasenado.gov.co/senado/basedoc/constitucion_politica_1991.html
co:cc:c-068:1993,interpreta,co:constitucion:1991:art:269,,,http://www.secretariasenado.gov.co/senado/basedoc/constitucion_politica_1991.html
co:cc:c-534:1993,interpreta,co:constitucion:1991:art:270,,,http://www.secretariasenado.gov.co/senado/basedoc/constitucion_politica_1991.html
co:cc:c-161:2008,interpreta,co:constitucion:1991:art:270,,,http://www.secretariasenado.gov.co/senado/basedoc/constitucion_politica_1991.html
co:acto-legislativo:4:2019:art:3,modifica,co:constitucion:1991:art:271,2019-12-31,fecha aproximada: la fuente solo da el año,http://www.secretariasenado.gov.co/senado/basedoc/constitucion_politica_1991.html
co:cc:c-035:1993,interpreta,co:constitucion:1991:art:271,,,http://www.secretariasenado.gov.co/senado/basedoc/constitucion_politica_1991.html
co:cc:c-029:2018,declara_exequible,co:constitucion:1991:art:272,2018-05-02,,http://www.secretariasenado.gov.co/senado/basedoc/constitucion_politica_1991.html
co:acto-legislativo:4:2019:art:4,modifica,co:constitucion:1991:art:272,2015-07-01,,http://www.secretariasenado.gov.co/senado/basedoc/constitucion_politica_1991.html
co:cc:c-517:1992,interpreta,co:constitucion:1991:art:272,,,http://www.secretariasenado.gov.co/senado/basedoc/constitucion_politica_1991.html
co:cc:c-068:1993,interpreta,co:constitucion:1991:art:272,,,http://www.secretariasenado.gov.co/senado/basedoc/constitucion_politica_1991.html
co:cc:c-143:1993,interpreta,co:constitucion:1991:art:272,,,http://www.secretariasenado.gov.co/senado/basedoc/constitucion_politica_1991.html
co:cc:c-391:1993,interpreta,co:constitucion:1991:art:272,,,http://www.secretariasenado.gov.co/senado/basedoc/constitucion_politica_1991.html
co:cc:c-534:1993,interpreta,co:constitucion:1991:art:272,,,http://www.secretariasenado.gov.co/senado/basedoc/constitucion_politica_1991.html
co:cc:c-046:1994,interpreta,co:constitucion:1991:art:272,,,http://www.secretariasenado.gov.co/senado/basedoc/constitucion_politica_1991.html
co:cc:c-781:1999,interpreta,co:constitucion:1991:art:272,,,http://www.secretariasenado.gov.co/senado/basedoc/constitucion_politica_1991.html
co:cc:c-382:2008,interpreta,co:constitucion:1991:art:272,,,http://www.secretariasenado.gov.co/senado/basedoc/constitucion_politica_1991.html
co:cc:c-468:2008,interpreta,co:constitucion:1991:art:272,,,http://www.secretariasenado.gov.co/senado/basedoc/constitucion_politica_1991.html
co:cc:c-541:2011,interpreta,co:constitucion:1991:art:272,,,http://www.secretariasenado.gov.co/senado/basedoc/constitucion_politica_1991.html
co:cc:c-898:2011,interpreta,co:constitucion:1991:art:272,,,http://www.secretariasenado.gov.co/senado/basedoc/constitucion_politica_1991.html
co:cc:c-836:2013,interpreta,co:constitucion:1991:art:272,,,http://www.secretariasenado.gov.co/senado/basedoc/constitucion_politica_1991.html
co:cc:c-127:2018,interpreta,co:constitucion:1991:art:272,,,http://www.secretariasenado.gov.co/senado/basedoc/constitucion_politica_1991.html
co:cc:c-438:2022,interpreta,co:constitucion:1991:art:272,,,http://www.secretariasenado.gov.co/senado/basedoc/constitucion_politica_1991.html
co:cc:c-449:1992,interpreta,co:constitucion:1991:art:273,,,http://www.secretariasenado.gov.co/senado/basedoc/constitucion_politica_1991.html
co:cc:c-529:1993,interpreta,co:constitucion:1991:art:273,,,http://www.secretariasenado.gov.co/senado/basedoc/constitucion_politica_1991.html
co:cc:c-400:1999,interpreta,co:constitucion:1991:art:273,,,http://www.secretariasenado.gov.co/senado/basedoc/constitucion_politica_1991.html
co:cc:c-380:2008,interpreta,co:constitucion:1991:art:273,,,http://www.secretariasenado.gov.co/senado/basedoc/constitucion_politica_1991.html
co:acto-legislativo:4:2019:art:5,modifica,co:constitucion:1991:art:274,2019-12-31,fecha aproximada: la fuente solo da el año,http://www.secretariasenado.gov.co/senado/basedoc/constitucion_politica_1991.html
co:cc:c-534:1993,interpreta,co:constitucion:1991:art:274,,,http://www.secretariasenado.gov.co/senado/basedoc/constitucion_politica_1991.html
co:cc:c-599:2011,interpreta,co:constitucion:1991:art:274,,,http://www.secretariasenado.gov.co/senado/basedoc/constitucion_politica_1991.html
co:cc:c-487:1993,interpreta,co:constitucion:1991:art:275,,,http://www.secretariasenado.gov.co/senado/basedoc/constitucion_politica_1991.html
co:cc:t-438:1994,interpreta,co:constitucion:1991:art:277,,,http://www.secretariasenado.gov.co/senado/basedoc/constitucion_politica_1991.html
co:cc:c-014:2004,interpreta,co:constitucion:1991:art:277,,,http://www.secretariasenado.gov.co/senado/basedoc/constitucion_politica_1991.html
co:cc:c-107:2004,interpreta,co:constitucion:1991:art:277,,,http://www.secretariasenado.gov.co/senado/basedoc/constitucion_politica_1991.html
co:cc:t-1043:2004,interpreta,co:constitucion:1991:art:277,,,http://www.secretariasenado.gov.co/senado/basedoc/constitucion_politica_1991.html
co:cc:c-423:1994,interpreta,co:constitucion:1991:art:277,,,http://www.secretariasenado.gov.co/senado/basedoc/constitucion_politica_1991.html
co:cc:c-221:1992,interpreta,co:constitucion:1991:art:277,,,http://www.secretariasenado.gov.co/senado/basedoc/constitucion_politica_1991.html
co:cc:c-449:1992,interpreta,co:constitucion:1991:art:277,,,http://www.secretariasenado.gov.co/senado/basedoc/constitucion_politica_1991.html
co:cc:c-479:1992,interpreta,co:constitucion:1991:art:277,,,http://www.secretariasenado.gov.co/senado/basedoc/constitucion_politica_1991.html
co:cc:c-074:1993,interpreta,co:constitucion:1991:art:277,,,http://www.secretariasenado.gov.co/senado/basedoc/constitucion_politica_1991.html
co:cc:c-391:1993,interpreta,co:constitucion:1991:art:277,,,http://www.secretariasenado.gov.co/senado/basedoc/constitucion_politica_1991.html
co:cc:c-025:1993,interpreta,co:constitucion:1991:art:277,,,http://www.secretariasenado.gov.co/senado/basedoc/constitucion_politica_1991.html
co:cc:c-417:1993,interpreta,co:constitucion:1991:art:277,,,http://www.secretariasenado.gov.co/senado/basedoc/constitucion_politica_1991.html
co:cc:c-233:2003,interpreta,co:constitucion:1991:art:277,,,http://www.secretariasenado.gov.co/senado/basedoc/constitucion_politica_1991.html
co:cc:c-482:2008,interpreta,co:constitucion:1991:art:277,,,http://www.secretariasenado.gov.co/senado/basedoc/constitucion_politica_1991.html
co:cc:c-899:2011,interpreta,co:constitucion:1991:art:277,,,http://www.secretariasenado.gov.co/senado/basedoc/constitucion_politica_1991.html
co:cc:c-325:2021,interpreta,co:constitucion:1991:art:277,,,http://www.secretariasenado.gov.co/senado/basedoc/constitucion_politica_1991.html
co:cc:c-030:2023,interpreta,co:constitucion:1991:art:277,,,http://www.secretariasenado.gov.co/senado/basedoc/constitucion_politica_1991.html
co:cc:c-403:1999,interpreta,co:constitucion:1991:art:277,,,http://www.secretariasenado.gov.co/senado/basedoc/constitucion_politica_1991.html
co:cc:c-364:2001,interpreta,co:constitucion:1991:art:277,,,http://www.secretariasenado.gov.co/senado/basedoc/constitucion_politica_1991.html
co:cc:c-123:2003,interpreta,co:constitucion:1991:art:277,,,http://www.secretariasenado.gov.co/senado/basedoc/constitucion_politica_1991.html
co:cc:c-089:1994,interpreta,co:constitucion:1991:art:277,,,http://www.secretariasenado.gov.co/senado/basedoc/constitucion_politica_1991.html
co:cc:c-198:1994,interpreta,co:constitucion:1991:art:277,,,http://www.secretariasenado.gov.co/senado/basedoc/constitucion_politica_1991.html
co:cc:c-349:2009,interpreta,co:constitucion:1991:art:277,,,http://www.secretariasenado.gov.co/senado/basedoc/constitucion_politica_1991.html
co:cc:c-230:2004,interpreta,co:constitucion:1991:art:278,,,http://www.secretariasenado.gov.co/senado/basedoc/constitucion_politica_1991.html
co:cc:c-032:1993,interpreta,co:constitucion:1991:art:278,,,http://www.secretariasenado.gov.co/senado/basedoc/constitucion_politica_1991.html
co:cc:c-143:1993,interpreta,co:constitucion:1991:art:278,,,http://www.secretariasenado.gov.co/senado/basedoc/constitucion_politica_1991.html
co:cc:c-152:1993,interpreta,co:constitucion:1991:art:278,,,http://www.secretariasenado.gov.co/senado/basedoc/constitucion_politica_1991.html
co:cc:c-591:1993,interpreta,co:constitucion:1991:art:278,,,http://www.secretariasenado.gov.co/senado/basedoc/constitucion_politica_1991.html
co:cc:c-325:2021,interpreta,co:constitucion:1991:art:278,,,http://www.secretariasenado.gov.co/senado/basedoc/constitucion_politica_1991.html
co:cc:c-417:1993,interpreta,co:constitucion:1991:art:278,,,http://www.secretariasenado.gov.co/senado/basedoc/constitucion_politica_1991.html
co:cc:c-473:1994,interpreta,co:constitucion:1991:art:278,,,http://www.secretariasenado.gov.co/senado/basedoc/constitucion_politica_1991.html
co:cc:c-136:1993,interpreta,co:constitucion:1991:art:278,,,http://www.secretariasenado.gov.co/senado/basedoc/constitucion_politica_1991.html
co:cc:c-487:1993,interpreta,co:constitucion:1991:art:279,,,http://www.secretariasenado.gov.co/senado/basedoc/constitucion_politica_1991.html
co:cc:c-077:2004,interpreta,co:constitucion:1991:art:279,,,http://www.secretariasenado.gov.co/senado/basedoc/constitucion_politica_1991.html
co:cc:c-901:2008,interpreta,co:constitucion:1991:art:279,,,http://www.secretariasenado.gov.co/senado/basedoc/constitucion_politica_1991.html
co:cc:c-487:1993,interpreta,co:constitucion:1991:art:280,,,http://www.secretariasenado.gov.co/senado/basedoc/constitucion_politica_1991.html
co:cc:c-101:2013,interpreta,co:constitucion:1991:art:280,,,http://www.secretariasenado.gov.co/senado/basedoc/constitucion_politica_1991.html
co:cc:c-214:2024,interpreta,co:constitucion:1991:art:280,,,http://www.secretariasenado.gov.co/senado/basedoc/constitucion_politica_1991.html
co:acto-legislativo:2:2015:art:24,modifica,co:constitucion:1991:art:281,2015-07-01,,http://www.secretariasenado.gov.co/senado/basedoc/constitucion_politica_1991.html
co:cc:c-029:2018,declara_exequible,co:constitucion:1991:art:281,2018-05-02,,http://www.secretariasenado.gov.co/senado/basedoc/constitucion_politica_1991.html
co:cc:c-487:1993,interpreta,co:constitucion:1991:art:281,,,http://www.secretariasenado.gov.co/senado/basedoc/constitucion_politica_1991.html
co:cc:c-745:2015,interpreta,co:constitucion:1991:art:282,,,http://www.secretariasenado.gov.co/senado/basedoc/constitucion_politica_1991.html
co:cc:c-198:1994,interpreta,co:constitucion:1991:art:282,,,http://www.secretariasenado.gov.co/senado/basedoc/constitucion_politica_1991.html
co:cc:c-487:1993,interpreta,co:constitucion:1991:art:282,,,http://www.secretariasenado.gov.co/senado/basedoc/constitucion_politica_1991.html
co:cc:c-037:2008,interpreta,co:constitucion:1991:art:282,,,http://www.secretariasenado.gov.co/senado/basedoc/constitucion_politica_1991.html
co:acto-legislativo:2:2015:art:25,modifica,co:constitucion:1991:art:283,2015-07-01,,http://www.secretariasenado.gov.co/senado/basedoc/constitucion_politica_1991.html
co:cc:c-029:2018,declara_exequible,co:constitucion:1991:art:283,2018-05-02,,http://www.secretariasenado.gov.co/senado/basedoc/constitucion_politica_1991.html
co:cc:c-524:2003,interpreta,co:constitucion:1991:art:283,,,http://www.secretariasenado.gov.co/senado/basedoc/constitucion_politica_1991.html
co:cc:c-517:1992,interpreta,co:constitucion:1991:art:285,,,http://www.secretariasenado.gov.co/senado/basedoc/constitucion_politica_1991.html
co:cc:c-517:1992,interpreta,co:constitucion:1991:art:286,,,http://www.secretariasenado.gov.co/senado/basedoc/constitucion_politica_1991.html
co:cc:c-004:1993,interpreta,co:constitucion:1991:art:286,,,http://www.secretariasenado.gov.co/senado/basedoc/constitucion_politica_1991.html
co:cc:c-020:1993,interpreta,co:constitucion:1991:art:286,,,http://www.secretariasenado.gov.co/senado/basedoc/constitucion_politica_1991.html
co:cc:c-467:1993,interpreta,co:constitucion:1991:art:286,,,http://www.secretariasenado.gov.co/senado/basedoc/constitucion_politica_1991.html
co:cc:c-535:1996,interpreta,co:constitucion:1991:art:287,,,http://www.secretariasenado.gov.co/senado/basedoc/constitucion_politica_1991.html
co:cc:c-066:2003,interpreta,co:constitucion:1991:art:287,,,http://www.secretariasenado.gov.co/senado/basedoc/constitucion_politica_1991.html
co:cc:c-208:2003,interpreta,co:constitucion:1991:art:287,,,http://www.secretariasenado.gov.co/senado/basedoc/constitucion_politica_1991.html
co:cc:c-251:2003,interpreta,co:constitucion:1991:art:287,,,http://www.secretariasenado.gov.co/senado/basedoc/constitucion_politica_1991.html
co:cc:c-385:2003,interpreta,co:constitucion:1991:art:287,,,http://www.secretariasenado.gov.co/senado/basedoc/constitucion_politica_1991.html
co:cc:c-477:2003,interpreta,co:constitucion:1991:art:287,,,http://www.secretariasenado.gov.co/senado/basedoc/constitucion_politica_1991.html
co:cc:c-105:2004,interpreta,co:constitucion:1991:art:287,,,http://www.secretariasenado.gov.co/senado/basedoc/constitucion_politica_1991.html
co:cc:c-532:2005,interpreta,co:constitucion:1991:art:287,,,http://www.secretariasenado.gov.co/senado/basedoc/constitucion_politica_1991.html
co:cc:c-957:2007,interpreta,co:constitucion:1991:art:287,,,http://www.secretariasenado.gov.co/senado/basedoc/constitucion_politica_1991.html
co:cc:c-306:2009,interpreta,co:constitucion:1991:art:287,,,http://www.secretariasenado.gov.co/senado/basedoc/constitucion_politica_1991.html
co:cc:c-321:2009,interpreta,co:constitucion:1991:art:287,,,http://www.secretariasenado.gov.co/senado/basedoc/constitucion_politica_1991.html
co:cc:c-978:2010,interpreta,co:constitucion:1991:art:287,,,http://www.secretariasenado.gov.co/senado/basedoc/constitucion_politica_1991.html
co:cc:c-643:2012,interpreta,co:constitucion:1991:art:287,,,http://www.secretariasenado.gov.co/senado/basedoc/constitucion_politica_1991.html
co:cc:c-071:2014,interpreta,co:constitucion:1991:art:287,,,http://www.secretariasenado.gov.co/senado/basedoc/constitucion_politica_1991.html
co:cc:c-123:2014,interpreta,co:constitucion:1991:art:287,,,http://www.secretariasenado.gov.co/senado/basedoc/constitucion_politica_1991.html
co:cc:c-145:2015,interpreta,co:constitucion:1991:art:287,,,http://www.secretariasenado.gov.co/senado/basedoc/constitucion_politica_1991.html
co:cc:c-035:2016,interpreta,co:constitucion:1991:art:287,,,http://www.secretariasenado.gov.co/senado/basedoc/constitucion_politica_1991.html
co:cc:c-155:2016,interpreta,co:constitucion:1991:art:287,,,http://www.secretariasenado.gov.co/senado/basedoc/constitucion_politica_1991.html
co:cc:c-053:2019,interpreta,co:constitucion:1991:art:287,,,http://www.secretariasenado.gov.co/senado/basedoc/constitucion_politica_1991.html
co:cc:c-189:2019,interpreta,co:constitucion:1991:art:287,,,http://www.secretariasenado.gov.co/senado/basedoc/constitucion_politica_1991.html
co:cc:c-493:2019,interpreta,co:constitucion:1991:art:287,,,http://www.secretariasenado.gov.co/senado/basedoc/constitucion_politica_1991.html
co:cc:c-020:1993,interpreta,co:constitucion:1991:art:287,,,http://www.secretariasenado.gov.co/senado/basedoc/constitucion_politica_1991.html
co:cc:c-040:1993,interpreta,co:constitucion:1991:art:287,,,http://www.secretariasenado.gov.co/senado/basedoc/constitucion_politica_1991.html
co:cc:c-931:2006,interpreta,co:constitucion:1991:art:287,,,http://www.secretariasenado.gov.co/senado/basedoc/constitucion_politica_1991.html
co:cc:c-105:2013,interpreta,co:constitucion:1991:art:287,,,http://www.secretariasenado.gov.co/senado/basedoc/constitucion_politica_1991.html
co:cc:c-246:2019,interpreta,co:constitucion:1991:art:287,,,http://www.secretariasenado.gov.co/senado/basedoc/constitucion_politica_1991.html
co:cc:c-316:2025,interpreta,co:constitucion:1991:art:287,,,http://www.secretariasenado.gov.co/senado/basedoc/constitucion_politica_1991.html
co:cc:c-765:2006,interpreta,co:constitucion:1991:art:287,,,http://www.secretariasenado.gov.co/senado/basedoc/constitucion_politica_1991.html
co:cc:c-072:2014,interpreta,co:constitucion:1991:art:287,,,http://www.secretariasenado.gov.co/senado/basedoc/constitucion_politica_1991.html
co:cc:c-380:2019,interpreta,co:constitucion:1991:art:287,,,http://www.secretariasenado.gov.co/senado/basedoc/constitucion_politica_1991.html
co:cc:c-398:2024,interpreta,co:constitucion:1991:art:287,,,http://www.secretariasenado.gov.co/senado/basedoc/constitucion_politica_1991.html
co:cc:c-385:2025,interpreta,co:constitucion:1991:art:287,,,http://www.secretariasenado.gov.co/senado/basedoc/constitucion_politica_1991.html
co:cc:c-467:1993,interpreta,co:constitucion:1991:art:287,,,http://www.secretariasenado.gov.co/senado/basedoc/constitucion_politica_1991.html
co:cc:c-448:2005,interpreta,co:constitucion:1991:art:287,,,http://www.secretariasenado.gov.co/senado/basedoc/constitucion_politica_1991.html
co:cc:c-533:2005,interpreta,co:constitucion:1991:art:287,,,http://www.secretariasenado.gov.co/senado/basedoc/constitucion_politica_1991.html
co:cc:c-925:2006,interpreta,co:constitucion:1991:art:287,,,http://www.secretariasenado.gov.co/senado/basedoc/constitucion_politica_1991.html
co:cc:c-333:2010,interpreta,co:constitucion:1991:art:287,,,http://www.secretariasenado.gov.co/senado/basedoc/constitucion_politica_1991.html
co:cc:c-891:2012,interpreta,co:constitucion:1991:art:287,,,http://www.secretariasenado.gov.co/senado/basedoc/constitucion_politica_1991.html
co:cc:c-615:2013,interpreta,co:constitucion:1991:art:287,,,http://www.secretariasenado.gov.co/senado/basedoc/constitucion_politica_1991.html
co:cc:c-346:2017,interpreta,co:constitucion:1991:art:287,,,http://www.secretariasenado.gov.co/senado/basedoc/constitucion_politica_1991.html
co:cc:c-132:2020,interpreta,co:constitucion:1991:art:287,,,http://www.secretariasenado.gov.co/senado/basedoc/constitucion_politica_1991.html
co:cc:c-389:2021,interpreta,co:constitucion:1991:art:287,,,http://www.secretariasenado.gov.co/senado/basedoc/constitucion_politica_1991.html
co:cc:c-502:2023,interpreta,co:constitucion:1991:art:287,,,http://www.secretariasenado.gov.co/senado/basedoc/constitucion_politica_1991.html
co:cc:c-478:1992,interpreta,co:constitucion:1991:art:288,,,http://www.secretariasenado.gov.co/senado/basedoc/constitucion_politica_1991.html
co:cc:c-517:1992,interpreta,co:constitucion:1991:art:288,,,http://www.secretariasenado.gov.co/senado/basedoc/constitucion_politica_1991.html
co:cc:c-004:1993,interpreta,co:constitucion:1991:art:288,,,http://www.secretariasenado.gov.co/senado/basedoc/constitucion_politica_1991.html
co:cc:c-075:1993,interpreta,co:constitucion:1991:art:288,,,http://www.secretariasenado.gov.co/senado/basedoc/constitucion_politica_1991.html
co:cc:c-098:1993,interpreta,co:constitucion:1991:art:288,,,http://www.secretariasenado.gov.co/senado/basedoc/constitucion_politica_1991.html
co:cc:c-126:1993,interpreta,co:constitucion:1991:art:288,,,http://www.secretariasenado.gov.co/senado/basedoc/constitucion_politica_1991.html
co:cc:c-337:1993,interpreta,co:constitucion:1991:art:288,,,http://www.secretariasenado.gov.co/senado/basedoc/constitucion_politica_1991.html
co:cc:c-541:1993,interpreta,co:constitucion:1991:art:288,,,http://www.secretariasenado.gov.co/senado/basedoc/constitucion_politica_1991.html
co:cc:c-072:2014,interpreta,co:constitucion:1991:art:288,,,http://www.secretariasenado.gov.co/senado/basedoc/constitucion_politica_1991.html
co:cc:c-123:2014,interpreta,co:constitucion:1991:art:288,,,http://www.secretariasenado.gov.co/senado/basedoc/constitucion_politica_1991.html
co:cc:c-145:2015,interpreta,co:constitucion:1991:art:288,,,http://www.secretariasenado.gov.co/senado/basedoc/constitucion_politica_1991.html
co:cc:c-035:2016,interpreta,co:constitucion:1991:art:288,,,http://www.secretariasenado.gov.co/senado/basedoc/constitucion_politica_1991.html
co:cc:c-273:2016,interpreta,co:constitucion:1991:art:288,,,http://www.secretariasenado.gov.co/senado/basedoc/constitucion_politica_1991.html
co:cc:c-077:2017,interpreta,co:constitucion:1991:art:288,,,http://www.secretariasenado.gov.co/senado/basedoc/constitucion_politica_1991.html
co:cc:c-158:2020,interpreta,co:constitucion:1991:art:288,,,http://www.secretariasenado.gov.co/senado/basedoc/constitucion_politica_1991.html
co:cc:c-447:2025,interpreta,co:constitucion:1991:art:288,,,http://www.secretariasenado.gov.co/senado/basedoc/constitucion_politica_1991.html
co:cc:c-504:1992,interpreta,co:constitucion:1991:art:289,,,http://www.secretariasenado.gov.co/senado/basedoc/constitucion_politica_1991.html
co:cc:c-379:1993,interpreta,co:constitucion:1991:art:289,,,http://www.secretariasenado.gov.co/senado/basedoc/constitucion_politica_1991.html
co:cc:c-214:1993,interpreta,co:constitucion:1991:art:291,,,http://www.secretariasenado.gov.co/senado/basedoc/constitucion_politica_1991.html
co:cc:c-537:1993,interpreta,co:constitucion:1991:art:292,,,http://www.secretariasenado.gov.co/senado/basedoc/constitucion_politica_1991.html
co:cc:c-311:2004,interpreta,co:constitucion:1991:art:292,,,http://www.secretariasenado.gov.co/senado/basedoc/constitucion_politica_1991.html
co:cc:c-348:2004,interpreta,co:constitucion:1991:art:292,,,http://www.secretariasenado.gov.co/senado/basedoc/constitucion_politica_1991.html
co:cc:c-462:2004,interpreta,co:constitucion:1991:art:292,,,http://www.secretariasenado.gov.co/senado/basedoc/constitucion_politica_1991.html
co:cc:c-671:2004,interpreta,co:constitucion:1991:art:292,,,http://www.secretariasenado.gov.co/senado/basedoc/constitucion_politica_1991.html
co:cc:c-1051:2004,interpreta,co:constitucion:1991:art:292,,,http://www.secretariasenado.gov.co/senado/basedoc/constitucion_politica_1991.html
co:cc:c-903:2008,interpreta,co:constitucion:1991:art:292,,,http://www.secretariasenado.gov.co/senado/basedoc/constitucion_politica_1991.html
co:cc:c-899:2009,interpreta,co:constitucion:1991:art:292,,,http://www.secretariasenado.gov.co/senado/basedoc/constitucion_politica_1991.html
co:cc:c-933:2009,interpreta,co:constitucion:1991:art:292,,,http://www.secretariasenado.gov.co/senado/basedoc/constitucion_politica_1991.html
co:cc:c-305:2021,interpreta,co:constitucion:1991:art:292,,,http://www.secretariasenado.gov.co/senado/basedoc/constitucion_politica_1991.html
co:cc:c-532:1993,interpreta,co:constitucion:1991:art:293,,,http://www.secretariasenado.gov.co/senado/basedoc/constitucion_politica_1991.html
co:cc:c-179:2005,interpreta,co:constitucion:1991:art:293,,,http://www.secretariasenado.gov.co/senado/basedoc/constitucion_politica_1991.html
co:cc:c-100:2013,interpreta,co:constitucion:1991:art:293,,,http://www.secretariasenado.gov.co/senado/basedoc/constitucion_politica_1991.html
co:cc:c-510:1992,interpreta,co:constitucion:1991:art:294,,,http://www.secretariasenado.gov.co/senado/basedoc/constitucion_politica_1991.html
co:cc:c-517:1992,interpreta,co:constitucion:1991:art:294,,,http://www.secretariasenado.gov.co/senado/basedoc/constitucion_politica_1991.html
co:cc:c-004:1993,interpreta,co:constitucion:1991:art:294,,,http://www.secretariasenado.gov.co/senado/basedoc/constitucion_politica_1991.html
co:cc:c-027:1993,interpreta,co:constitucion:1991:art:294,,,http://www.secretariasenado.gov.co/senado/basedoc/constitucion_politica_1991.html
co:cc:c-040:1993,interpreta,co:constitucion:1991:art:294,,,http://www.secretariasenado.gov.co/senado/basedoc/constitucion_politica_1991.html
co:cc:c-126:1993,interpreta,co:constitucion:1991:art:294,,,http://www.secretariasenado.gov.co/senado/basedoc/constitucion_politica_1991.html
co:cc:c-197:1993,interpreta,co:constitucion:1991:art:294,,,http://www.secretariasenado.gov.co/senado/basedoc/constitucion_politica_1991.html
co:cc:c-427:1993,interpreta,co:constitucion:1991:art:294,,,http://www.secretariasenado.gov.co/senado/basedoc/constitucion_politica_1991.html
co:cc:c-467:1993,interpreta,co:constitucion:1991:art:294,,,http://www.secretariasenado.gov.co/senado/basedoc/constitucion_politica_1991.html
co:cc:c-545:1993,interpreta,co:constitucion:1991:art:294,,,http://www.secretariasenado.gov.co/senado/basedoc/constitucion_politica_1991.html
co:cc:c-521:1997,interpreta,co:constitucion:1991:art:294,,,http://www.secretariasenado.gov.co/senado/basedoc/constitucion_politica_1991.html
co:cc:c-226:2004,interpreta,co:constitucion:1991:art:294,,,http://www.secretariasenado.gov.co/senado/basedoc/constitucion_politica_1991.html
co:cc:c-992:2004,interpreta,co:constitucion:1991:art:294,,,http://www.secretariasenado.gov.co/senado/basedoc/constitucion_politica_1991.html
co:cc:c-448:2005,interpreta,co:constitucion:1991:art:294,,,http://www.secretariasenado.gov.co/senado/basedoc/constitucion_politica_1991.html
co:cc:c-812:2009,interpreta,co:constitucion:1991:art:294,,,http://www.secretariasenado.gov.co/senado/basedoc/constitucion_politica_1991.html
co:cc:c-333:2010,interpreta,co:constitucion:1991:art:294,,,http://www.secretariasenado.gov.co/senado/basedoc/constitucion_politica_1991.html
co:cc:c-260:2015,interpreta,co:constitucion:1991:art:294,,,http://www.secretariasenado.gov.co/senado/basedoc/constitucion_politica_1991.html
co:cc:c-029:2019,interpreta,co:constitucion:1991:art:294,,,http://www.secretariasenado.gov.co/senado/basedoc/constitucion_politica_1991.html
co:cc:c-478:1992,interpreta,co:constitucion:1991:art:295,,,http://www.secretariasenado.gov.co/senado/basedoc/constitucion_politica_1991.html
co:cc:c-004:1993,interpreta,co:constitucion:1991:art:295,,,http://www.secretariasenado.gov.co/senado/basedoc/constitucion_politica_1991.html
co:cc:c-032:1993,interpreta,co:constitucion:1991:art:296,,,http://www.secretariasenado.gov.co/senado/basedoc/constitucion_politica_1991.html
co:cc:c-075:1993,interpreta,co:constitucion:1991:art:296,,,http://www.secretariasenado.gov.co/senado/basedoc/constitucion_politica_1991.html
co:cc:c-126:1993,interpreta,co:constitucion:1991:art:296,,,http://www.secretariasenado.gov.co/senado/basedoc/constitucion_politica_1991.html
co:cc:c-517:1992,interpreta,co:constitucion:1991:art:297,,,http://www.secretariasenado.gov.co/senado/basedoc/constitucion_politica_1991.html
co:cc:c-061:1993,interpreta,co:constitucion:1991:art:297,,,http://www.secretariasenado.gov.co/senado/basedoc/constitucion_politica_1991.html
co:cc:c-428:1993,interpreta,co:constitucion:1991:art:297,,,http://www.secretariasenado.gov.co/senado/basedoc/constitucion_politica_1991.html
co:cc:c-478:1992,interpreta,co:constitucion:1991:art:298,,,http://www.secretariasenado.gov.co/senado/basedoc/constitucion_politica_1991.html
co:cc:c-517:1992,interpreta,co:constitucion:1991:art:298,,,http://www.secretariasenado.gov.co/senado/basedoc/constitucion_politica_1991.html
co:cc:c-004:1993,interpreta,co:constitucion:1991:art:298,,,http://www.secretariasenado.gov.co/senado/basedoc/constitucion_politica_1991.html
co:cc:c-126:1993,interpreta,co:constitucion:1991:art:298,,,http://www.secretariasenado.gov.co/senado/basedoc/constitucion_politica_1991.html
co:cc:c-325:2009,interpreta,co:constitucion:1991:art:299,,,http://www.secretariasenado.gov.co/senado/basedoc/constitucion_politica_1991.html
co:cc:c-396:2021,interpreta,co:constitucion:1991:art:299,,,http://www.secretariasenado.gov.co/senado/basedoc/constitucion_politica_1991.html
co:cc:c-112:2023,interpreta,co:constitucion:1991:art:299,,,http://www.secretariasenado.gov.co/senado/basedoc/constitucion_politica_1991.html
co:acto-legislativo:1:2007:art:3,modifica,co:constitucion:1991:art:299,2007-06-27,la fuente marca INEXEQUIBLE sobre esta reforma — verificar si surtió efecto,http://www.secretariasenado.gov.co/senado/basedoc/constitucion_politica_1991.html
co:acto-legislativo:1:1996:art:1,modifica,co:constitucion:1991:art:299,1996-12-31,fecha aproximada: la fuente solo da el año,http://www.secretariasenado.gov.co/senado/basedoc/constitucion_politica_1991.html
co:cc:c-668:2004,declara_inexequible,co:constitucion:1991:art:299,2004-07-13,,http://www.secretariasenado.gov.co/senado/basedoc/constitucion_politica_1991.html
co:cc:c-112:1993,interpreta,co:constitucion:1991:art:299,,,http://www.secretariasenado.gov.co/senado/basedoc/constitucion_politica_1991.html
co:cc:c-537:1993,interpreta,co:constitucion:1991:art:299,,,http://www.secretariasenado.gov.co/senado/basedoc/constitucion_politica_1991.html
co:cc:c-015:2004,interpreta,co:constitucion:1991:art:299,,,http://www.secretariasenado.gov.co/senado/basedoc/constitucion_politica_1991.html
co:cc:c-572:2004,interpreta,co:constitucion:1991:art:299,,,http://www.secretariasenado.gov.co/senado/basedoc/constitucion_politica_1991.html
co:cc:c-691:2004,interpreta,co:constitucion:1991:art:299,,,http://www.secretariasenado.gov.co/senado/basedoc/constitucion_politica_1991.html
co:cc:c-342:2006,interpreta,co:constitucion:1991:art:299,,,http://www.secretariasenado.gov.co/senado/basedoc/constitucion_politica_1991.html
co:cc:c-376:2022,interpreta,co:constitucion:1991:art:299,,,http://www.secretariasenado.gov.co/senado/basedoc/constitucion_politica_1991.html
co:cc:c-305:2004,interpreta,co:constitucion:1991:art:300,,,http://www.secretariasenado.gov.co/senado/basedoc/constitucion_politica_1991.html
co:cc:c-517:1992,interpreta,co:constitucion:1991:art:300,,,http://www.secretariasenado.gov.co/senado/basedoc/constitucion_politica_1991.html
co:cc:c-398:2024,interpreta,co:constitucion:1991:art:300,,,http://www.secretariasenado.gov.co/senado/basedoc/constitucion_politica_1991.html
co:cc:c-071:1994,interpreta,co:constitucion:1991:art:300,,,http://www.secretariasenado.gov.co/senado/basedoc/constitucion_politica_1991.html
co:cc:c-385:2025,interpreta,co:constitucion:1991:art:300,,,http://www.secretariasenado.gov.co/senado/basedoc/constitucion_politica_1991.html
co:cc:c-510:1992,interpreta,co:constitucion:1991:art:300,,,http://www.secretariasenado.gov.co/senado/basedoc/constitucion_politica_1991.html
co:cc:c-004:1993,interpreta,co:constitucion:1991:art:300,,,http://www.secretariasenado.gov.co/senado/basedoc/constitucion_politica_1991.html
co:cc:c-502:2023,interpreta,co:constitucion:1991:art:300,,,http://www.secretariasenado.gov.co/senado/basedoc/constitucion_politica_1991.html
co:cc:c-478:1992,interpreta,co:constitucion:1991:art:300,,,http://www.secretariasenado.gov.co/senado/basedoc/constitucion_politica_1991.html
co:cc:c-464:1993,interpreta,co:constitucion:1991:art:300,,,http://www.secretariasenado.gov.co/senado/basedoc/constitucion_politica_1991.html
co:cc:c-448:2020,interpreta,co:constitucion:1991:art:300,,,http://www.secretariasenado.gov.co/senado/basedoc/constitucion_politica_1991.html
co:cc:c-313:2009,interpreta,co:constitucion:1991:art:300,,,http://www.secretariasenado.gov.co/senado/basedoc/constitucion_politica_1991.html
co:cc:c-112:1993,interpreta,co:constitucion:1991:art:300,,,http://www.secretariasenado.gov.co/senado/basedoc/constitucion_politica_1991.html
co:cc:c-691:2007,interpreta,co:constitucion:1991:art:300,,,http://www.secretariasenado.gov.co/senado/basedoc/constitucion_politica_1991.html
co:cc:c-910:2007,interpreta,co:constitucion:1991:art:300,,,http://www.secretariasenado.gov.co/senado/basedoc/constitucion_politica_1991.html
co:cc:c-246:2019,interpreta,co:constitucion:1991:art:300,,,http://www.secretariasenado.gov.co/senado/basedoc/constitucion_politica_1991.html
co:cc:c-032:1993,interpreta,co:constitucion:1991:art:300,,,http://www.secretariasenado.gov.co/senado/basedoc/constitucion_politica_1991.html
co:cc:c-036:2023,interpreta,co:constitucion:1991:art:300,,,http://www.secretariasenado.gov.co/senado/basedoc/constitucion_politica_1991.html
co:cc:c-075:1993,interpreta,co:constitucion:1991:art:300,,,http://www.secretariasenado.gov.co/senado/basedoc/constitucion_politica_1991.html
co:cc:c-405:1998,interpreta,co:constitucion:1991:art:300,,,http://www.secretariasenado.gov.co/senado/basedoc/constitucion_politica_1991.html
co:cc:c-376:2022,interpreta,co:constitucion:1991:art:300,,,http://www.secretariasenado.gov.co/senado/basedoc/constitucion_politica_1991.html
co:acto-legislativo:1:2007:art:4,adiciona,co:constitucion:1991:art:300,2007-06-27,,http://www.secretariasenado.gov.co/senado/basedoc/constitucion_politica_1991.html
co:acto-legislativo:1:1996:art:2,modifica,co:constitucion:1991:art:300,1996-12-31,fecha aproximada: la fuente solo da el año,http://www.secretariasenado.gov.co/senado/basedoc/constitucion_politica_1991.html
co:cc:c-222:1997,declara_exequible,co:constitucion:1991:art:300,1997-04-29,,http://www.secretariasenado.gov.co/senado/basedoc/constitucion_politica_1991.html
co:cc:c-126:1993,interpreta,co:constitucion:1991:art:300,,,http://www.secretariasenado.gov.co/senado/basedoc/constitucion_politica_1991.html
co:cc:c-086:1994,interpreta,co:constitucion:1991:art:301,,,http://www.secretariasenado.gov.co/senado/basedoc/constitucion_politica_1991.html
co:cc:c-321:1994,interpreta,co:constitucion:1991:art:301,,,http://www.secretariasenado.gov.co/senado/basedoc/constitucion_politica_1991.html
co:cc:c-126:1993,interpreta,co:constitucion:1991:art:302,,,http://www.secretariasenado.gov.co/senado/basedoc/constitucion_politica_1991.html
co:acto-legislativo:2:2002:art:1,modifica,co:constitucion:1991:art:303,2002-08-07,,http://www.secretariasenado.gov.co/senado/basedoc/constitucion_politica_1991.html
co:cc:c-478:1992,interpreta,co:constitucion:1991:art:303,,,http://www.secretariasenado.gov.co/senado/basedoc/constitucion_politica_1991.html
co:cc:c-032:1993,interpreta,co:constitucion:1991:art:303,,,http://www.secretariasenado.gov.co/senado/basedoc/constitucion_politica_1991.html
co:cc:c-075:1993,interpreta,co:constitucion:1991:art:303,,,http://www.secretariasenado.gov.co/senado/basedoc/constitucion_politica_1991.html
co:cc:c-126:1993,interpreta,co:constitucion:1991:art:303,,,http://www.secretariasenado.gov.co/senado/basedoc/constitucion_politica_1991.html
co:cc:c-143:1993,interpreta,co:constitucion:1991:art:303,,,http://www.secretariasenado.gov.co/senado/basedoc/constitucion_politica_1991.html
co:cc:c-214:1993,interpreta,co:constitucion:1991:art:303,,,http://www.secretariasenado.gov.co/senado/basedoc/constitucion_politica_1991.html
co:cc:c-454:1993,interpreta,co:constitucion:1991:art:303,,,http://www.secretariasenado.gov.co/senado/basedoc/constitucion_politica_1991.html
co:cc:c-487:1993,interpreta,co:constitucion:1991:art:303,,,http://www.secretariasenado.gov.co/senado/basedoc/constitucion_politica_1991.html
co:cc:c-524:2003,interpreta,co:constitucion:1991:art:303,,,http://www.secretariasenado.gov.co/senado/basedoc/constitucion_politica_1991.html
co:cc:c-015:2004,interpreta,co:constitucion:1991:art:303,,,http://www.secretariasenado.gov.co/senado/basedoc/constitucion_politica_1991.html
co:cc:c-117:2006,interpreta,co:constitucion:1991:art:303,,,http://www.secretariasenado.gov.co/senado/basedoc/constitucion_politica_1991.html
co:cc:c-032:1993,interpreta,co:constitucion:1991:art:304,,,http://www.secretariasenado.gov.co/senado/basedoc/constitucion_politica_1991.html
co:cc:c-126:1993,interpreta,co:constitucion:1991:art:304,,,http://www.secretariasenado.gov.co/senado/basedoc/constitucion_politica_1991.html
co:cc:c-246:2019,interpreta,co:constitucion:1991:art:305,,,http://www.secretariasenado.gov.co/senado/basedoc/constitucion_politica_1991.html
co:cc:c-530:1993,interpreta,co:constitucion:1991:art:305,,,http://www.secretariasenado.gov.co/senado/basedoc/constitucion_politica_1991.html
co:cc:c-295:1995,interpreta,co:constitucion:1991:art:305,,,http://www.secretariasenado.gov.co/senado/basedoc/constitucion_politica_1991.html
co:cc:c-143:1993,interpreta,co:constitucion:1991:art:305,,,http://www.secretariasenado.gov.co/senado/basedoc/constitucion_politica_1991.html
co:cc:c-464:1993,interpreta,co:constitucion:1991:art:305,,,http://www.secretariasenado.gov.co/senado/basedoc/constitucion_politica_1991.html
co:cc:c-313:2004,declara_inexequible,co:constitucion:1991:art:306,2004-03-31,,http://www.secretariasenado.gov.co/senado/basedoc/constitucion_politica_1991.html
co:cc:c-423:1994,interpreta,co:constitucion:1991:art:306,,,http://www.secretariasenado.gov.co/senado/basedoc/constitucion_politica_1991.html
co:cc:c-313:2004,interpreta,co:constitucion:1991:art:306,,,http://www.secretariasenado.gov.co/senado/basedoc/constitucion_politica_1991.html
co:cc:c-463:2004,interpreta,co:constitucion:1991:art:306,,,http://www.secretariasenado.gov.co/senado/basedoc/constitucion_politica_1991.html
co:cc:c-572:2004,interpreta,co:constitucion:1991:art:306,,,http://www.secretariasenado.gov.co/senado/basedoc/constitucion_politica_1991.html
co:cc:c-517:1992,interpreta,co:constitucion:1991:art:307,,,http://www.secretariasenado.gov.co/senado/basedoc/constitucion_politica_1991.html
co:cc:c-428:1993,interpreta,co:constitucion:1991:art:307,,,http://www.secretariasenado.gov.co/senado/basedoc/constitucion_politica_1991.html
co:cc:c-489:2012,interpreta,co:constitucion:1991:art:307,,,http://www.secretariasenado.gov.co/senado/basedoc/constitucion_politica_1991.html
co:cc:c-126:1993,interpreta,co:constitucion:1991:art:309,,,http://www.secretariasenado.gov.co/senado/basedoc/constitucion_politica_1991.html
co:cc:c-127:1993,interpreta,co:constitucion:1991:art:309,,,http://www.secretariasenado.gov.co/senado/basedoc/constitucion_politica_1991.html
co:cc:c-503:1993,interpreta,co:constitucion:1991:art:309,,,http://www.secretariasenado.gov.co/senado/basedoc/constitucion_politica_1991.html
co:cc:c-517:1992,interpreta,co:constitucion:1991:art:310,,,http://www.secretariasenado.gov.co/senado/basedoc/constitucion_politica_1991.html
co:cc:c-026:1993,interpreta,co:constitucion:1991:art:310,,,http://www.secretariasenado.gov.co/senado/basedoc/constitucion_politica_1991.html
co:cc:c-295:1993,interpreta,co:constitucion:1991:art:310,,,http://www.secretariasenado.gov.co/senado/basedoc/constitucion_politica_1991.html
co:cc:c-530:1993,interpreta,co:constitucion:1991:art:310,,,http://www.secretariasenado.gov.co/senado/basedoc/constitucion_politica_1991.html
co:cc:c-1118:2004,interpreta,co:constitucion:1991:art:310,,,http://www.secretariasenado.gov.co/senado/basedoc/constitucion_politica_1991.html
co:cc:c-354:2006,interpreta,co:constitucion:1991:art:310,,,http://www.secretariasenado.gov.co/senado/basedoc/constitucion_politica_1991.html
co:cc:c-1060:2008,interpreta,co:constitucion:1991:art:310,,,http://www.secretariasenado.gov.co/senado/basedoc/constitucion_politica_1991.html
co:cc:c-478:1992,interpreta,co:constitucion:1991:art:311,,,http://www.secretariasenado.gov.co/senado/basedoc/constitucion_politica_1991.html
co:cc:c-517:1992,interpreta,co:constitucion:1991:art:311,,,http://www.secretariasenado.gov.co/senado/basedoc/constitucion_politica_1991.html
co:cc:c-003:1993,interpreta,co:constitucion:1991:art:311,,,http://www.secretariasenado.gov.co/senado/basedoc/constitucion_politica_1991.html
co:cc:c-004:1993,interpreta,co:constitucion:1991:art:311,,,http://www.secretariasenado.gov.co/senado/basedoc/constitucion_politica_1991.html
co:cc:c-204:1993,interpreta,co:constitucion:1991:art:311,,,http://www.secretariasenado.gov.co/senado/basedoc/constitucion_politica_1991.html
co:cc:c-503:1993,interpreta,co:constitucion:1991:art:311,,,http://www.secretariasenado.gov.co/senado/basedoc/constitucion_politica_1991.html
co:cc:c-545:1993,interpreta,co:constitucion:1991:art:311,,,http://www.secretariasenado.gov.co/senado/basedoc/constitucion_politica_1991.html
co:cc:c-385:2025,interpreta,co:constitucion:1991:art:311,,,http://www.secretariasenado.gov.co/senado/basedoc/constitucion_politica_1991.html
co:cc:c-043:2003,interpreta,co:constitucion:1991:art:312,,,http://www.secretariasenado.gov.co/senado/basedoc/constitucion_politica_1991.html
co:cc:c-015:2004,interpreta,co:constitucion:1991:art:312,,,http://www.secretariasenado.gov.co/senado/basedoc/constitucion_politica_1991.html
co:acto-legislativo:1:2007:art:5,modifica,co:constitucion:1991:art:312,2007-06-27,,http://www.secretariasenado.gov.co/senado/basedoc/constitucion_politica_1991.html
co:cc:c-478:1992,interpreta,co:constitucion:1991:art:312,,,http://www.secretariasenado.gov.co/senado/basedoc/constitucion_politica_1991.html
co:cc:c-112:1993,interpreta,co:constitucion:1991:art:312,,,http://www.secretariasenado.gov.co/senado/basedoc/constitucion_politica_1991.html
co:cc:c-487:1993,interpreta,co:constitucion:1991:art:312,,,http://www.secretariasenado.gov.co/senado/basedoc/constitucion_politica_1991.html
co:cc:c-537:1993,interpreta,co:constitucion:1991:art:312,,,http://www.secretariasenado.gov.co/senado/basedoc/constitucion_politica_1991.html
co:cc:c-385:2003,interpreta,co:constitucion:1991:art:313,,,http://www.secretariasenado.gov.co/senado/basedoc/constitucion_politica_1991.html
co:cc:c-517:1992,interpreta,co:constitucion:1991:art:313,,,http://www.secretariasenado.gov.co/senado/basedoc/constitucion_politica_1991.html
co:cc:c-107:2013,interpreta,co:constitucion:1991:art:313,,,http://www.secretariasenado.gov.co/senado/basedoc/constitucion_politica_1991.html
co:cc:c-098:2019,interpreta,co:constitucion:1991:art:313,,,http://www.secretariasenado.gov.co/senado/basedoc/constitucion_politica_1991.html
co:cc:c-478:1992,interpreta,co:constitucion:1991:art:313,,,http://www.secretariasenado.gov.co/senado/basedoc/constitucion_politica_1991.html
co:cc:c-295:1993,interpreta,co:constitucion:1991:art:313,,,http://www.secretariasenado.gov.co/senado/basedoc/constitucion_politica_1991.html
co:cc:c-398:2024,interpreta,co:constitucion:1991:art:313,,,http://www.secretariasenado.gov.co/senado/basedoc/constitucion_politica_1991.html
co:cc:c-385:2025,interpreta,co:constitucion:1991:art:313,,,http://www.secretariasenado.gov.co/senado/basedoc/constitucion_politica_1991.html
co:cc:c-510:1992,interpreta,co:constitucion:1991:art:313,,,http://www.secretariasenado.gov.co/senado/basedoc/constitucion_politica_1991.html
co:cc:c-004:1993,interpreta,co:constitucion:1991:art:313,,,http://www.secretariasenado.gov.co/senado/basedoc/constitucion_politica_1991.html
co:cc:c-1043:2003,interpreta,co:constitucion:1991:art:313,,,http://www.secretariasenado.gov.co/senado/basedoc/constitucion_politica_1991.html
co:cc:c-502:2023,interpreta,co:constitucion:1991:art:313,,,http://www.secretariasenado.gov.co/senado/basedoc/constitucion_politica_1991.html
co:cc:c-464:1993,interpreta,co:constitucion:1991:art:313,,,http://www.secretariasenado.gov.co/senado/basedoc/constitucion_politica_1991.html
co:cc:c-448:2020,interpreta,co:constitucion:1991:art:313,,,http://www.secretariasenado.gov.co/senado/basedoc/constitucion_politica_1991.html
co:cc:c-112:1993,interpreta,co:constitucion:1991:art:313,,,http://www.secretariasenado.gov.co/senado/basedoc/constitucion_politica_1991.html
co:cc:c-691:2007,interpreta,co:constitucion:1991:art:313,,,http://www.secretariasenado.gov.co/senado/basedoc/constitucion_politica_1991.html
co:cc:c-910:2007,interpreta,co:constitucion:1991:art:313,,,http://www.secretariasenado.gov.co/senado/basedoc/constitucion_politica_1991.html
co:cc:c-246:2019,interpreta,co:constitucion:1991:art:313,,,http://www.secretariasenado.gov.co/senado/basedoc/constitucion_politica_1991.html
co:cc:c-026:1993,interpreta,co:constitucion:1991:art:313,,,http://www.secretariasenado.gov.co/senado/basedoc/constitucion_politica_1991.html
co:cc:c-183:2003,interpreta,co:constitucion:1991:art:313,,,http://www.secretariasenado.gov.co/senado/basedoc/constitucion_politica_1991.html
co:cc:c-117:2006,interpreta,co:constitucion:1991:art:313,,,http://www.secretariasenado.gov.co/senado/basedoc/constitucion_politica_1991.html
co:cc:c-765:2006,interpreta,co:constitucion:1991:art:313,,,http://www.secretariasenado.gov.co/senado/basedoc/constitucion_politica_1991.html
co:cc:c-351:2009,interpreta,co:constitucion:1991:art:313,,,http://www.secretariasenado.gov.co/senado/basedoc/constitucion_politica_1991.html
co:cc:c-149:2010,interpreta,co:constitucion:1991:art:313,,,http://www.secretariasenado.gov.co/senado/basedoc/constitucion_politica_1991.html
co:cc:c-123:2014,interpreta,co:constitucion:1991:art:313,,,http://www.secretariasenado.gov.co/senado/basedoc/constitucion_politica_1991.html
co:cc:c-145:2015,interpreta,co:constitucion:1991:art:313,,,http://www.secretariasenado.gov.co/senado/basedoc/constitucion_politica_1991.html
co:cc:c-035:2016,interpreta,co:constitucion:1991:art:313,,,http://www.secretariasenado.gov.co/senado/basedoc/constitucion_politica_1991.html
co:cc:c-015:2023,interpreta,co:constitucion:1991:art:313,,,http://www.secretariasenado.gov.co/senado/basedoc/constitucion_politica_1991.html
co:cc:c-024:1994,interpreta,co:constitucion:1991:art:313,,,http://www.secretariasenado.gov.co/senado/basedoc/constitucion_politica_1991.html
co:cc:c-822:2004,interpreta,co:constitucion:1991:art:313,,,http://www.secretariasenado.gov.co/senado/basedoc/constitucion_politica_1991.html
co:cc:c-105:2013,interpreta,co:constitucion:1991:art:313,,,http://www.secretariasenado.gov.co/senado/basedoc/constitucion_politica_1991.html
co:cc:c-393:2019,interpreta,co:constitucion:1991:art:313,,,http://www.secretariasenado.gov.co/senado/basedoc/constitucion_politica_1991.html
co:acto-legislativo:1:2007:art:6,adiciona,co:constitucion:1991:art:313,2007-06-27,,http://www.secretariasenado.gov.co/senado/basedoc/constitucion_politica_1991.html
co:cc:c-405:1998,interpreta,co:constitucion:1991:art:313,,,http://www.secretariasenado.gov.co/senado/basedoc/constitucion_politica_1991.html
co:cc:c-003:1993,interpreta,co:constitucion:1991:art:313,,,http://www.secretariasenado.gov.co/senado/basedoc/constitucion_politica_1991.html
co:cc:c-204:1993,interpreta,co:constitucion:1991:art:313,,,http://www.secretariasenado.gov.co/senado/basedoc/constitucion_politica_1991.html
co:acto-legislativo:2:2002:art:3,modifica,co:constitucion:1991:art:314,2002-08-07,,http://www.secretariasenado.gov.co/senado/basedoc/constitucion_politica_1991.html
co:cc:c-478:1992,interpreta,co:constitucion:1991:art:314,,,http://www.secretariasenado.gov.co/senado/basedoc/constitucion_politica_1991.html
co:cc:c-032:1993,interpreta,co:constitucion:1991:art:314,,,http://www.secretariasenado.gov.co/senado/basedoc/constitucion_politica_1991.html
co:cc:c-143:1993,interpreta,co:constitucion:1991:art:314,,,http://www.secretariasenado.gov.co/senado/basedoc/constitucion_politica_1991.html
co:cc:c-454:1993,interpreta,co:constitucion:1991:art:314,,,http://www.secretariasenado.gov.co/senado/basedoc/constitucion_politica_1991.html
co:cc:c-503:1993,interpreta,co:constitucion:1991:art:314,,,http://www.secretariasenado.gov.co/senado/basedoc/constitucion_politica_1991.html
co:cc:c-030:2023,interpreta,co:constitucion:1991:art:314,,,http://www.secretariasenado.gov.co/senado/basedoc/constitucion_politica_1991.html
co:cc:c-385:2003,interpreta,co:constitucion:1991:art:315,,,http://www.secretariasenado.gov.co/senado/basedoc/constitucion_politica_1991.html
co:cc:c-524:2003,interpreta,co:constitucion:1991:art:315,,,http://www.secretariasenado.gov.co/senado/basedoc/constitucion_politica_1991.html
co:cc:c-032:1993,interpreta,co:constitucion:1991:art:315,,,http://www.secretariasenado.gov.co/senado/basedoc/constitucion_politica_1991.html
co:cc:c-075:1993,interpreta,co:constitucion:1991:art:315,,,http://www.secretariasenado.gov.co/senado/basedoc/constitucion_politica_1991.html
co:cc:c-214:1993,interpreta,co:constitucion:1991:art:315,,,http://www.secretariasenado.gov.co/senado/basedoc/constitucion_politica_1991.html
co:cc:c-464:1993,interpreta,co:constitucion:1991:art:315,,,http://www.secretariasenado.gov.co/senado/basedoc/constitucion_politica_1991.html
co:cc:c-503:1993,interpreta,co:constitucion:1991:art:315,,,http://www.secretariasenado.gov.co/senado/basedoc/constitucion_politica_1991.html
co:cc:c-117:2006,interpreta,co:constitucion:1991:art:315,,,http://www.secretariasenado.gov.co/senado/basedoc/constitucion_politica_1991.html
co:cc:t-238:1994,interpreta,co:constitucion:1991:art:315,,,http://www.secretariasenado.gov.co/senado/basedoc/constitucion_politica_1991.html
co:cc:c-246:2019,interpreta,co:constitucion:1991:art:315,,,http://www.secretariasenado.gov.co/senado/basedoc/constitucion_politica_1991.html
co:cc:c-478:1992,interpreta,co:constitucion:1991:art:315,,,http://www.secretariasenado.gov.co/senado/basedoc/constitucion_politica_1991.html
co:cc:c-357:1994,interpreta,co:constitucion:1991:art:315,,,http://www.secretariasenado.gov.co/senado/basedoc/constitucion_politica_1991.html
co:cc:c-003:1993,interpreta,co:constitucion:1991:art:315,,,http://www.secretariasenado.gov.co/senado/basedoc/constitucion_politica_1991.html
co:cc:c-173:2006,interpreta,co:constitucion:1991:art:315,,,http://www.secretariasenado.gov.co/senado/basedoc/constitucion_politica_1991.html
co:cc:c-020:1993,interpreta,co:constitucion:1991:art:316,,,http://www.secretariasenado.gov.co/senado/basedoc/constitucion_politica_1991.html
co:cc:c-503:1993,interpreta,co:constitucion:1991:art:316,,,http://www.secretariasenado.gov.co/senado/basedoc/constitucion_politica_1991.html
co:cc:c-530:1993,interpreta,co:constitucion:1991:art:316,,,http://www.secretariasenado.gov.co/senado/basedoc/constitucion_politica_1991.html
co:cc:c-307:1995,interpreta,co:constitucion:1991:art:316,,,http://www.secretariasenado.gov.co/senado/basedoc/constitucion_politica_1991.html
co:cc:c-040:1993,interpreta,co:constitucion:1991:art:317,,,http://www.secretariasenado.gov.co/senado/basedoc/constitucion_politica_1991.html
co:cc:c-467:1993,interpreta,co:constitucion:1991:art:317,,,http://www.secretariasenado.gov.co/senado/basedoc/constitucion_politica_1991.html
co:cc:c-503:1993,interpreta,co:constitucion:1991:art:317,,,http://www.secretariasenado.gov.co/senado/basedoc/constitucion_politica_1991.html
co:cc:c-545:1993,interpreta,co:constitucion:1991:art:317,,,http://www.secretariasenado.gov.co/senado/basedoc/constitucion_politica_1991.html
co:cc:c-876:2002,interpreta,co:constitucion:1991:art:317,,,http://www.secretariasenado.gov.co/senado/basedoc/constitucion_politica_1991.html
co:cc:c-944:2003,interpreta,co:constitucion:1991:art:317,,,http://www.secretariasenado.gov.co/senado/basedoc/constitucion_politica_1991.html
co:cc:c-990:2004,interpreta,co:constitucion:1991:art:317,,,http://www.secretariasenado.gov.co/senado/basedoc/constitucion_politica_1991.html
co:cc:c-517:2007,interpreta,co:constitucion:1991:art:317,,,http://www.secretariasenado.gov.co/senado/basedoc/constitucion_politica_1991.html
co:cc:c-822:2011,interpreta,co:constitucion:1991:art:317,,,http://www.secretariasenado.gov.co/senado/basedoc/constitucion_politica_1991.html
co:cc:c-304:2012,interpreta,co:constitucion:1991:art:317,,,http://www.secretariasenado.gov.co/senado/basedoc/constitucion_politica_1991.html
co:cc:c-517:1992,interpreta,co:constitucion:1991:art:318,,,http://www.secretariasenado.gov.co/senado/basedoc/constitucion_politica_1991.html
co:cc:c-503:1993,interpreta,co:constitucion:1991:art:318,,,http://www.secretariasenado.gov.co/senado/basedoc/constitucion_politica_1991.html
co:cc:c-208:2025,interpreta,co:constitucion:1991:art:318,,,http://www.secretariasenado.gov.co/senado/basedoc/constitucion_politica_1991.html
co:cc:c-517:1992,interpreta,co:constitucion:1991:art:319,,,http://www.secretariasenado.gov.co/senado/basedoc/constitucion_politica_1991.html
co:cc:c-295:1993,interpreta,co:constitucion:1991:art:319,,,http://www.secretariasenado.gov.co/senado/basedoc/constitucion_politica_1991.html
co:cc:c-503:1993,interpreta,co:constitucion:1991:art:319,,,http://www.secretariasenado.gov.co/senado/basedoc/constitucion_politica_1991.html
co:cc:c-233:2003,interpreta,co:constitucion:1991:art:319,,,http://www.secretariasenado.gov.co/senado/basedoc/constitucion_politica_1991.html
co:cc:c-072:2014,interpreta,co:constitucion:1991:art:319,,,http://www.secretariasenado.gov.co/senado/basedoc/constitucion_politica_1991.html
co:cc:c-179:2014,interpreta,co:constitucion:1991:art:319,,,http://www.secretariasenado.gov.co/senado/basedoc/constitucion_politica_1991.html
co:cc:c-182:2025,interpreta,co:constitucion:1991:art:320,,,http://www.secretariasenado.gov.co/senado/basedoc/constitucion_politica_1991.html
co:cc:c-517:1992,interpreta,co:constitucion:1991:art:321,,,http://www.secretariasenado.gov.co/senado/basedoc/constitucion_politica_1991.html
co:acto-legislativo:1:2000:art:1,modifica,co:constitucion:1991:art:322,2000-12-31,fecha aproximada: la fuente solo da el año,http://www.secretariasenado.gov.co/senado/basedoc/constitucion_politica_1991.html
co:cc:c-517:1992,interpreta,co:constitucion:1991:art:322,,,http://www.secretariasenado.gov.co/senado/basedoc/constitucion_politica_1991.html
co:cc:c-607:1992,interpreta,co:constitucion:1991:art:322,,,http://www.secretariasenado.gov.co/senado/basedoc/constitucion_politica_1991.html
co:cc:c-004:1993,interpreta,co:constitucion:1991:art:322,,,http://www.secretariasenado.gov.co/senado/basedoc/constitucion_politica_1991.html
co:cc:c-503:1993,interpreta,co:constitucion:1991:art:322,,,http://www.secretariasenado.gov.co/senado/basedoc/constitucion_politica_1991.html
co:cc:c-541:1993,interpreta,co:constitucion:1991:art:322,,,http://www.secretariasenado.gov.co/senado/basedoc/constitucion_politica_1991.html
co:cc:c-043:2003,interpreta,co:constitucion:1991:art:322,,,http://www.secretariasenado.gov.co/senado/basedoc/constitucion_politica_1991.html
co:cc:c-179:2014,interpreta,co:constitucion:1991:art:322,,,http://www.secretariasenado.gov.co/senado/basedoc/constitucion_politica_1991.html
co:cc:c-098:2019,interpreta,co:constitucion:1991:art:322,,,http://www.secretariasenado.gov.co/senado/basedoc/constitucion_politica_1991.html
co:cc:c-268:2022,interpreta,co:constitucion:1991:art:322,,,http://www.secretariasenado.gov.co/senado/basedoc/constitucion_politica_1991.html
co:acto-legislativo:3:2019:art:1,modifica,co:constitucion:1991:art:323,2007-07-10,,http://www.secretariasenado.gov.co/senado/basedoc/constitucion_politica_1991.html
co:acto-legislativo:2:2002:art:5,modifica,co:constitucion:1991:art:323,2002-08-07,,http://www.secretariasenado.gov.co/senado/basedoc/constitucion_politica_1991.html
co:cc:c-607:1992,interpreta,co:constitucion:1991:art:323,,,http://www.secretariasenado.gov.co/senado/basedoc/constitucion_politica_1991.html
co:cc:c-503:1993,interpreta,co:constitucion:1991:art:323,,,http://www.secretariasenado.gov.co/senado/basedoc/constitucion_politica_1991.html
co:cc:c-541:1993,interpreta,co:constitucion:1991:art:323,,,http://www.secretariasenado.gov.co/senado/basedoc/constitucion_politica_1991.html
co:cc:c-268:2022,interpreta,co:constitucion:1991:art:323,,,http://www.secretariasenado.gov.co/senado/basedoc/constitucion_politica_1991.html
co:cc:c-607:1992,interpreta,co:constitucion:1991:art:324,,,http://www.secretariasenado.gov.co/senado/basedoc/constitucion_politica_1991.html
co:cc:c-503:1993,interpreta,co:constitucion:1991:art:324,,,http://www.secretariasenado.gov.co/senado/basedoc/constitucion_politica_1991.html
co:cc:c-541:1993,interpreta,co:constitucion:1991:art:324,,,http://www.secretariasenado.gov.co/senado/basedoc/constitucion_politica_1991.html
co:acto-legislativo:2:2020:art:1,modifica,co:constitucion:1991:art:325,2020-07-22,,http://www.secretariasenado.gov.co/senado/basedoc/constitucion_politica_1991.html
co:cc:c-348:2021,declara_exequible,co:constitucion:1991:art:325,2021-10-14,,http://www.secretariasenado.gov.co/senado/basedoc/constitucion_politica_1991.html
co:cc:c-503:1993,interpreta,co:constitucion:1991:art:325,,,http://www.secretariasenado.gov.co/senado/basedoc/constitucion_politica_1991.html
co:cc:c-541:1993,interpreta,co:constitucion:1991:art:325,,,http://www.secretariasenado.gov.co/senado/basedoc/constitucion_politica_1991.html
co:cc:c-015:2023,interpreta,co:constitucion:1991:art:325,,,http://www.secretariasenado.gov.co/senado/basedoc/constitucion_politica_1991.html
co:cc:c-206:2023,interpreta,co:constitucion:1991:art:325,,,http://www.secretariasenado.gov.co/senado/basedoc/constitucion_politica_1991.html
co:cc:c-517:1992,interpreta,co:constitucion:1991:art:326,,,http://www.secretariasenado.gov.co/senado/basedoc/constitucion_politica_1991.html
co:cc:c-503:1993,interpreta,co:constitucion:1991:art:326,,,http://www.secretariasenado.gov.co/senado/basedoc/constitucion_politica_1991.html
co:cc:c-541:1993,interpreta,co:constitucion:1991:art:326,,,http://www.secretariasenado.gov.co/senado/basedoc/constitucion_politica_1991.html
co:cc:c-503:1993,interpreta,co:constitucion:1991:art:327,,,http://www.secretariasenado.gov.co/senado/basedoc/constitucion_politica_1991.html
co:cc:c-541:1993,interpreta,co:constitucion:1991:art:327,,,http://www.secretariasenado.gov.co/senado/basedoc/constitucion_politica_1991.html
co:acto-legislativo:1:2019:art:2,adiciona,co:constitucion:1991:art:328,2019-12-31,fecha aproximada: la fuente solo da el año,http://www.secretariasenado.gov.co/senado/basedoc/constitucion_politica_1991.html
co:acto-legislativo:1:2021:art:2,adiciona,co:constitucion:1991:art:328,2021-07-14,,http://www.secretariasenado.gov.co/senado/basedoc/constitucion_politica_1991.html
co:acto-legislativo:2:2018:art:2,modifica,co:constitucion:1991:art:328,2018-07-17,,http://www.secretariasenado.gov.co/senado/basedoc/constitucion_politica_1991.html
co:acto-legislativo:2:2007:art:2,modifica,co:constitucion:1991:art:328,2007-07-06,,http://www.secretariasenado.gov.co/senado/basedoc/constitucion_politica_1991.html
co:cc:c-033:2009,declara_inexequible_parcial,co:constitucion:1991:art:328,2009-01-28,"Corte Constitucional - La expresión 'y Tumaco' y el parágrafo del texto modificado por el Acto Legislativo 2 de 2007 declarados INEXEQUIBLES por la Corte Constitucional mediante Sentencia C-033-09 de 28 de enero de 2009, Magistrado Ponente Dr. Manuel José Cepeda Espinosa, según lo dispuesto por la C",http://www.secretariasenado.gov.co/senado/basedoc/constitucion_politica_1991.html
co:cc:c-517:1992,interpreta,co:constitucion:1991:art:328,,,http://www.secretariasenado.gov.co/senado/basedoc/constitucion_politica_1991.html
co:cc:c-503:1993,interpreta,co:constitucion:1991:art:328,,,http://www.secretariasenado.gov.co/senado/basedoc/constitucion_politica_1991.html
co:cc:c-517:1992,interpreta,co:constitucion:1991:art:329,,,http://www.secretariasenado.gov.co/senado/basedoc/constitucion_politica_1991.html
co:cc:c-027:1993,interpreta,co:constitucion:1991:art:329,,,http://www.secretariasenado.gov.co/senado/basedoc/constitucion_politica_1991.html
co:cc:c-180:2005,interpreta,co:constitucion:1991:art:329,,,http://www.secretariasenado.gov.co/senado/basedoc/constitucion_politica_1991.html
co:cc:c-077:2012,interpreta,co:constitucion:1991:art:329,,,http://www.secretariasenado.gov.co/senado/basedoc/constitucion_politica_1991.html
co:cc:c-395:2012,interpreta,co:constitucion:1991:art:329,,,http://www.secretariasenado.gov.co/senado/basedoc/constitucion_politica_1991.html
co:cc:c-489:2012,interpreta,co:constitucion:1991:art:329,,,http://www.secretariasenado.gov.co/senado/basedoc/constitucion_politica_1991.html
co:cc:c-617:2015,interpreta,co:constitucion:1991:art:329,,,http://www.secretariasenado.gov.co/senado/basedoc/constitucion_politica_1991.html
co:cc:c-054:2023,interpreta,co:constitucion:1991:art:329,,,http://www.secretariasenado.gov.co/senado/basedoc/constitucion_politica_1991.html
co:cc:c-054:2023,interpreta,co:constitucion:1991:art:330,,,http://www.secretariasenado.gov.co/senado/basedoc/constitucion_politica_1991.html
co:cc:t-257:1993,interpreta,co:constitucion:1991:art:330,,,http://www.secretariasenado.gov.co/senado/basedoc/constitucion_politica_1991.html
co:cc:t-857:2014,interpreta,co:constitucion:1991:art:330,,,http://www.secretariasenado.gov.co/senado/basedoc/constitucion_politica_1991.html
co:cc:t-766:2015,interpreta,co:constitucion:1991:art:330,,,http://www.secretariasenado.gov.co/senado/basedoc/constitucion_politica_1991.html
co:cc:t-005:2016,interpreta,co:constitucion:1991:art:330,,,http://www.secretariasenado.gov.co/senado/basedoc/constitucion_politica_1991.html
co:cc:c-389:2016,interpreta,co:constitucion:1991:art:330,,,http://www.secretariasenado.gov.co/senado/basedoc/constitucion_politica_1991.html
co:cc:c-461:2008,interpreta,co:constitucion:1991:art:330,,,http://www.secretariasenado.gov.co/senado/basedoc/constitucion_politica_1991.html
co:cc:c-379:1993,interpreta,co:constitucion:1991:art:330,,,http://www.secretariasenado.gov.co/senado/basedoc/constitucion_politica_1991.html
co:cc:c-486:1993,interpreta,co:constitucion:1991:art:330,,,http://www.secretariasenado.gov.co/senado/basedoc/constitucion_politica_1991.html
co:cc:c-004:1993,interpreta,co:constitucion:1991:art:330,,,http://www.secretariasenado.gov.co/senado/basedoc/constitucion_politica_1991.html
co:cc:c-027:1993,interpreta,co:constitucion:1991:art:330,,,http://www.secretariasenado.gov.co/senado/basedoc/constitucion_politica_1991.html
co:cc:c-169:2001,interpreta,co:constitucion:1991:art:330,,,http://www.secretariasenado.gov.co/senado/basedoc/constitucion_politica_1991.html
co:cc:c-921:2007,interpreta,co:constitucion:1991:art:330,,,http://www.secretariasenado.gov.co/senado/basedoc/constitucion_politica_1991.html
co:cc:c-030:2008,interpreta,co:constitucion:1991:art:330,,,http://www.secretariasenado.gov.co/senado/basedoc/constitucion_politica_1991.html
co:cc:c-175:2009,interpreta,co:constitucion:1991:art:330,,,http://www.secretariasenado.gov.co/senado/basedoc/constitucion_politica_1991.html
co:cc:c-366:2011,interpreta,co:constitucion:1991:art:330,,,http://www.secretariasenado.gov.co/senado/basedoc/constitucion_politica_1991.html
co:cc:c-317:2012,interpreta,co:constitucion:1991:art:330,,,http://www.secretariasenado.gov.co/senado/basedoc/constitucion_politica_1991.html
co:cc:c-331:2012,interpreta,co:constitucion:1991:art:330,,,http://www.secretariasenado.gov.co/senado/basedoc/constitucion_politica_1991.html
co:cc:c-641:2012,interpreta,co:constitucion:1991:art:330,,,http://www.secretariasenado.gov.co/senado/basedoc/constitucion_politica_1991.html
co:cc:c-350:2013,interpreta,co:constitucion:1991:art:330,,,http://www.secretariasenado.gov.co/senado/basedoc/constitucion_politica_1991.html
co:cc:c-371:2014,interpreta,co:constitucion:1991:art:330,,,http://www.secretariasenado.gov.co/senado/basedoc/constitucion_politica_1991.html
co:cc:su-196:2023,interpreta,co:constitucion:1991:art:330,,,http://www.secretariasenado.gov.co/senado/basedoc/constitucion_politica_1991.html
co:cc:c-517:1992,interpreta,co:constitucion:1991:art:331,,,http://www.secretariasenado.gov.co/senado/basedoc/constitucion_politica_1991.html
co:cc:c-509:2008,interpreta,co:constitucion:1991:art:331,,,http://www.secretariasenado.gov.co/senado/basedoc/constitucion_politica_1991.html
co:cc:c-689:2011,interpreta,co:constitucion:1991:art:331,,,http://www.secretariasenado.gov.co/senado/basedoc/constitucion_politica_1991.html
co:cc:c-006:1993,interpreta,co:constitucion:1991:art:332,,,http://www.secretariasenado.gov.co/senado/basedoc/constitucion_politica_1991.html
co:cc:c-060:1993,interpreta,co:constitucion:1991:art:332,,,http://www.secretariasenado.gov.co/senado/basedoc/constitucion_politica_1991.html
co:cc:c-075:1993,interpreta,co:constitucion:1991:art:332,,,http://www.secretariasenado.gov.co/senado/basedoc/constitucion_politica_1991.html
co:cc:c-098:1993,interpreta,co:constitucion:1991:art:332,,,http://www.secretariasenado.gov.co/senado/basedoc/constitucion_politica_1991.html
co:cc:c-216:1993,interpreta,co:constitucion:1991:art:332,,,http://www.secretariasenado.gov.co/senado/basedoc/constitucion_politica_1991.html
co:cc:c-251:2003,interpreta,co:constitucion:1991:art:332,,,http://www.secretariasenado.gov.co/senado/basedoc/constitucion_politica_1991.html
co:cc:c-229:2003,interpreta,co:constitucion:1991:art:332,,,http://www.secretariasenado.gov.co/senado/basedoc/constitucion_politica_1991.html
co:cc:c-938:2003,interpreta,co:constitucion:1991:art:332,,,http://www.secretariasenado.gov.co/senado/basedoc/constitucion_politica_1991.html
co:cc:c-123:2014,interpreta,co:constitucion:1991:art:332,,,http://www.secretariasenado.gov.co/senado/basedoc/constitucion_politica_1991.html
co:cc:c-035:2016,interpreta,co:constitucion:1991:art:332,,,http://www.secretariasenado.gov.co/senado/basedoc/constitucion_politica_1991.html
co:cc:c-148:2022,interpreta,co:constitucion:1991:art:332,,,http://www.secretariasenado.gov.co/senado/basedoc/constitucion_politica_1991.html
co:cc:c-478:1992,interpreta,co:constitucion:1991:art:333,,,http://www.secretariasenado.gov.co/senado/basedoc/constitucion_politica_1991.html
co:cc:c-479:1992,interpreta,co:constitucion:1991:art:333,,,http://www.secretariasenado.gov.co/senado/basedoc/constitucion_politica_1991.html
co:cc:c-549:1992,interpreta,co:constitucion:1991:art:333,,,http://www.secretariasenado.gov.co/senado/basedoc/constitucion_politica_1991.html
co:cc:c-564:1992,interpreta,co:constitucion:1991:art:333,,,http://www.secretariasenado.gov.co/senado/basedoc/constitucion_politica_1991.html
co:cc:c-575:1992,interpreta,co:constitucion:1991:art:333,,,http://www.secretariasenado.gov.co/senado/basedoc/constitucion_politica_1991.html
co:cc:c-590:1992,interpreta,co:constitucion:1991:art:333,,,http://www.secretariasenado.gov.co/senado/basedoc/constitucion_politica_1991.html
co:cc:c-606:1992,interpreta,co:constitucion:1991:art:333,,,http://www.secretariasenado.gov.co/senado/basedoc/constitucion_politica_1991.html
co:cc:c-006:1993,interpreta,co:constitucion:1991:art:333,,,http://www.secretariasenado.gov.co/senado/basedoc/constitucion_politica_1991.html
co:cc:c-015:1993,interpreta,co:constitucion:1991:art:333,,,http://www.secretariasenado.gov.co/senado/basedoc/constitucion_politica_1991.html
co:cc:c-265:1994,interpreta,co:constitucion:1991:art:333,,,http://www.secretariasenado.gov.co/senado/basedoc/constitucion_politica_1991.html
co:cc:c-368:1995,interpreta,co:constitucion:1991:art:333,,,http://www.secretariasenado.gov.co/senado/basedoc/constitucion_politica_1991.html
co:cc:c-624:1998,interpreta,co:constitucion:1991:art:333,,,http://www.secretariasenado.gov.co/senado/basedoc/constitucion_politica_1991.html
co:cc:c-616:2001,interpreta,co:constitucion:1991:art:333,,,http://www.secretariasenado.gov.co/senado/basedoc/constitucion_politica_1991.html
co:cc:c-361:2002,interpreta,co:constitucion:1991:art:333,,,http://www.secretariasenado.gov.co/senado/basedoc/constitucion_politica_1991.html
co:cc:c-153:2003,interpreta,co:constitucion:1991:art:333,,,http://www.secretariasenado.gov.co/senado/basedoc/constitucion_politica_1991.html
co:cc:c-229:2003,interpreta,co:constitucion:1991:art:333,,,http://www.secretariasenado.gov.co/senado/basedoc/constitucion_politica_1991.html
co:cc:c-316:2003,interpreta,co:constitucion:1991:art:333,,,http://www.secretariasenado.gov.co/senado/basedoc/constitucion_politica_1991.html
co:cc:c-384:2003,interpreta,co:constitucion:1991:art:333,,,http://www.secretariasenado.gov.co/senado/basedoc/constitucion_politica_1991.html
co:cc:c-531:2003,interpreta,co:constitucion:1991:art:333,,,http://www.secretariasenado.gov.co/senado/basedoc/constitucion_politica_1991.html
co:cc:c-1042:2003,interpreta,co:constitucion:1991:art:333,,,http://www.secretariasenado.gov.co/senado/basedoc/constitucion_politica_1991.html
co:cc:c-017:2004,interpreta,co:constitucion:1991:art:333,,,http://www.secretariasenado.gov.co/senado/basedoc/constitucion_politica_1991.html
co:cc:c-070:2004,interpreta,co:constitucion:1991:art:333,,,http://www.secretariasenado.gov.co/senado/basedoc/constitucion_politica_1991.html
co:cc:c-129:2004,interpreta,co:constitucion:1991:art:333,,,http://www.secretariasenado.gov.co/senado/basedoc/constitucion_politica_1991.html
co:cc:c-130:2004,interpreta,co:constitucion:1991:art:333,,,http://www.secretariasenado.gov.co/senado/basedoc/constitucion_politica_1991.html
co:cc:c-226:2004,interpreta,co:constitucion:1991:art:333,,,http://www.secretariasenado.gov.co/senado/basedoc/constitucion_politica_1991.html
co:cc:c-347:2004,interpreta,co:constitucion:1991:art:333,,,http://www.secretariasenado.gov.co/senado/basedoc/constitucion_politica_1991.html
co:cc:c-408:2004,interpreta,co:constitucion:1991:art:333,,,http://www.secretariasenado.gov.co/senado/basedoc/constitucion_politica_1991.html
co:cc:c-516:2004,interpreta,co:constitucion:1991:art:333,,,http://www.secretariasenado.gov.co/senado/basedoc/constitucion_politica_1991.html
co:cc:c-517:2004,interpreta,co:constitucion:1991:art:333,,,http://www.secretariasenado.gov.co/senado/basedoc/constitucion_politica_1991.html
co:cc:c-560:2004,interpreta,co:constitucion:1991:art:333,,,http://www.secretariasenado.gov.co/senado/basedoc/constitucion_politica_1991.html
co:cc:c-578:2004,interpreta,co:constitucion:1991:art:333,,,http://www.secretariasenado.gov.co/senado/basedoc/constitucion_politica_1991.html
co:cc:c-865:2004,interpreta,co:constitucion:1991:art:333,,,http://www.secretariasenado.gov.co/senado/basedoc/constitucion_politica_1991.html
co:cc:c-540:2005,interpreta,co:constitucion:1991:art:333,,,http://www.secretariasenado.gov.co/senado/basedoc/constitucion_politica_1991.html
co:cc:c-041:2006,interpreta,co:constitucion:1991:art:333,,,http://www.secretariasenado.gov.co/senado/basedoc/constitucion_politica_1991.html
co:cc:c-042:2006,interpreta,co:constitucion:1991:art:333,,,http://www.secretariasenado.gov.co/senado/basedoc/constitucion_politica_1991.html
co:cc:c-243:2006,interpreta,co:constitucion:1991:art:333,,,http://www.secretariasenado.gov.co/senado/basedoc/constitucion_politica_1991.html
co:cc:c-536:2006,interpreta,co:constitucion:1991:art:333,,,http://www.secretariasenado.gov.co/senado/basedoc/constitucion_politica_1991.html
co:cc:c-475:2006,interpreta,co:constitucion:1991:art:333,,,http://www.secretariasenado.gov.co/senado/basedoc/constitucion_politica_1991.html
co:cc:c-776:2006,interpreta,co:constitucion:1991:art:333,,,http://www.secretariasenado.gov.co/senado/basedoc/constitucion_politica_1991.html
co:cc:c-823:2006,interpreta,co:constitucion:1991:art:333,,,http://www.secretariasenado.gov.co/senado/basedoc/constitucion_politica_1991.html
co:cc:c-392:2007,interpreta,co:constitucion:1991:art:333,,,http://www.secretariasenado.gov.co/senado/basedoc/constitucion_politica_1991.html
co:cc:c-544:2007,interpreta,co:constitucion:1991:art:333,,,http://www.secretariasenado.gov.co/senado/basedoc/constitucion_politica_1991.html
co:cc:c-1041:2007,interpreta,co:constitucion:1991:art:333,,,http://www.secretariasenado.gov.co/senado/basedoc/constitucion_politica_1991.html
co:cc:c-260:2008,interpreta,co:constitucion:1991:art:333,,,http://www.secretariasenado.gov.co/senado/basedoc/constitucion_politica_1991.html
co:cc:c-289:2008,interpreta,co:constitucion:1991:art:333,,,http://www.secretariasenado.gov.co/senado/basedoc/constitucion_politica_1991.html
co:cc:c-675:2008,interpreta,co:constitucion:1991:art:333,,,http://www.secretariasenado.gov.co/senado/basedoc/constitucion_politica_1991.html
co:cc:c-068:2009,interpreta,co:constitucion:1991:art:333,,,http://www.secretariasenado.gov.co/senado/basedoc/constitucion_politica_1991.html
co:cc:c-486:2009,interpreta,co:constitucion:1991:art:333,,,http://www.secretariasenado.gov.co/senado/basedoc/constitucion_politica_1991.html
co:cc:c-228:2010,interpreta,co:constitucion:1991:art:333,,,http://www.secretariasenado.gov.co/senado/basedoc/constitucion_politica_1991.html
co:cc:c-830:2010,interpreta,co:constitucion:1991:art:333,,,http://www.secretariasenado.gov.co/senado/basedoc/constitucion_politica_1991.html
co:cc:c-263:2011,interpreta,co:constitucion:1991:art:333,,,http://www.secretariasenado.gov.co/senado/basedoc/constitucion_politica_1991.html
co:cc:c-790:2011,interpreta,co:constitucion:1991:art:333,,,http://www.secretariasenado.gov.co/senado/basedoc/constitucion_politica_1991.html
co:cc:c-851:2013,interpreta,co:constitucion:1991:art:333,,,http://www.secretariasenado.gov.co/senado/basedoc/constitucion_politica_1991.html
co:cc:c-852:2013,interpreta,co:constitucion:1991:art:333,,,http://www.secretariasenado.gov.co/senado/basedoc/constitucion_politica_1991.html
co:cc:c-090:2014,interpreta,co:constitucion:1991:art:333,,,http://www.secretariasenado.gov.co/senado/basedoc/constitucion_politica_1991.html
co:cc:c-219:2015,interpreta,co:constitucion:1991:art:333,,,http://www.secretariasenado.gov.co/senado/basedoc/constitucion_politica_1991.html
co:cc:c-191:2016,interpreta,co:constitucion:1991:art:333,,,http://www.secretariasenado.gov.co/senado/basedoc/constitucion_politica_1991.html
co:cc:c-359:2016,interpreta,co:constitucion:1991:art:333,,,http://www.secretariasenado.gov.co/senado/basedoc/constitucion_politica_1991.html
co:cc:c-389:2016,interpreta,co:constitucion:1991:art:333,,,http://www.secretariasenado.gov.co/senado/basedoc/constitucion_politica_1991.html
co:cc:c-284:2017,interpreta,co:constitucion:1991:art:333,,,http://www.secretariasenado.gov.co/senado/basedoc/constitucion_politica_1991.html
co:cc:c-569:2017,interpreta,co:constitucion:1991:art:333,,,http://www.secretariasenado.gov.co/senado/basedoc/constitucion_politica_1991.html
co:cc:c-088:2018,interpreta,co:constitucion:1991:art:333,,,http://www.secretariasenado.gov.co/senado/basedoc/constitucion_politica_1991.html
co:cc:c-138:2018,interpreta,co:constitucion:1991:art:333,,,http://www.secretariasenado.gov.co/senado/basedoc/constitucion_politica_1991.html
co:cc:c-045:2019,interpreta,co:constitucion:1991:art:333,,,http://www.secretariasenado.gov.co/senado/basedoc/constitucion_politica_1991.html
co:cc:c-059:2021,interpreta,co:constitucion:1991:art:333,,,http://www.secretariasenado.gov.co/senado/basedoc/constitucion_politica_1991.html
co:cc:c-063:2021,interpreta,co:constitucion:1991:art:333,,,http://www.secretariasenado.gov.co/senado/basedoc/constitucion_politica_1991.html
co:cc:c-269:2021,interpreta,co:constitucion:1991:art:333,,,http://www.secretariasenado.gov.co/senado/basedoc/constitucion_politica_1991.html
co:cc:c-029:2022,interpreta,co:constitucion:1991:art:333,,,http://www.secretariasenado.gov.co/senado/basedoc/constitucion_politica_1991.html
co:cc:c-188:2022,interpreta,co:constitucion:1991:art:333,,,http://www.secretariasenado.gov.co/senado/basedoc/constitucion_politica_1991.html
co:cc:c-374:2022,interpreta,co:constitucion:1991:art:333,,,http://www.secretariasenado.gov.co/senado/basedoc/constitucion_politica_1991.html
co:cc:c-194:2023,interpreta,co:constitucion:1991:art:333,,,http://www.secretariasenado.gov.co/senado/basedoc/constitucion_politica_1991.html
co:cc:c-258:2023,interpreta,co:constitucion:1991:art:333,,,http://www.secretariasenado.gov.co/senado/basedoc/constitucion_politica_1991.html
co:cc:c-470:2023,interpreta,co:constitucion:1991:art:333,,,http://www.secretariasenado.gov.co/senado/basedoc/constitucion_politica_1991.html
co:cc:c-537:2023,interpreta,co:constitucion:1991:art:333,,,http://www.secretariasenado.gov.co/senado/basedoc/constitucion_politica_1991.html
co:cc:c-087:2024,interpreta,co:constitucion:1991:art:333,,,http://www.secretariasenado.gov.co/senado/basedoc/constitucion_politica_1991.html
co:cc:c-032:2025,interpreta,co:constitucion:1991:art:333,,,http://www.secretariasenado.gov.co/senado/basedoc/constitucion_politica_1991.html
co:cc:c-276:2025,interpreta,co:constitucion:1991:art:333,,,http://www.secretariasenado.gov.co/senado/basedoc/constitucion_politica_1991.html
co:cc:c-194:2026,interpreta,co:constitucion:1991:art:333,,,http://www.secretariasenado.gov.co/senado/basedoc/constitucion_politica_1991.html
co:cc:c-123:2014,interpreta,co:constitucion:1991:art:334,,,http://www.secretariasenado.gov.co/senado/basedoc/constitucion_politica_1991.html
co:cc:c-330:2021,interpreta,co:constitucion:1991:art:334,,,http://www.secretariasenado.gov.co/senado/basedoc/constitucion_politica_1991.html
co:cc:c-227:2004,interpreta,co:constitucion:1991:art:334,,,http://www.secretariasenado.gov.co/senado/basedoc/constitucion_politica_1991.html
co:cc:c-288:2012,interpreta,co:constitucion:1991:art:334,,,http://www.secretariasenado.gov.co/senado/basedoc/constitucion_politica_1991.html
co:cc:c-258:2013,interpreta,co:constitucion:1991:art:334,,,http://www.secretariasenado.gov.co/senado/basedoc/constitucion_politica_1991.html
co:cc:c-322:2021,interpreta,co:constitucion:1991:art:334,,,http://www.secretariasenado.gov.co/senado/basedoc/constitucion_politica_1991.html
co:cc:c-1052:2012,declara_exequible,co:constitucion:1991:art:334,2012-12-05,,http://www.secretariasenado.gov.co/senado/basedoc/constitucion_politica_1991.html
co:acto-legislativo:3:2011:art:1,modifica,co:constitucion:1991:art:334,2011-07-01,,http://www.secretariasenado.gov.co/senado/basedoc/constitucion_politica_1991.html
co:cc:c-478:1992,interpreta,co:constitucion:1991:art:334,,,http://www.secretariasenado.gov.co/senado/basedoc/constitucion_politica_1991.html
co:cc:c-590:1992,interpreta,co:constitucion:1991:art:334,,,http://www.secretariasenado.gov.co/senado/basedoc/constitucion_politica_1991.html
co:cc:c-006:1993,interpreta,co:constitucion:1991:art:334,,,http://www.secretariasenado.gov.co/senado/basedoc/constitucion_politica_1991.html
co:cc:c-040:1993,interpreta,co:constitucion:1991:art:334,,,http://www.secretariasenado.gov.co/senado/basedoc/constitucion_politica_1991.html
co:cc:c-074:1993,interpreta,co:constitucion:1991:art:334,,,http://www.secretariasenado.gov.co/senado/basedoc/constitucion_politica_1991.html
co:cc:c-103:1993,interpreta,co:constitucion:1991:art:334,,,http://www.secretariasenado.gov.co/senado/basedoc/constitucion_politica_1991.html
co:cc:c-112:1993,interpreta,co:constitucion:1991:art:334,,,http://www.secretariasenado.gov.co/senado/basedoc/constitucion_politica_1991.html
co:cc:c-134:1993,interpreta,co:constitucion:1991:art:334,,,http://www.secretariasenado.gov.co/senado/basedoc/constitucion_politica_1991.html
co:cc:c-150:2003,interpreta,co:constitucion:1991:art:334,,,http://www.secretariasenado.gov.co/senado/basedoc/constitucion_politica_1991.html
co:cc:c-531:2003,interpreta,co:constitucion:1991:art:334,,,http://www.secretariasenado.gov.co/senado/basedoc/constitucion_politica_1991.html
co:cc:c-776:2003,interpreta,co:constitucion:1991:art:334,,,http://www.secretariasenado.gov.co/senado/basedoc/constitucion_politica_1991.html
co:cc:c-1037:2003,interpreta,co:constitucion:1991:art:334,,,http://www.secretariasenado.gov.co/senado/basedoc/constitucion_politica_1991.html
co:cc:c-1062:2003,interpreta,co:constitucion:1991:art:334,,,http://www.secretariasenado.gov.co/senado/basedoc/constitucion_politica_1991.html
co:cc:c-070:2004,interpreta,co:constitucion:1991:art:334,,,http://www.secretariasenado.gov.co/senado/basedoc/constitucion_politica_1991.html
co:cc:c-130:2004,interpreta,co:constitucion:1991:art:334,,,http://www.secretariasenado.gov.co/senado/basedoc/constitucion_politica_1991.html
co:cc:c-177:2004,interpreta,co:constitucion:1991:art:334,,,http://www.secretariasenado.gov.co/senado/basedoc/constitucion_politica_1991.html
co:cc:c-347:2004,interpreta,co:constitucion:1991:art:334,,,http://www.secretariasenado.gov.co/senado/basedoc/constitucion_politica_1991.html
co:cc:c-458:2004,interpreta,co:constitucion:1991:art:334,,,http://www.secretariasenado.gov.co/senado/basedoc/constitucion_politica_1991.html
co:cc:c-516:2004,interpreta,co:constitucion:1991:art:334,,,http://www.secretariasenado.gov.co/senado/basedoc/constitucion_politica_1991.html
co:cc:c-042:2006,interpreta,co:constitucion:1991:art:334,,,http://www.secretariasenado.gov.co/senado/basedoc/constitucion_politica_1991.html
co:cc:c-243:2006,interpreta,co:constitucion:1991:art:334,,,http://www.secretariasenado.gov.co/senado/basedoc/constitucion_politica_1991.html
co:cc:c-860:2006,interpreta,co:constitucion:1991:art:334,,,http://www.secretariasenado.gov.co/senado/basedoc/constitucion_politica_1991.html
co:cc:c-955:2007,interpreta,co:constitucion:1991:art:334,,,http://www.secretariasenado.gov.co/senado/basedoc/constitucion_politica_1991.html
co:cc:c-1041:2007,interpreta,co:constitucion:1991:art:334,,,http://www.secretariasenado.gov.co/senado/basedoc/constitucion_politica_1991.html
co:cc:c-377:2008,interpreta,co:constitucion:1991:art:334,,,http://www.secretariasenado.gov.co/senado/basedoc/constitucion_politica_1991.html
co:cc:c-639:2010,interpreta,co:constitucion:1991:art:334,,,http://www.secretariasenado.gov.co/senado/basedoc/constitucion_politica_1991.html
co:cc:c-197:2012,interpreta,co:constitucion:1991:art:334,,,http://www.secretariasenado.gov.co/senado/basedoc/constitucion_politica_1991.html
co:cc:c-753:2013,interpreta,co:constitucion:1991:art:334,,,http://www.secretariasenado.gov.co/senado/basedoc/constitucion_politica_1991.html
co:cc:c-073:2014,interpreta,co:constitucion:1991:art:334,,,http://www.secretariasenado.gov.co/senado/basedoc/constitucion_politica_1991.html
co:cc:c-313:2014,interpreta,co:constitucion:1991:art:334,,,http://www.secretariasenado.gov.co/senado/basedoc/constitucion_politica_1991.html
co:cc:c-870:2014,interpreta,co:constitucion:1991:art:334,,,http://www.secretariasenado.gov.co/senado/basedoc/constitucion_politica_1991.html
co:cc:c-219:2015,interpreta,co:constitucion:1991:art:334,,,http://www.secretariasenado.gov.co/senado/basedoc/constitucion_politica_1991.html
co:cc:c-077:2017,interpreta,co:constitucion:1991:art:334,,,http://www.secretariasenado.gov.co/senado/basedoc/constitucion_politica_1991.html
co:cc:c-051:2018,interpreta,co:constitucion:1991:art:334,,,http://www.secretariasenado.gov.co/senado/basedoc/constitucion_politica_1991.html
co:cc:c-110:2019,interpreta,co:constitucion:1991:art:334,,,http://www.secretariasenado.gov.co/senado/basedoc/constitucion_politica_1991.html
co:cc:c-178:2020,interpreta,co:constitucion:1991:art:334,,,http://www.secretariasenado.gov.co/senado/basedoc/constitucion_politica_1991.html
co:cc:c-028:2021,interpreta,co:constitucion:1991:art:334,,,http://www.secretariasenado.gov.co/senado/basedoc/constitucion_politica_1991.html
co:cc:c-188:2022,interpreta,co:constitucion:1991:art:334,,,http://www.secretariasenado.gov.co/senado/basedoc/constitucion_politica_1991.html
co:cc:c-424:2023,interpreta,co:constitucion:1991:art:334,,,http://www.secretariasenado.gov.co/senado/basedoc/constitucion_politica_1991.html
co:cc:c-425:2023,interpreta,co:constitucion:1991:art:334,,,http://www.secretariasenado.gov.co/senado/basedoc/constitucion_politica_1991.html
co:cc:c-459:2023,interpreta,co:constitucion:1991:art:334,,,http://www.secretariasenado.gov.co/senado/basedoc/constitucion_politica_1991.html
co:cc:c-160:2024,interpreta,co:constitucion:1991:art:334,,,http://www.secretariasenado.gov.co/senado/basedoc/constitucion_politica_1991.html
co:cc:c-161:2024,interpreta,co:constitucion:1991:art:334,,,http://www.secretariasenado.gov.co/senado/basedoc/constitucion_politica_1991.html
co:cc:t-407:1992,interpreta,co:constitucion:1991:art:334,,,http://www.secretariasenado.gov.co/senado/basedoc/constitucion_politica_1991.html
co:cc:t-411:1992,interpreta,co:constitucion:1991:art:334,,,http://www.secretariasenado.gov.co/senado/basedoc/constitucion_politica_1991.html
co:cc:t-426:1992,interpreta,co:constitucion:1991:art:334,,,http://www.secretariasenado.gov.co/senado/basedoc/constitucion_politica_1991.html
co:cc:t-540:1992,interpreta,co:constitucion:1991:art:334,,,http://www.secretariasenado.gov.co/senado/basedoc/constitucion_politica_1991.html
co:cc:t-604:1992,interpreta,co:constitucion:1991:art:334,,,http://www.secretariasenado.gov.co/senado/basedoc/constitucion_politica_1991.html
co:cc:t-163:1993,interpreta,co:constitucion:1991:art:334,,,http://www.secretariasenado.gov.co/senado/basedoc/constitucion_politica_1991.html
co:cc:t-251:1993,interpreta,co:constitucion:1991:art:334,,,http://www.secretariasenado.gov.co/senado/basedoc/constitucion_politica_1991.html
co:cc:t-026:2006,interpreta,co:constitucion:1991:art:334,,,http://www.secretariasenado.gov.co/senado/basedoc/constitucion_politica_1991.html
co:cc:t-760:2008,interpreta,co:constitucion:1991:art:334,,,http://www.secretariasenado.gov.co/senado/basedoc/constitucion_politica_1991.html
co:cc:c-138:2018,interpreta,co:constitucion:1991:art:334,,,http://www.secretariasenado.gov.co/senado/basedoc/constitucion_politica_1991.html
co:cc:c-478:1992,interpreta,co:constitucion:1991:art:335,,,http://www.secretariasenado.gov.co/senado/basedoc/constitucion_politica_1991.html
co:cc:c-558:1992,interpreta,co:constitucion:1991:art:335,,,http://www.secretariasenado.gov.co/senado/basedoc/constitucion_politica_1991.html
co:cc:c-608:1992,interpreta,co:constitucion:1991:art:335,,,http://www.secretariasenado.gov.co/senado/basedoc/constitucion_politica_1991.html
co:cc:c-015:1993,interpreta,co:constitucion:1991:art:335,,,http://www.secretariasenado.gov.co/senado/basedoc/constitucion_politica_1991.html
co:cc:c-024:1993,interpreta,co:constitucion:1991:art:335,,,http://www.secretariasenado.gov.co/senado/basedoc/constitucion_politica_1991.html
co:cc:c-074:1993,interpreta,co:constitucion:1991:art:335,,,http://www.secretariasenado.gov.co/senado/basedoc/constitucion_politica_1991.html
co:cc:c-132:1993,interpreta,co:constitucion:1991:art:335,,,http://www.secretariasenado.gov.co/senado/basedoc/constitucion_politica_1991.html
co:cc:c-197:1993,interpreta,co:constitucion:1991:art:335,,,http://www.secretariasenado.gov.co/senado/basedoc/constitucion_politica_1991.html
co:cc:c-209:1993,interpreta,co:constitucion:1991:art:335,,,http://www.secretariasenado.gov.co/senado/basedoc/constitucion_politica_1991.html
co:cc:c-542:1993,interpreta,co:constitucion:1991:art:335,,,http://www.secretariasenado.gov.co/senado/basedoc/constitucion_politica_1991.html
co:cc:c-269:1999,interpreta,co:constitucion:1991:art:335,,,http://www.secretariasenado.gov.co/senado/basedoc/constitucion_politica_1991.html
co:cc:c-332:2000,interpreta,co:constitucion:1991:art:335,,,http://www.secretariasenado.gov.co/senado/basedoc/constitucion_politica_1991.html
co:cc:c-154:2003,interpreta,co:constitucion:1991:art:335,,,http://www.secretariasenado.gov.co/senado/basedoc/constitucion_politica_1991.html
co:cc:c-940:2003,interpreta,co:constitucion:1991:art:335,,,http://www.secretariasenado.gov.co/senado/basedoc/constitucion_politica_1991.html
co:cc:c-1062:2003,interpreta,co:constitucion:1991:art:335,,,http://www.secretariasenado.gov.co/senado/basedoc/constitucion_politica_1991.html
co:cc:c-205:2005,interpreta,co:constitucion:1991:art:335,,,http://www.secretariasenado.gov.co/senado/basedoc/constitucion_politica_1991.html
co:cc:c-041:2006,interpreta,co:constitucion:1991:art:335,,,http://www.secretariasenado.gov.co/senado/basedoc/constitucion_politica_1991.html
co:cc:c-640:2010,interpreta,co:constitucion:1991:art:335,,,http://www.secretariasenado.gov.co/senado/basedoc/constitucion_politica_1991.html
co:cc:c-823:2011,interpreta,co:constitucion:1991:art:335,,,http://www.secretariasenado.gov.co/senado/basedoc/constitucion_politica_1991.html
co:cc:c-793:2014,interpreta,co:constitucion:1991:art:335,,,http://www.secretariasenado.gov.co/senado/basedoc/constitucion_politica_1991.html
co:cc:c-478:1992,interpreta,co:constitucion:1991:art:336,,,http://www.secretariasenado.gov.co/senado/basedoc/constitucion_politica_1991.html
co:cc:c-590:1992,interpreta,co:constitucion:1991:art:336,,,http://www.secretariasenado.gov.co/senado/basedoc/constitucion_politica_1991.html
co:cc:c-005:1993,interpreta,co:constitucion:1991:art:336,,,http://www.secretariasenado.gov.co/senado/basedoc/constitucion_politica_1991.html
co:cc:c-040:1993,interpreta,co:constitucion:1991:art:336,,,http://www.secretariasenado.gov.co/senado/basedoc/constitucion_politica_1991.html
co:cc:c-126:1993,interpreta,co:constitucion:1991:art:336,,,http://www.secretariasenado.gov.co/senado/basedoc/constitucion_politica_1991.html
co:cc:c-005:2003,interpreta,co:constitucion:1991:art:336,,,http://www.secretariasenado.gov.co/senado/basedoc/constitucion_politica_1991.html
co:cc:c-030:2003,interpreta,co:constitucion:1991:art:336,,,http://www.secretariasenado.gov.co/senado/basedoc/constitucion_politica_1991.html
co:cc:c-316:2002,interpreta,co:constitucion:1991:art:336,,,http://www.secretariasenado.gov.co/senado/basedoc/constitucion_politica_1991.html
co:cc:c-484:2003,interpreta,co:constitucion:1991:art:336,,,http://www.secretariasenado.gov.co/senado/basedoc/constitucion_politica_1991.html
co:cc:c-531:2003,interpreta,co:constitucion:1991:art:336,,,http://www.secretariasenado.gov.co/senado/basedoc/constitucion_politica_1991.html
co:cc:c-571:2003,interpreta,co:constitucion:1991:art:336,,,http://www.secretariasenado.gov.co/senado/basedoc/constitucion_politica_1991.html
co:cc:c-072:2004,interpreta,co:constitucion:1991:art:336,,,http://www.secretariasenado.gov.co/senado/basedoc/constitucion_politica_1991.html
co:cc:c-177:2004,interpreta,co:constitucion:1991:art:336,,,http://www.secretariasenado.gov.co/senado/basedoc/constitucion_politica_1991.html
co:cc:c-226:2004,interpreta,co:constitucion:1991:art:336,,,http://www.secretariasenado.gov.co/senado/basedoc/constitucion_politica_1991.html
co:cc:c-432:2004,interpreta,co:constitucion:1991:art:336,,,http://www.secretariasenado.gov.co/senado/basedoc/constitucion_politica_1991.html
co:cc:c-052:2019,interpreta,co:constitucion:1991:art:336,,,http://www.secretariasenado.gov.co/senado/basedoc/constitucion_politica_1991.html
co:cc:c-381:2020,interpreta,co:constitucion:1991:art:336,,,http://www.secretariasenado.gov.co/senado/basedoc/constitucion_politica_1991.html
co:cc:c-032:2025,interpreta,co:constitucion:1991:art:336,,,http://www.secretariasenado.gov.co/senado/basedoc/constitucion_politica_1991.html
co:cc:c-504:1992,interpreta,co:constitucion:1991:art:337,,,http://www.secretariasenado.gov.co/senado/basedoc/constitucion_politica_1991.html
co:cc:c-379:1993,interpreta,co:constitucion:1991:art:337,,,http://www.secretariasenado.gov.co/senado/basedoc/constitucion_politica_1991.html
co:cc:c-449:1992,interpreta,co:constitucion:1991:art:338,,,http://www.secretariasenado.gov.co/senado/basedoc/constitucion_politica_1991.html
co:cc:c-510:1992,interpreta,co:constitucion:1991:art:338,,,http://www.secretariasenado.gov.co/senado/basedoc/constitucion_politica_1991.html
co:cc:c-517:1992,interpreta,co:constitucion:1991:art:338,,,http://www.secretariasenado.gov.co/senado/basedoc/constitucion_politica_1991.html
co:cc:c-553:1992,interpreta,co:constitucion:1991:art:338,,,http://www.secretariasenado.gov.co/senado/basedoc/constitucion_politica_1991.html
co:cc:c-560:1992,interpreta,co:constitucion:1991:art:338,,,http://www.secretariasenado.gov.co/senado/basedoc/constitucion_politica_1991.html
co:cc:c-575:1992,interpreta,co:constitucion:1991:art:338,,,http://www.secretariasenado.gov.co/senado/basedoc/constitucion_politica_1991.html
co:cc:c-580:1992,interpreta,co:constitucion:1991:art:338,,,http://www.secretariasenado.gov.co/senado/basedoc/constitucion_politica_1991.html
co:cc:c-590:1992,interpreta,co:constitucion:1991:art:338,,,http://www.secretariasenado.gov.co/senado/basedoc/constitucion_politica_1991.html
co:cc:c-608:1992,interpreta,co:constitucion:1991:art:338,,,http://www.secretariasenado.gov.co/senado/basedoc/constitucion_politica_1991.html
co:cc:c-004:1993,interpreta,co:constitucion:1991:art:338,,,http://www.secretariasenado.gov.co/senado/basedoc/constitucion_politica_1991.html
co:cc:c-040:1993,interpreta,co:constitucion:1991:art:338,,,http://www.secretariasenado.gov.co/senado/basedoc/constitucion_politica_1991.html
co:cc:c-044:1993,interpreta,co:constitucion:1991:art:338,,,http://www.secretariasenado.gov.co/senado/basedoc/constitucion_politica_1991.html
co:cc:c-083:1993,interpreta,co:constitucion:1991:art:338,,,http://www.secretariasenado.gov.co/senado/basedoc/constitucion_politica_1991.html
co:cc:c-094:1993,interpreta,co:constitucion:1991:art:338,,,http://www.secretariasenado.gov.co/senado/basedoc/constitucion_politica_1991.html
co:cc:c-527:1996,interpreta,co:constitucion:1991:art:338,,,http://www.secretariasenado.gov.co/senado/basedoc/constitucion_politica_1991.html
co:cc:c-185:1997,interpreta,co:constitucion:1991:art:338,,,http://www.secretariasenado.gov.co/senado/basedoc/constitucion_politica_1991.html
co:cc:c-1371:2000,interpreta,co:constitucion:1991:art:338,,,http://www.secretariasenado.gov.co/senado/basedoc/constitucion_politica_1991.html
co:cc:c-227:2002,interpreta,co:constitucion:1991:art:338,,,http://www.secretariasenado.gov.co/senado/basedoc/constitucion_politica_1991.html
co:cc:c-538:2002,interpreta,co:constitucion:1991:art:338,,,http://www.secretariasenado.gov.co/senado/basedoc/constitucion_politica_1991.html
co:cc:c-041:2003,interpreta,co:constitucion:1991:art:338,,,http://www.secretariasenado.gov.co/senado/basedoc/constitucion_politica_1991.html
co:cc:c-155:2003,interpreta,co:constitucion:1991:art:338,,,http://www.secretariasenado.gov.co/senado/basedoc/constitucion_politica_1991.html
co:cc:c-405:2003,interpreta,co:constitucion:1991:art:338,,,http://www.secretariasenado.gov.co/senado/basedoc/constitucion_politica_1991.html
co:cc:c-432:2003,interpreta,co:constitucion:1991:art:338,,,http://www.secretariasenado.gov.co/senado/basedoc/constitucion_politica_1991.html
co:cc:c-527:2003,interpreta,co:constitucion:1991:art:338,,,http://www.secretariasenado.gov.co/senado/basedoc/constitucion_politica_1991.html
co:cc:c-531:2003,interpreta,co:constitucion:1991:art:338,,,http://www.secretariasenado.gov.co/senado/basedoc/constitucion_politica_1991.html
co:cc:c-532:2003,interpreta,co:constitucion:1991:art:338,,,http://www.secretariasenado.gov.co/senado/basedoc/constitucion_politica_1991.html
co:cc:c-625:2003,interpreta,co:constitucion:1991:art:338,,,http://www.secretariasenado.gov.co/senado/basedoc/constitucion_politica_1991.html
co:cc:c-690:2003,interpreta,co:constitucion:1991:art:338,,,http://www.secretariasenado.gov.co/senado/basedoc/constitucion_politica_1991.html
co:cc:c-1006:2003,interpreta,co:constitucion:1991:art:338,,,http://www.secretariasenado.gov.co/senado/basedoc/constitucion_politica_1991.html
co:cc:c-1035:2003,interpreta,co:constitucion:1991:art:338,,,http://www.secretariasenado.gov.co/senado/basedoc/constitucion_politica_1991.html
co:cc:c-1043:2003,interpreta,co:constitucion:1991:art:338,,,http://www.secretariasenado.gov.co/senado/basedoc/constitucion_politica_1991.html
co:cc:c-226:2004,interpreta,co:constitucion:1991:art:338,,,http://www.secretariasenado.gov.co/senado/basedoc/constitucion_politica_1991.html
co:cc:c-312:2004,interpreta,co:constitucion:1991:art:338,,,http://www.secretariasenado.gov.co/senado/basedoc/constitucion_politica_1991.html
co:cc:c-349:2004,interpreta,co:constitucion:1991:art:338,,,http://www.secretariasenado.gov.co/senado/basedoc/constitucion_politica_1991.html
co:cc:c-461:2004,interpreta,co:constitucion:1991:art:338,,,http://www.secretariasenado.gov.co/senado/basedoc/constitucion_politica_1991.html
co:cc:c-034:2005,interpreta,co:constitucion:1991:art:338,,,http://www.secretariasenado.gov.co/senado/basedoc/constitucion_politica_1991.html
co:cc:c-243:2005,interpreta,co:constitucion:1991:art:338,,,http://www.secretariasenado.gov.co/senado/basedoc/constitucion_politica_1991.html
co:cc:c-1171:2005,interpreta,co:constitucion:1991:art:338,,,http://www.secretariasenado.gov.co/senado/basedoc/constitucion_politica_1991.html
co:cc:c-114:2006,interpreta,co:constitucion:1991:art:338,,,http://www.secretariasenado.gov.co/senado/basedoc/constitucion_politica_1991.html
co:cc:c-121:2006,interpreta,co:constitucion:1991:art:338,,,http://www.secretariasenado.gov.co/senado/basedoc/constitucion_politica_1991.html
co:cc:c-536:2006,interpreta,co:constitucion:1991:art:338,,,http://www.secretariasenado.gov.co/senado/basedoc/constitucion_politica_1991.html
co:cc:c-517:2007,interpreta,co:constitucion:1991:art:338,,,http://www.secretariasenado.gov.co/senado/basedoc/constitucion_politica_1991.html
co:cc:c-621:2007,interpreta,co:constitucion:1991:art:338,,,http://www.secretariasenado.gov.co/senado/basedoc/constitucion_politica_1991.html
co:cc:c-809:2007,interpreta,co:constitucion:1991:art:338,,,http://www.secretariasenado.gov.co/senado/basedoc/constitucion_politica_1991.html
co:cc:c-950:2007,interpreta,co:constitucion:1991:art:338,,,http://www.secretariasenado.gov.co/senado/basedoc/constitucion_politica_1991.html
co:cc:c-959:2007,interpreta,co:constitucion:1991:art:338,,,http://www.secretariasenado.gov.co/senado/basedoc/constitucion_politica_1991.html
co:cc:c-377:2008,interpreta,co:constitucion:1991:art:338,,,http://www.secretariasenado.gov.co/senado/basedoc/constitucion_politica_1991.html
co:cc:c-1153:2008,interpreta,co:constitucion:1991:art:338,,,http://www.secretariasenado.gov.co/senado/basedoc/constitucion_politica_1991.html
co:cc:c-134:2009,interpreta,co:constitucion:1991:art:338,,,http://www.secretariasenado.gov.co/senado/basedoc/constitucion_politica_1991.html
co:cc:c-287:2009,interpreta,co:constitucion:1991:art:338,,,http://www.secretariasenado.gov.co/senado/basedoc/constitucion_politica_1991.html
co:cc:c-430:2009,interpreta,co:constitucion:1991:art:338,,,http://www.secretariasenado.gov.co/senado/basedoc/constitucion_politica_1991.html
co:cc:c-402:2010,interpreta,co:constitucion:1991:art:338,,,http://www.secretariasenado.gov.co/senado/basedoc/constitucion_politica_1991.html
co:cc:c-182:2010,interpreta,co:constitucion:1991:art:338,,,http://www.secretariasenado.gov.co/senado/basedoc/constitucion_politica_1991.html
co:cc:c-594:2010,interpreta,co:constitucion:1991:art:338,,,http://www.secretariasenado.gov.co/senado/basedoc/constitucion_politica_1991.html
co:cc:c-768:2010,interpreta,co:constitucion:1991:art:338,,,http://www.secretariasenado.gov.co/senado/basedoc/constitucion_politica_1991.html
co:cc:c-686:2011,interpreta,co:constitucion:1991:art:338,,,http://www.secretariasenado.gov.co/senado/basedoc/constitucion_politica_1991.html
co:cc:c-878:2011,interpreta,co:constitucion:1991:art:338,,,http://www.secretariasenado.gov.co/senado/basedoc/constitucion_politica_1991.html
co:cc:c-076:2012,interpreta,co:constitucion:1991:art:338,,,http://www.secretariasenado.gov.co/senado/basedoc/constitucion_politica_1991.html
co:cc:c-785:2012,interpreta,co:constitucion:1991:art:338,,,http://www.secretariasenado.gov.co/senado/basedoc/constitucion_politica_1991.html
co:cc:c-891:2012,interpreta,co:constitucion:1991:art:338,,,http://www.secretariasenado.gov.co/senado/basedoc/constitucion_politica_1991.html
co:cc:c-1018:2012,interpreta,co:constitucion:1991:art:338,,,http://www.secretariasenado.gov.co/senado/basedoc/constitucion_politica_1991.html
co:cc:c-621:2013,interpreta,co:constitucion:1991:art:338,,,http://www.secretariasenado.gov.co/senado/basedoc/constitucion_politica_1991.html
co:cc:c-585:2015,interpreta,co:constitucion:1991:art:338,,,http://www.secretariasenado.gov.co/senado/basedoc/constitucion_politica_1991.html
co:cc:c-155:2016,interpreta,co:constitucion:1991:art:338,,,http://www.secretariasenado.gov.co/senado/basedoc/constitucion_politica_1991.html
co:cc:c-272:2016,interpreta,co:constitucion:1991:art:338,,,http://www.secretariasenado.gov.co/senado/basedoc/constitucion_politica_1991.html
co:cc:c-388:2016,interpreta,co:constitucion:1991:art:338,,,http://www.secretariasenado.gov.co/senado/basedoc/constitucion_politica_1991.html
co:cc:c-100:2018,interpreta,co:constitucion:1991:art:338,,,http://www.secretariasenado.gov.co/senado/basedoc/constitucion_politica_1991.html
co:cc:c-119:2018,interpreta,co:constitucion:1991:art:338,,,http://www.secretariasenado.gov.co/senado/basedoc/constitucion_politica_1991.html
co:cc:c-130:2018,interpreta,co:constitucion:1991:art:338,,,http://www.secretariasenado.gov.co/senado/basedoc/constitucion_politica_1991.html
co:cc:c-030:2019,interpreta,co:constitucion:1991:art:338,,,http://www.secretariasenado.gov.co/senado/basedoc/constitucion_politica_1991.html
co:cc:c-511:2019,interpreta,co:constitucion:1991:art:338,,,http://www.secretariasenado.gov.co/senado/basedoc/constitucion_politica_1991.html
co:cc:c-568:2019,interpreta,co:constitucion:1991:art:338,,,http://www.secretariasenado.gov.co/senado/basedoc/constitucion_politica_1991.html
co:cc:c-464:2020,interpreta,co:constitucion:1991:art:338,,,http://www.secretariasenado.gov.co/senado/basedoc/constitucion_politica_1991.html
co:cc:c-485:2020,interpreta,co:constitucion:1991:art:338,,,http://www.secretariasenado.gov.co/senado/basedoc/constitucion_politica_1991.html
co:cc:c-042:2021,interpreta,co:constitucion:1991:art:338,,,http://www.secretariasenado.gov.co/senado/basedoc/constitucion_politica_1991.html
co:cc:c-059:2021,interpreta,co:constitucion:1991:art:338,,,http://www.secretariasenado.gov.co/senado/basedoc/constitucion_politica_1991.html
co:cc:c-019:2022,interpreta,co:constitucion:1991:art:338,,,http://www.secretariasenado.gov.co/senado/basedoc/constitucion_politica_1991.html
co:cc:c-101:2022,interpreta,co:constitucion:1991:art:338,,,http://www.secretariasenado.gov.co/senado/basedoc/constitucion_politica_1991.html
co:cc:c-161:2022,interpreta,co:constitucion:1991:art:338,,,http://www.secretariasenado.gov.co/senado/basedoc/constitucion_politica_1991.html
co:cc:c-315:2022,interpreta,co:constitucion:1991:art:338,,,http://www.secretariasenado.gov.co/senado/basedoc/constitucion_politica_1991.html
co:cc:c-384:2023,interpreta,co:constitucion:1991:art:338,,,http://www.secretariasenado.gov.co/senado/basedoc/constitucion_politica_1991.html
co:cc:c-502:2023,interpreta,co:constitucion:1991:art:338,,,http://www.secretariasenado.gov.co/senado/basedoc/constitucion_politica_1991.html
co:cc:c-055:2024,interpreta,co:constitucion:1991:art:338,,,http://www.secretariasenado.gov.co/senado/basedoc/constitucion_politica_1991.html
co:acto-legislativo:3:2011:art:2,modifica,co:constitucion:1991:art:339,2011-07-01,,http://www.secretariasenado.gov.co/senado/basedoc/constitucion_politica_1991.html
co:cc:c-478:1992,interpreta,co:constitucion:1991:art:339,,,http://www.secretariasenado.gov.co/senado/basedoc/constitucion_politica_1991.html
co:cc:c-517:1992,interpreta,co:constitucion:1991:art:339,,,http://www.secretariasenado.gov.co/senado/basedoc/constitucion_politica_1991.html
co:cc:c-295:1993,interpreta,co:constitucion:1991:art:339,,,http://www.secretariasenado.gov.co/senado/basedoc/constitucion_politica_1991.html
co:cc:c-337:1993,interpreta,co:constitucion:1991:art:339,,,http://www.secretariasenado.gov.co/senado/basedoc/constitucion_politica_1991.html
co:cc:c-548:1993,interpreta,co:constitucion:1991:art:339,,,http://www.secretariasenado.gov.co/senado/basedoc/constitucion_politica_1991.html
co:cc:c-032:2004,interpreta,co:constitucion:1991:art:339,,,http://www.secretariasenado.gov.co/senado/basedoc/constitucion_politica_1991.html
co:cc:c-373:2004,interpreta,co:constitucion:1991:art:339,,,http://www.secretariasenado.gov.co/senado/basedoc/constitucion_politica_1991.html
co:cc:c-380:2004,interpreta,co:constitucion:1991:art:339,,,http://www.secretariasenado.gov.co/senado/basedoc/constitucion_politica_1991.html
co:cc:c-535:2008,interpreta,co:constitucion:1991:art:339,,,http://www.secretariasenado.gov.co/senado/basedoc/constitucion_politica_1991.html
co:cc:c-539:2008,interpreta,co:constitucion:1991:art:339,,,http://www.secretariasenado.gov.co/senado/basedoc/constitucion_politica_1991.html
co:cc:c-376:2008,interpreta,co:constitucion:1991:art:339,,,http://www.secretariasenado.gov.co/senado/basedoc/constitucion_politica_1991.html
co:cc:c-377:2008,interpreta,co:constitucion:1991:art:339,,,http://www.secretariasenado.gov.co/senado/basedoc/constitucion_politica_1991.html
co:cc:c-461:2008,interpreta,co:constitucion:1991:art:339,,,http://www.secretariasenado.gov.co/senado/basedoc/constitucion_politica_1991.html
co:cc:c-459:2008,interpreta,co:constitucion:1991:art:339,,,http://www.secretariasenado.gov.co/senado/basedoc/constitucion_politica_1991.html
co:cc:c-507:2008,interpreta,co:constitucion:1991:art:339,,,http://www.secretariasenado.gov.co/senado/basedoc/constitucion_politica_1991.html
co:cc:c-026:2020,interpreta,co:constitucion:1991:art:339,,,http://www.secretariasenado.gov.co/senado/basedoc/constitucion_politica_1991.html
co:cc:c-216:2020,interpreta,co:constitucion:1991:art:339,,,http://www.secretariasenado.gov.co/senado/basedoc/constitucion_politica_1991.html
co:cc:c-415:2020,interpreta,co:constitucion:1991:art:339,,,http://www.secretariasenado.gov.co/senado/basedoc/constitucion_politica_1991.html
co:cc:c-276:2021,interpreta,co:constitucion:1991:art:339,,,http://www.secretariasenado.gov.co/senado/basedoc/constitucion_politica_1991.html
co:cc:c-037:2024,interpreta,co:constitucion:1991:art:339,,,http://www.secretariasenado.gov.co/senado/basedoc/constitucion_politica_1991.html
co:cc:c-370:2024,interpreta,co:constitucion:1991:art:339,,,http://www.secretariasenado.gov.co/senado/basedoc/constitucion_politica_1991.html
co:cc:c-244:2025,interpreta,co:constitucion:1991:art:339,,,http://www.secretariasenado.gov.co/senado/basedoc/constitucion_politica_1991.html
co:cc:c-478:1992,interpreta,co:constitucion:1991:art:340,,,http://www.secretariasenado.gov.co/senado/basedoc/constitucion_politica_1991.html
co:cc:c-337:1993,interpreta,co:constitucion:1991:art:340,,,http://www.secretariasenado.gov.co/senado/basedoc/constitucion_politica_1991.html
co:cc:c-548:1993,interpreta,co:constitucion:1991:art:340,,,http://www.secretariasenado.gov.co/senado/basedoc/constitucion_politica_1991.html
co:cc:c-032:2004,interpreta,co:constitucion:1991:art:340,,,http://www.secretariasenado.gov.co/senado/basedoc/constitucion_politica_1991.html
co:cc:c-461:2008,interpreta,co:constitucion:1991:art:340,,,http://www.secretariasenado.gov.co/senado/basedoc/constitucion_politica_1991.html
co:cc:c-1403:2000,interpreta,co:constitucion:1991:art:341,,,http://www.secretariasenado.gov.co/senado/basedoc/constitucion_politica_1991.html
co:cc:c-478:1992,interpreta,co:constitucion:1991:art:341,,,http://www.secretariasenado.gov.co/senado/basedoc/constitucion_politica_1991.html
co:cc:c-337:1993,interpreta,co:constitucion:1991:art:341,,,http://www.secretariasenado.gov.co/senado/basedoc/constitucion_politica_1991.html
co:cc:c-548:1993,interpreta,co:constitucion:1991:art:341,,,http://www.secretariasenado.gov.co/senado/basedoc/constitucion_politica_1991.html
co:cc:c-032:2004,interpreta,co:constitucion:1991:art:341,,,http://www.secretariasenado.gov.co/senado/basedoc/constitucion_politica_1991.html
co:cc:c-373:2004,interpreta,co:constitucion:1991:art:341,,,http://www.secretariasenado.gov.co/senado/basedoc/constitucion_politica_1991.html
co:cc:c-380:2004,interpreta,co:constitucion:1991:art:341,,,http://www.secretariasenado.gov.co/senado/basedoc/constitucion_politica_1991.html
co:cc:c-376:2008,interpreta,co:constitucion:1991:art:341,,,http://www.secretariasenado.gov.co/senado/basedoc/constitucion_politica_1991.html
co:cc:c-377:2008,interpreta,co:constitucion:1991:art:341,,,http://www.secretariasenado.gov.co/senado/basedoc/constitucion_politica_1991.html
co:cc:c-507:2008,interpreta,co:constitucion:1991:art:341,,,http://www.secretariasenado.gov.co/senado/basedoc/constitucion_politica_1991.html
co:cc:c-714:2008,interpreta,co:constitucion:1991:art:341,,,http://www.secretariasenado.gov.co/senado/basedoc/constitucion_politica_1991.html
co:cc:c-334:2012,interpreta,co:constitucion:1991:art:341,,,http://www.secretariasenado.gov.co/senado/basedoc/constitucion_politica_1991.html
co:cc:c-292:2015,interpreta,co:constitucion:1991:art:341,,,http://www.secretariasenado.gov.co/senado/basedoc/constitucion_politica_1991.html
co:cc:c-478:1992,interpreta,co:constitucion:1991:art:342,,,http://www.secretariasenado.gov.co/senado/basedoc/constitucion_politica_1991.html
co:cc:c-517:1992,interpreta,co:constitucion:1991:art:342,,,http://www.secretariasenado.gov.co/senado/basedoc/constitucion_politica_1991.html
co:cc:c-068:1993,interpreta,co:constitucion:1991:art:342,,,http://www.secretariasenado.gov.co/senado/basedoc/constitucion_politica_1991.html
co:cc:c-075:1993,interpreta,co:constitucion:1991:art:342,,,http://www.secretariasenado.gov.co/senado/basedoc/constitucion_politica_1991.html
co:cc:c-337:1993,interpreta,co:constitucion:1991:art:342,,,http://www.secretariasenado.gov.co/senado/basedoc/constitucion_politica_1991.html
co:cc:c-548:1993,interpreta,co:constitucion:1991:art:342,,,http://www.secretariasenado.gov.co/senado/basedoc/constitucion_politica_1991.html
co:cc:c-524:2003,interpreta,co:constitucion:1991:art:342,,,http://www.secretariasenado.gov.co/senado/basedoc/constitucion_politica_1991.html
co:cc:c-373:2004,interpreta,co:constitucion:1991:art:342,,,http://www.secretariasenado.gov.co/senado/basedoc/constitucion_politica_1991.html
co:cc:c-380:2004,interpreta,co:constitucion:1991:art:342,,,http://www.secretariasenado.gov.co/senado/basedoc/constitucion_politica_1991.html
co:cc:c-376:2008,interpreta,co:constitucion:1991:art:342,,,http://www.secretariasenado.gov.co/senado/basedoc/constitucion_politica_1991.html
co:cc:c-377:2008,interpreta,co:constitucion:1991:art:342,,,http://www.secretariasenado.gov.co/senado/basedoc/constitucion_politica_1991.html
co:cc:c-018:2018,interpreta,co:constitucion:1991:art:342,,,http://www.secretariasenado.gov.co/senado/basedoc/constitucion_politica_1991.html
co:cc:c-221:1992,interpreta,co:constitucion:1991:art:343,,,http://www.secretariasenado.gov.co/senado/basedoc/constitucion_politica_1991.html
co:cc:c-449:1992,interpreta,co:constitucion:1991:art:343,,,http://www.secretariasenado.gov.co/senado/basedoc/constitucion_politica_1991.html
co:cc:c-478:1992,interpreta,co:constitucion:1991:art:343,,,http://www.secretariasenado.gov.co/senado/basedoc/constitucion_politica_1991.html
co:cc:c-479:1992,interpreta,co:constitucion:1991:art:343,,,http://www.secretariasenado.gov.co/senado/basedoc/constitucion_politica_1991.html
co:cc:c-074:1993,interpreta,co:constitucion:1991:art:343,,,http://www.secretariasenado.gov.co/senado/basedoc/constitucion_politica_1991.html
co:cc:c-391:1993,interpreta,co:constitucion:1991:art:343,,,http://www.secretariasenado.gov.co/senado/basedoc/constitucion_politica_1991.html
co:cc:c-373:2004,interpreta,co:constitucion:1991:art:343,,,http://www.secretariasenado.gov.co/senado/basedoc/constitucion_politica_1991.html
co:cc:c-478:1992,interpreta,co:constitucion:1991:art:344,,,http://www.secretariasenado.gov.co/senado/basedoc/constitucion_politica_1991.html
co:cc:c-517:1992,interpreta,co:constitucion:1991:art:344,,,http://www.secretariasenado.gov.co/senado/basedoc/constitucion_politica_1991.html
co:cc:c-373:2004,interpreta,co:constitucion:1991:art:344,,,http://www.secretariasenado.gov.co/senado/basedoc/constitucion_politica_1991.html
co:cc:c-447:1992,interpreta,co:constitucion:1991:art:345,,,http://www.secretariasenado.gov.co/senado/basedoc/constitucion_politica_1991.html
co:cc:c-448:1992,interpreta,co:constitucion:1991:art:345,,,http://www.secretariasenado.gov.co/senado/basedoc/constitucion_politica_1991.html
co:cc:c-478:1992,interpreta,co:constitucion:1991:art:345,,,http://www.secretariasenado.gov.co/senado/basedoc/constitucion_politica_1991.html
co:cc:c-546:1992,interpreta,co:constitucion:1991:art:345,,,http://www.secretariasenado.gov.co/senado/basedoc/constitucion_politica_1991.html
co:cc:c-017:1993,interpreta,co:constitucion:1991:art:345,,,http://www.secretariasenado.gov.co/senado/basedoc/constitucion_politica_1991.html
co:cc:c-057:1993,interpreta,co:constitucion:1991:art:345,,,http://www.secretariasenado.gov.co/senado/basedoc/constitucion_politica_1991.html
co:cc:c-069:1993,interpreta,co:constitucion:1991:art:345,,,http://www.secretariasenado.gov.co/senado/basedoc/constitucion_politica_1991.html
co:cc:c-072:1993,interpreta,co:constitucion:1991:art:345,,,http://www.secretariasenado.gov.co/senado/basedoc/constitucion_politica_1991.html
co:cc:c-073:1993,interpreta,co:constitucion:1991:art:345,,,http://www.secretariasenado.gov.co/senado/basedoc/constitucion_politica_1991.html
co:cc:c-098:1993,interpreta,co:constitucion:1991:art:345,,,http://www.secretariasenado.gov.co/senado/basedoc/constitucion_politica_1991.html
co:cc:c-149:1993,interpreta,co:constitucion:1991:art:345,,,http://www.secretariasenado.gov.co/senado/basedoc/constitucion_politica_1991.html
co:cc:c-148:2003,interpreta,co:constitucion:1991:art:345,,,http://www.secretariasenado.gov.co/senado/basedoc/constitucion_politica_1991.html
co:cc:c-373:2004,interpreta,co:constitucion:1991:art:345,,,http://www.secretariasenado.gov.co/senado/basedoc/constitucion_politica_1991.html
co:cc:c-508:2004,interpreta,co:constitucion:1991:art:345,,,http://www.secretariasenado.gov.co/senado/basedoc/constitucion_politica_1991.html
co:cc:c-423:2005,interpreta,co:constitucion:1991:art:345,,,http://www.secretariasenado.gov.co/senado/basedoc/constitucion_politica_1991.html
co:cc:c-434:2017,interpreta,co:constitucion:1991:art:345,,,http://www.secretariasenado.gov.co/senado/basedoc/constitucion_politica_1991.html
co:cc:c-170:2020,interpreta,co:constitucion:1991:art:345,,,http://www.secretariasenado.gov.co/senado/basedoc/constitucion_politica_1991.html
co:cc:c-036:2023,interpreta,co:constitucion:1991:art:345,,,http://www.secretariasenado.gov.co/senado/basedoc/constitucion_politica_1991.html
co:acto-legislativo:3:2011:art:3,modifica,co:constitucion:1991:art:346,2011-07-01,,http://www.secretariasenado.gov.co/senado/basedoc/constitucion_politica_1991.html
co:cc:c-478:1992,interpreta,co:constitucion:1991:art:346,,,http://www.secretariasenado.gov.co/senado/basedoc/constitucion_politica_1991.html
co:cc:c-510:1992,interpreta,co:constitucion:1991:art:346,,,http://www.secretariasenado.gov.co/senado/basedoc/constitucion_politica_1991.html
co:cc:c-546:1992,interpreta,co:constitucion:1991:art:346,,,http://www.secretariasenado.gov.co/senado/basedoc/constitucion_politica_1991.html
co:cc:c-017:1993,interpreta,co:constitucion:1991:art:346,,,http://www.secretariasenado.gov.co/senado/basedoc/constitucion_politica_1991.html
co:cc:c-057:1993,interpreta,co:constitucion:1991:art:346,,,http://www.secretariasenado.gov.co/senado/basedoc/constitucion_politica_1991.html
co:cc:c-069:1993,interpreta,co:constitucion:1991:art:346,,,http://www.secretariasenado.gov.co/senado/basedoc/constitucion_politica_1991.html
co:cc:c-072:1993,interpreta,co:constitucion:1991:art:346,,,http://www.secretariasenado.gov.co/senado/basedoc/constitucion_politica_1991.html
co:cc:c-073:1993,interpreta,co:constitucion:1991:art:346,,,http://www.secretariasenado.gov.co/senado/basedoc/constitucion_politica_1991.html
co:cc:c-206:1993,interpreta,co:constitucion:1991:art:346,,,http://www.secretariasenado.gov.co/senado/basedoc/constitucion_politica_1991.html
co:cc:c-261:1993,interpreta,co:constitucion:1991:art:346,,,http://www.secretariasenado.gov.co/senado/basedoc/constitucion_politica_1991.html
co:cc:c-271:1993,interpreta,co:constitucion:1991:art:346,,,http://www.secretariasenado.gov.co/senado/basedoc/constitucion_politica_1991.html
co:cc:c-032:2004,interpreta,co:constitucion:1991:art:346,,,http://www.secretariasenado.gov.co/senado/basedoc/constitucion_politica_1991.html
co:cc:c-148:2003,interpreta,co:constitucion:1991:art:346,,,http://www.secretariasenado.gov.co/senado/basedoc/constitucion_politica_1991.html
co:cc:c-373:2004,interpreta,co:constitucion:1991:art:346,,,http://www.secretariasenado.gov.co/senado/basedoc/constitucion_politica_1991.html
co:cc:c-935:2004,interpreta,co:constitucion:1991:art:346,,,http://www.secretariasenado.gov.co/senado/basedoc/constitucion_politica_1991.html
co:cc:c-167:2021,interpreta,co:constitucion:1991:art:346,,,http://www.secretariasenado.gov.co/senado/basedoc/constitucion_politica_1991.html
co:cc:c-178:2021,interpreta,co:constitucion:1991:art:346,,,http://www.secretariasenado.gov.co/senado/basedoc/constitucion_politica_1991.html
co:cc:c-346:2021,interpreta,co:constitucion:1991:art:346,,,http://www.secretariasenado.gov.co/senado/basedoc/constitucion_politica_1991.html
co:cc:c-085:2022,interpreta,co:constitucion:1991:art:346,,,http://www.secretariasenado.gov.co/senado/basedoc/constitucion_politica_1991.html
co:cc:c-692:2002,declara_exequible,co:constitucion:1991:art:347,2002-08-27,,http://www.secretariasenado.gov.co/senado/basedoc/constitucion_politica_1991.html
co:acto-legislativo:1:2001:art:1,adiciona,co:constitucion:1991:art:347,2001-08-01,,http://www.secretariasenado.gov.co/senado/basedoc/constitucion_politica_1991.html
co:cc:c-447:1992,interpreta,co:constitucion:1991:art:347,,,http://www.secretariasenado.gov.co/senado/basedoc/constitucion_politica_1991.html
co:cc:c-448:1992,interpreta,co:constitucion:1991:art:347,,,http://www.secretariasenado.gov.co/senado/basedoc/constitucion_politica_1991.html
co:cc:c-478:1992,interpreta,co:constitucion:1991:art:347,,,http://www.secretariasenado.gov.co/senado/basedoc/constitucion_politica_1991.html
co:cc:c-546:1992,interpreta,co:constitucion:1991:art:347,,,http://www.secretariasenado.gov.co/senado/basedoc/constitucion_politica_1991.html
co:cc:c-017:1993,interpreta,co:constitucion:1991:art:347,,,http://www.secretariasenado.gov.co/senado/basedoc/constitucion_politica_1991.html
co:cc:c-069:1993,interpreta,co:constitucion:1991:art:347,,,http://www.secretariasenado.gov.co/senado/basedoc/constitucion_politica_1991.html
co:cc:c-072:1993,interpreta,co:constitucion:1991:art:347,,,http://www.secretariasenado.gov.co/senado/basedoc/constitucion_politica_1991.html
co:cc:c-206:1993,interpreta,co:constitucion:1991:art:347,,,http://www.secretariasenado.gov.co/senado/basedoc/constitucion_politica_1991.html
co:cc:c-261:1993,interpreta,co:constitucion:1991:art:347,,,http://www.secretariasenado.gov.co/senado/basedoc/constitucion_politica_1991.html
co:cc:c-097:2003,interpreta,co:constitucion:1991:art:347,,,http://www.secretariasenado.gov.co/senado/basedoc/constitucion_politica_1991.html
co:cc:c-015:2016,interpreta,co:constitucion:1991:art:347,,,http://www.secretariasenado.gov.co/senado/basedoc/constitucion_politica_1991.html
co:cc:c-347:2016,interpreta,co:constitucion:1991:art:347,,,http://www.secretariasenado.gov.co/senado/basedoc/constitucion_politica_1991.html
co:cc:c-481:2019,interpreta,co:constitucion:1991:art:347,,,http://www.secretariasenado.gov.co/senado/basedoc/constitucion_politica_1991.html
co:cc:c-036:2023,interpreta,co:constitucion:1991:art:347,,,http://www.secretariasenado.gov.co/senado/basedoc/constitucion_politica_1991.html
co:cc:c-478:1992,interpreta,co:constitucion:1991:art:348,,,http://www.secretariasenado.gov.co/senado/basedoc/constitucion_politica_1991.html
co:cc:c-546:1992,interpreta,co:constitucion:1991:art:348,,,http://www.secretariasenado.gov.co/senado/basedoc/constitucion_politica_1991.html
co:cc:c-017:1993,interpreta,co:constitucion:1991:art:348,,,http://www.secretariasenado.gov.co/senado/basedoc/constitucion_politica_1991.html
co:cc:c-337:1993,interpreta,co:constitucion:1991:art:348,,,http://www.secretariasenado.gov.co/senado/basedoc/constitucion_politica_1991.html
co:cc:c-821:2004,interpreta,co:constitucion:1991:art:348,,,http://www.secretariasenado.gov.co/senado/basedoc/constitucion_politica_1991.html
co:cc:c-478:1992,interpreta,co:constitucion:1991:art:349,,,http://www.secretariasenado.gov.co/senado/basedoc/constitucion_politica_1991.html
co:cc:c-546:1992,interpreta,co:constitucion:1991:art:349,,,http://www.secretariasenado.gov.co/senado/basedoc/constitucion_politica_1991.html
co:cc:c-017:1993,interpreta,co:constitucion:1991:art:349,,,http://www.secretariasenado.gov.co/senado/basedoc/constitucion_politica_1991.html
co:cc:c-069:1993,interpreta,co:constitucion:1991:art:349,,,http://www.secretariasenado.gov.co/senado/basedoc/constitucion_politica_1991.html
co:cc:c-206:1993,interpreta,co:constitucion:1991:art:349,,,http://www.secretariasenado.gov.co/senado/basedoc/constitucion_politica_1991.html
co:cc:c-261:1993,interpreta,co:constitucion:1991:art:349,,,http://www.secretariasenado.gov.co/senado/basedoc/constitucion_politica_1991.html
co:cc:c-271:1993,interpreta,co:constitucion:1991:art:349,,,http://www.secretariasenado.gov.co/senado/basedoc/constitucion_politica_1991.html
co:cc:c-337:1993,interpreta,co:constitucion:1991:art:349,,,http://www.secretariasenado.gov.co/senado/basedoc/constitucion_politica_1991.html
co:cc:c-416:1993,interpreta,co:constitucion:1991:art:349,,,http://www.secretariasenado.gov.co/senado/basedoc/constitucion_politica_1991.html
co:cc:c-478:1992,interpreta,co:constitucion:1991:art:350,,,http://www.secretariasenado.gov.co/senado/basedoc/constitucion_politica_1991.html
co:cc:c-546:1992,interpreta,co:constitucion:1991:art:350,,,http://www.secretariasenado.gov.co/senado/basedoc/constitucion_politica_1991.html
co:cc:c-590:1992,interpreta,co:constitucion:1991:art:350,,,http://www.secretariasenado.gov.co/senado/basedoc/constitucion_politica_1991.html
co:cc:c-017:1993,interpreta,co:constitucion:1991:art:350,,,http://www.secretariasenado.gov.co/senado/basedoc/constitucion_politica_1991.html
co:cc:c-073:1993,interpreta,co:constitucion:1991:art:350,,,http://www.secretariasenado.gov.co/senado/basedoc/constitucion_politica_1991.html
co:cc:c-176:1993,interpreta,co:constitucion:1991:art:350,,,http://www.secretariasenado.gov.co/senado/basedoc/constitucion_politica_1991.html
co:cc:c-261:1993,interpreta,co:constitucion:1991:art:350,,,http://www.secretariasenado.gov.co/senado/basedoc/constitucion_politica_1991.html
co:cc:c-271:1993,interpreta,co:constitucion:1991:art:350,,,http://www.secretariasenado.gov.co/senado/basedoc/constitucion_politica_1991.html
co:cc:c-337:1993,interpreta,co:constitucion:1991:art:350,,,http://www.secretariasenado.gov.co/senado/basedoc/constitucion_politica_1991.html
co:cc:c-097:2003,interpreta,co:constitucion:1991:art:350,,,http://www.secretariasenado.gov.co/senado/basedoc/constitucion_politica_1991.html
co:cc:c-040:2004,interpreta,co:constitucion:1991:art:350,,,http://www.secretariasenado.gov.co/senado/basedoc/constitucion_politica_1991.html
co:cc:c-478:1992,interpreta,co:constitucion:1991:art:351,,,http://www.secretariasenado.gov.co/senado/basedoc/constitucion_politica_1991.html
co:cc:c-546:1992,interpreta,co:constitucion:1991:art:351,,,http://www.secretariasenado.gov.co/senado/basedoc/constitucion_politica_1991.html
co:cc:c-017:1993,interpreta,co:constitucion:1991:art:351,,,http://www.secretariasenado.gov.co/senado/basedoc/constitucion_politica_1991.html
co:cc:c-270:1993,interpreta,co:constitucion:1991:art:351,,,http://www.secretariasenado.gov.co/senado/basedoc/constitucion_politica_1991.html
co:cc:c-337:1993,interpreta,co:constitucion:1991:art:351,,,http://www.secretariasenado.gov.co/senado/basedoc/constitucion_politica_1991.html
co:cc:c-032:2004,interpreta,co:constitucion:1991:art:351,,,http://www.secretariasenado.gov.co/senado/basedoc/constitucion_politica_1991.html
co:cc:c-449:1992,interpreta,co:constitucion:1991:art:352,,,http://www.secretariasenado.gov.co/senado/basedoc/constitucion_politica_1991.html
co:cc:c-478:1992,interpreta,co:constitucion:1991:art:352,,,http://www.secretariasenado.gov.co/senado/basedoc/constitucion_politica_1991.html
co:cc:c-517:1992,interpreta,co:constitucion:1991:art:352,,,http://www.secretariasenado.gov.co/senado/basedoc/constitucion_politica_1991.html
co:cc:c-546:1992,interpreta,co:constitucion:1991:art:352,,,http://www.secretariasenado.gov.co/senado/basedoc/constitucion_politica_1991.html
co:cc:c-017:1993,interpreta,co:constitucion:1991:art:352,,,http://www.secretariasenado.gov.co/senado/basedoc/constitucion_politica_1991.html
co:cc:c-068:1993,interpreta,co:constitucion:1991:art:352,,,http://www.secretariasenado.gov.co/senado/basedoc/constitucion_politica_1991.html
co:cc:c-069:1993,interpreta,co:constitucion:1991:art:352,,,http://www.secretariasenado.gov.co/senado/basedoc/constitucion_politica_1991.html
co:cc:c-072:1993,interpreta,co:constitucion:1991:art:352,,,http://www.secretariasenado.gov.co/senado/basedoc/constitucion_politica_1991.html
co:cc:c-073:1993,interpreta,co:constitucion:1991:art:352,,,http://www.secretariasenado.gov.co/senado/basedoc/constitucion_politica_1991.html
co:cc:c-075:1993,interpreta,co:constitucion:1991:art:352,,,http://www.secretariasenado.gov.co/senado/basedoc/constitucion_politica_1991.html
co:cc:c-206:1993,interpreta,co:constitucion:1991:art:352,,,http://www.secretariasenado.gov.co/senado/basedoc/constitucion_politica_1991.html
co:cc:c-066:2003,interpreta,co:constitucion:1991:art:352,,,http://www.secretariasenado.gov.co/senado/basedoc/constitucion_politica_1991.html
co:cc:c-148:2003,interpreta,co:constitucion:1991:art:352,,,http://www.secretariasenado.gov.co/senado/basedoc/constitucion_politica_1991.html
co:cc:c-460:2004,interpreta,co:constitucion:1991:art:352,,,http://www.secretariasenado.gov.co/senado/basedoc/constitucion_politica_1991.html
co:cc:c-006:2012,interpreta,co:constitucion:1991:art:352,,,http://www.secretariasenado.gov.co/senado/basedoc/constitucion_politica_1991.html
co:cc:c-167:2021,interpreta,co:constitucion:1991:art:352,,,http://www.secretariasenado.gov.co/senado/basedoc/constitucion_politica_1991.html
co:cc:c-178:2021,interpreta,co:constitucion:1991:art:352,,,http://www.secretariasenado.gov.co/senado/basedoc/constitucion_politica_1991.html
co:cc:c-075:2022,interpreta,co:constitucion:1991:art:352,,,http://www.secretariasenado.gov.co/senado/basedoc/constitucion_politica_1991.html
co:cc:c-085:2022,interpreta,co:constitucion:1991:art:352,,,http://www.secretariasenado.gov.co/senado/basedoc/constitucion_politica_1991.html
co:cc:c-478:1992,interpreta,co:constitucion:1991:art:353,,,http://www.secretariasenado.gov.co/senado/basedoc/constitucion_politica_1991.html
co:cc:c-546:1992,interpreta,co:constitucion:1991:art:353,,,http://www.secretariasenado.gov.co/senado/basedoc/constitucion_politica_1991.html
co:cc:c-017:1993,interpreta,co:constitucion:1991:art:353,,,http://www.secretariasenado.gov.co/senado/basedoc/constitucion_politica_1991.html
co:cc:c-337:1993,interpreta,co:constitucion:1991:art:353,,,http://www.secretariasenado.gov.co/senado/basedoc/constitucion_politica_1991.html
co:cc:c-555:1993,interpreta,co:constitucion:1991:art:353,,,http://www.secretariasenado.gov.co/senado/basedoc/constitucion_politica_1991.html
co:cc:c-262:2015,interpreta,co:constitucion:1991:art:353,,,http://www.secretariasenado.gov.co/senado/basedoc/constitucion_politica_1991.html
co:cc:c-478:1992,interpreta,co:constitucion:1991:art:354,,,http://www.secretariasenado.gov.co/senado/basedoc/constitucion_politica_1991.html
co:cc:c-337:1993,interpreta,co:constitucion:1991:art:354,,,http://www.secretariasenado.gov.co/senado/basedoc/constitucion_politica_1991.html
co:cc:c-502:1993,interpreta,co:constitucion:1991:art:354,,,http://www.secretariasenado.gov.co/senado/basedoc/constitucion_politica_1991.html
co:cc:c-452:2003,interpreta,co:constitucion:1991:art:354,,,http://www.secretariasenado.gov.co/senado/basedoc/constitucion_politica_1991.html
co:cc:c-557:2009,interpreta,co:constitucion:1991:art:354,,,http://www.secretariasenado.gov.co/senado/basedoc/constitucion_politica_1991.html
co:cc:c-449:1992,interpreta,co:constitucion:1991:art:355,,,http://www.secretariasenado.gov.co/senado/basedoc/constitucion_politica_1991.html
co:cc:c-478:1992,interpreta,co:constitucion:1991:art:355,,,http://www.secretariasenado.gov.co/senado/basedoc/constitucion_politica_1991.html
co:cc:c-025:1993,interpreta,co:constitucion:1991:art:355,,,http://www.secretariasenado.gov.co/senado/basedoc/constitucion_politica_1991.html
co:cc:c-027:1993,interpreta,co:constitucion:1991:art:355,,,http://www.secretariasenado.gov.co/senado/basedoc/constitucion_politica_1991.html
co:cc:c-337:1993,interpreta,co:constitucion:1991:art:355,,,http://www.secretariasenado.gov.co/senado/basedoc/constitucion_politica_1991.html
co:cc:c-567:1993,interpreta,co:constitucion:1991:art:355,,,http://www.secretariasenado.gov.co/senado/basedoc/constitucion_politica_1991.html
co:cc:c-372:1994,interpreta,co:constitucion:1991:art:355,,,http://www.secretariasenado.gov.co/senado/basedoc/constitucion_politica_1991.html
co:cc:c-506:1994,interpreta,co:constitucion:1991:art:355,,,http://www.secretariasenado.gov.co/senado/basedoc/constitucion_politica_1991.html
co:cc:c-205:1995,interpreta,co:constitucion:1991:art:355,,,http://www.secretariasenado.gov.co/senado/basedoc/constitucion_politica_1991.html
co:cc:c-254:1996,interpreta,co:constitucion:1991:art:355,,,http://www.secretariasenado.gov.co/senado/basedoc/constitucion_politica_1991.html
co:cc:c-152:1999,interpreta,co:constitucion:1991:art:355,,,http://www.secretariasenado.gov.co/senado/basedoc/constitucion_politica_1991.html
co:cc:c-922:2000,interpreta,co:constitucion:1991:art:355,,,http://www.secretariasenado.gov.co/senado/basedoc/constitucion_politica_1991.html
co:cc:c-712:2002,interpreta,co:constitucion:1991:art:355,,,http://www.secretariasenado.gov.co/senado/basedoc/constitucion_politica_1991.html
co:cc:c-032:2004,interpreta,co:constitucion:1991:art:355,,,http://www.secretariasenado.gov.co/senado/basedoc/constitucion_politica_1991.html
co:cc:c-130:2003,interpreta,co:constitucion:1991:art:355,,,http://www.secretariasenado.gov.co/senado/basedoc/constitucion_politica_1991.html
co:cc:c-022:2004,interpreta,co:constitucion:1991:art:355,,,http://www.secretariasenado.gov.co/senado/basedoc/constitucion_politica_1991.html
co:cc:c-045:2004,interpreta,co:constitucion:1991:art:355,,,http://www.secretariasenado.gov.co/senado/basedoc/constitucion_politica_1991.html
co:cc:c-351:2004,interpreta,co:constitucion:1991:art:355,,,http://www.secretariasenado.gov.co/senado/basedoc/constitucion_politica_1991.html
co:cc:c-507:2008,interpreta,co:constitucion:1991:art:355,,,http://www.secretariasenado.gov.co/senado/basedoc/constitucion_politica_1991.html
co:cc:c-324:2009,interpreta,co:constitucion:1991:art:355,,,http://www.secretariasenado.gov.co/senado/basedoc/constitucion_politica_1991.html
co:cc:c-044:2015,interpreta,co:constitucion:1991:art:355,,,http://www.secretariasenado.gov.co/senado/basedoc/constitucion_politica_1991.html
co:cc:c-027:2016,interpreta,co:constitucion:1991:art:355,,,http://www.secretariasenado.gov.co/senado/basedoc/constitucion_politica_1991.html
co:cc:c-034:2019,interpreta,co:constitucion:1991:art:355,,,http://www.secretariasenado.gov.co/senado/basedoc/constitucion_politica_1991.html
co:cc:c-124:2022,interpreta,co:constitucion:1991:art:355,,,http://www.secretariasenado.gov.co/senado/basedoc/constitucion_politica_1991.html
co:acto-legislativo:3:2024:art:1,modifica,co:constitucion:1991:art:356,2024-12-27,,http://www.secretariasenado.gov.co/senado/basedoc/constitucion_politica_1991.html
co:acto-legislativo:1:2001:art:2,modifica,co:constitucion:1991:art:356,2001-08-01,,http://www.secretariasenado.gov.co/senado/basedoc/constitucion_politica_1991.html
co:acto-legislativo:1:1993:art:2,modifica,co:constitucion:1991:art:356,1993-12-31,fecha aproximada: la fuente solo da el año,http://www.secretariasenado.gov.co/senado/basedoc/constitucion_politica_1991.html
co:cc:c-033:2009,declara_inexequible,co:constitucion:1991:art:356,2009-01-28,,http://www.secretariasenado.gov.co/senado/basedoc/constitucion_politica_1991.html
co:cc:c-614:2002,declara_exequible,co:constitucion:1991:art:356,2002-08-06,,http://www.secretariasenado.gov.co/senado/basedoc/constitucion_politica_1991.html
co:cc:c-478:1992,interpreta,co:constitucion:1991:art:356,,,http://www.secretariasenado.gov.co/senado/basedoc/constitucion_politica_1991.html
co:cc:c-517:1992,interpreta,co:constitucion:1991:art:356,,,http://www.secretariasenado.gov.co/senado/basedoc/constitucion_politica_1991.html
co:cc:c-004:1993,interpreta,co:constitucion:1991:art:356,,,http://www.secretariasenado.gov.co/senado/basedoc/constitucion_politica_1991.html
co:cc:c-068:1993,interpreta,co:constitucion:1991:art:356,,,http://www.secretariasenado.gov.co/senado/basedoc/constitucion_politica_1991.html
co:cc:c-069:1993,interpreta,co:constitucion:1991:art:356,,,http://www.secretariasenado.gov.co/senado/basedoc/constitucion_politica_1991.html
co:cc:c-075:1993,interpreta,co:constitucion:1991:art:356,,,http://www.secretariasenado.gov.co/senado/basedoc/constitucion_politica_1991.html
co:cc:c-503:1993,interpreta,co:constitucion:1991:art:356,,,http://www.secretariasenado.gov.co/senado/basedoc/constitucion_politica_1991.html
co:cc:c-005:2003,interpreta,co:constitucion:1991:art:356,,,http://www.secretariasenado.gov.co/senado/basedoc/constitucion_politica_1991.html
co:cc:c-040:2004,interpreta,co:constitucion:1991:art:356,,,http://www.secretariasenado.gov.co/senado/basedoc/constitucion_politica_1991.html
co:cc:c-105:2004,interpreta,co:constitucion:1991:art:356,,,http://www.secretariasenado.gov.co/senado/basedoc/constitucion_politica_1991.html
co:cc:c-508:2004,interpreta,co:constitucion:1991:art:356,,,http://www.secretariasenado.gov.co/senado/basedoc/constitucion_politica_1991.html
co:cc:c-568:2004,interpreta,co:constitucion:1991:art:356,,,http://www.secretariasenado.gov.co/senado/basedoc/constitucion_politica_1991.html
co:cc:c-1118:2004,interpreta,co:constitucion:1991:art:356,,,http://www.secretariasenado.gov.co/senado/basedoc/constitucion_politica_1991.html
co:cc:c-926:2005,interpreta,co:constitucion:1991:art:356,,,http://www.secretariasenado.gov.co/senado/basedoc/constitucion_politica_1991.html
co:cc:c-985:2006,interpreta,co:constitucion:1991:art:356,,,http://www.secretariasenado.gov.co/senado/basedoc/constitucion_politica_1991.html
co:cc:c-1154:2008,interpreta,co:constitucion:1991:art:356,,,http://www.secretariasenado.gov.co/senado/basedoc/constitucion_politica_1991.html
co:cc:c-315:2021,interpreta,co:constitucion:1991:art:356,,,http://www.secretariasenado.gov.co/senado/basedoc/constitucion_politica_1991.html
co:acto-legislativo:3:2024:art:2,modifica,co:constitucion:1991:art:357,2024-12-27,,http://www.secretariasenado.gov.co/senado/basedoc/constitucion_politica_1991.html
co:acto-legislativo:4:2007:art:4,modifica,co:constitucion:1991:art:357,2007-07-11,,http://www.secretariasenado.gov.co/senado/basedoc/constitucion_politica_1991.html
co:acto-legislativo:1:2001:art:3,modifica,co:constitucion:1991:art:357,2001-08-01,,http://www.secretariasenado.gov.co/senado/basedoc/constitucion_politica_1991.html
co:acto-legislativo:1:1995:art:1,modifica,co:constitucion:1991:art:357,1995-12-31,fecha aproximada: la fuente solo da el año,http://www.secretariasenado.gov.co/senado/basedoc/constitucion_politica_1991.html
co:cc:c-427:2008,declara_exequible,co:constitucion:1991:art:357,2008-04-30,,http://www.secretariasenado.gov.co/senado/basedoc/constitucion_politica_1991.html
co:cc:c-487:2002,declara_exequible,co:constitucion:1991:art:357,2002-06-26,,http://www.secretariasenado.gov.co/senado/basedoc/constitucion_politica_1991.html
co:cc:c-478:1992,interpreta,co:constitucion:1991:art:357,,,http://www.secretariasenado.gov.co/senado/basedoc/constitucion_politica_1991.html
co:cc:c-004:1993,interpreta,co:constitucion:1991:art:357,,,http://www.secretariasenado.gov.co/senado/basedoc/constitucion_politica_1991.html
co:cc:c-068:1993,interpreta,co:constitucion:1991:art:357,,,http://www.secretariasenado.gov.co/senado/basedoc/constitucion_politica_1991.html
co:cc:c-075:1993,interpreta,co:constitucion:1991:art:357,,,http://www.secretariasenado.gov.co/senado/basedoc/constitucion_politica_1991.html
co:cc:c-503:1993,interpreta,co:constitucion:1991:art:357,,,http://www.secretariasenado.gov.co/senado/basedoc/constitucion_politica_1991.html
co:cc:c-005:2003,interpreta,co:constitucion:1991:art:357,,,http://www.secretariasenado.gov.co/senado/basedoc/constitucion_politica_1991.html
co:cc:c-097:2003,interpreta,co:constitucion:1991:art:357,,,http://www.secretariasenado.gov.co/senado/basedoc/constitucion_politica_1991.html
co:cc:c-040:2004,interpreta,co:constitucion:1991:art:357,,,http://www.secretariasenado.gov.co/senado/basedoc/constitucion_politica_1991.html
co:cc:c-105:2004,interpreta,co:constitucion:1991:art:357,,,http://www.secretariasenado.gov.co/senado/basedoc/constitucion_politica_1991.html
co:cc:c-568:2004,interpreta,co:constitucion:1991:art:357,,,http://www.secretariasenado.gov.co/senado/basedoc/constitucion_politica_1991.html
co:cc:c-1003:2005,interpreta,co:constitucion:1991:art:357,,,http://www.secretariasenado.gov.co/senado/basedoc/constitucion_politica_1991.html
co:cc:c-369:2006,interpreta,co:constitucion:1991:art:357,,,http://www.secretariasenado.gov.co/senado/basedoc/constitucion_politica_1991.html
co:cc:c-533:2006,interpreta,co:constitucion:1991:art:357,,,http://www.secretariasenado.gov.co/senado/basedoc/constitucion_politica_1991.html
co:cc:c-077:2012,interpreta,co:constitucion:1991:art:357,,,http://www.secretariasenado.gov.co/senado/basedoc/constitucion_politica_1991.html
co:cc:c-478:1992,interpreta,co:constitucion:1991:art:358,,,http://www.secretariasenado.gov.co/senado/basedoc/constitucion_politica_1991.html
co:cc:c-066:2003,interpreta,co:constitucion:1991:art:358,,,http://www.secretariasenado.gov.co/senado/basedoc/constitucion_politica_1991.html
co:cc:c-208:2003,interpreta,co:constitucion:1991:art:358,,,http://www.secretariasenado.gov.co/senado/basedoc/constitucion_politica_1991.html
co:cc:c-478:1992,interpreta,co:constitucion:1991:art:359,,,http://www.secretariasenado.gov.co/senado/basedoc/constitucion_politica_1991.html
co:cc:c-553:1992,interpreta,co:constitucion:1991:art:359,,,http://www.secretariasenado.gov.co/senado/basedoc/constitucion_politica_1991.html
co:cc:c-575:1992,interpreta,co:constitucion:1991:art:359,,,http://www.secretariasenado.gov.co/senado/basedoc/constitucion_politica_1991.html
co:cc:c-590:1992,interpreta,co:constitucion:1991:art:359,,,http://www.secretariasenado.gov.co/senado/basedoc/constitucion_politica_1991.html
co:cc:c-004:1993,interpreta,co:constitucion:1991:art:359,,,http://www.secretariasenado.gov.co/senado/basedoc/constitucion_politica_1991.html
co:cc:c-040:1993,interpreta,co:constitucion:1991:art:359,,,http://www.secretariasenado.gov.co/senado/basedoc/constitucion_politica_1991.html
co:cc:c-057:1993,interpreta,co:constitucion:1991:art:359,,,http://www.secretariasenado.gov.co/senado/basedoc/constitucion_politica_1991.html
co:cc:c-149:1993,interpreta,co:constitucion:1991:art:359,,,http://www.secretariasenado.gov.co/senado/basedoc/constitucion_politica_1991.html
co:cc:c-170:1993,interpreta,co:constitucion:1991:art:359,,,http://www.secretariasenado.gov.co/senado/basedoc/constitucion_politica_1991.html
co:cc:c-260:1993,interpreta,co:constitucion:1991:art:359,,,http://www.secretariasenado.gov.co/senado/basedoc/constitucion_politica_1991.html
co:cc:c-364:1993,interpreta,co:constitucion:1991:art:359,,,http://www.secretariasenado.gov.co/senado/basedoc/constitucion_politica_1991.html
co:cc:c-465:1993,interpreta,co:constitucion:1991:art:359,,,http://www.secretariasenado.gov.co/senado/basedoc/constitucion_politica_1991.html
co:cc:c-490:1993,interpreta,co:constitucion:1991:art:359,,,http://www.secretariasenado.gov.co/senado/basedoc/constitucion_politica_1991.html
co:cc:c-545:1993,interpreta,co:constitucion:1991:art:359,,,http://www.secretariasenado.gov.co/senado/basedoc/constitucion_politica_1991.html
co:cc:c-547:1994,interpreta,co:constitucion:1991:art:359,,,http://www.secretariasenado.gov.co/senado/basedoc/constitucion_politica_1991.html
co:cc:c-280:1996,interpreta,co:constitucion:1991:art:359,,,http://www.secretariasenado.gov.co/senado/basedoc/constitucion_politica_1991.html
co:cc:c-1330:1999,interpreta,co:constitucion:1991:art:359,,,http://www.secretariasenado.gov.co/senado/basedoc/constitucion_politica_1991.html
co:cc:c-938:2003,interpreta,co:constitucion:1991:art:359,,,http://www.secretariasenado.gov.co/senado/basedoc/constitucion_politica_1991.html
co:cc:c-931:2004,interpreta,co:constitucion:1991:art:359,,,http://www.secretariasenado.gov.co/senado/basedoc/constitucion_politica_1991.html
co:cc:c-375:2010,interpreta,co:constitucion:1991:art:359,,,http://www.secretariasenado.gov.co/senado/basedoc/constitucion_politica_1991.html
co:cc:c-748:2011,interpreta,co:constitucion:1991:art:359,,,http://www.secretariasenado.gov.co/senado/basedoc/constitucion_politica_1991.html
co:cc:c-528:2013,interpreta,co:constitucion:1991:art:359,,,http://www.secretariasenado.gov.co/senado/basedoc/constitucion_politica_1991.html
co:cc:c-561:2015,interpreta,co:constitucion:1991:art:359,,,http://www.secretariasenado.gov.co/senado/basedoc/constitucion_politica_1991.html
co:cc:c-155:2016,interpreta,co:constitucion:1991:art:359,,,http://www.secretariasenado.gov.co/senado/basedoc/constitucion_politica_1991.html
co:cc:c-130:2018,interpreta,co:constitucion:1991:art:359,,,http://www.secretariasenado.gov.co/senado/basedoc/constitucion_politica_1991.html
co:cc:c-221:2019,interpreta,co:constitucion:1991:art:359,,,http://www.secretariasenado.gov.co/senado/basedoc/constitucion_politica_1991.html
co:cc:c-169:2020,interpreta,co:constitucion:1991:art:359,,,http://www.secretariasenado.gov.co/senado/basedoc/constitucion_politica_1991.html
co:cc:c-504:2020,interpreta,co:constitucion:1991:art:359,,,http://www.secretariasenado.gov.co/senado/basedoc/constitucion_politica_1991.html
co:acto-legislativo:5:2011:art:1,modifica,co:constitucion:1991:art:360,2011-07-18,,http://www.secretariasenado.gov.co/senado/basedoc/constitucion_politica_1991.html
co:cc:c-478:1992,interpreta,co:constitucion:1991:art:360,,,http://www.secretariasenado.gov.co/senado/basedoc/constitucion_politica_1991.html
co:cc:c-004:1993,interpreta,co:constitucion:1991:art:360,,,http://www.secretariasenado.gov.co/senado/basedoc/constitucion_politica_1991.html
co:cc:c-068:1993,interpreta,co:constitucion:1991:art:360,,,http://www.secretariasenado.gov.co/senado/basedoc/constitucion_politica_1991.html
co:cc:c-075:1993,interpreta,co:constitucion:1991:art:360,,,http://www.secretariasenado.gov.co/senado/basedoc/constitucion_politica_1991.html
co:cc:c-098:1993,interpreta,co:constitucion:1991:art:360,,,http://www.secretariasenado.gov.co/senado/basedoc/constitucion_politica_1991.html
co:cc:c-216:1993,interpreta,co:constitucion:1991:art:360,,,http://www.secretariasenado.gov.co/senado/basedoc/constitucion_politica_1991.html
co:cc:c-221:1997,interpreta,co:constitucion:1991:art:360,,,http://www.secretariasenado.gov.co/senado/basedoc/constitucion_politica_1991.html
co:cc:c-447:1998,interpreta,co:constitucion:1991:art:360,,,http://www.secretariasenado.gov.co/senado/basedoc/constitucion_politica_1991.html
co:cc:c-293:2000,interpreta,co:constitucion:1991:art:360,,,http://www.secretariasenado.gov.co/senado/basedoc/constitucion_politica_1991.html
co:cc:c-1548:2000,interpreta,co:constitucion:1991:art:360,,,http://www.secretariasenado.gov.co/senado/basedoc/constitucion_politica_1991.html
co:cc:c-251:2003,interpreta,co:constitucion:1991:art:360,,,http://www.secretariasenado.gov.co/senado/basedoc/constitucion_politica_1991.html
co:cc:c-229:2003,interpreta,co:constitucion:1991:art:360,,,http://www.secretariasenado.gov.co/senado/basedoc/constitucion_politica_1991.html
co:cc:c-938:2003,interpreta,co:constitucion:1991:art:360,,,http://www.secretariasenado.gov.co/senado/basedoc/constitucion_politica_1991.html
co:cc:c-1087:2004,interpreta,co:constitucion:1991:art:360,,,http://www.secretariasenado.gov.co/senado/basedoc/constitucion_politica_1991.html
co:cc:c-535:2008,interpreta,co:constitucion:1991:art:360,,,http://www.secretariasenado.gov.co/senado/basedoc/constitucion_politica_1991.html
co:cc:c-800:2008,interpreta,co:constitucion:1991:art:360,,,http://www.secretariasenado.gov.co/senado/basedoc/constitucion_politica_1991.html
co:cc:c-541:2011,interpreta,co:constitucion:1991:art:360,,,http://www.secretariasenado.gov.co/senado/basedoc/constitucion_politica_1991.html
co:cc:c-1055:2012,interpreta,co:constitucion:1991:art:360,,,http://www.secretariasenado.gov.co/senado/basedoc/constitucion_politica_1991.html
co:cc:c-483:2020,interpreta,co:constitucion:1991:art:360,,,http://www.secretariasenado.gov.co/senado/basedoc/constitucion_politica_1991.html
co:cc:c-489:2023,interpreta,co:constitucion:1991:art:360,,,http://www.secretariasenado.gov.co/senado/basedoc/constitucion_politica_1991.html
co:cc:c-448:2020,interpreta,co:constitucion:1991:art:361,,,http://www.secretariasenado.gov.co/senado/basedoc/constitucion_politica_1991.html
co:acto-legislativo:5:2019:art:1,modifica,co:constitucion:1991:art:361,2017-09-08,,http://www.secretariasenado.gov.co/senado/basedoc/constitucion_politica_1991.html
co:acto-legislativo:5:2011:art:2,modifica,co:constitucion:1991:art:361,2011-07-18,,http://www.secretariasenado.gov.co/senado/basedoc/constitucion_politica_1991.html
co:cc:c-020:2018,declara_exequible,co:constitucion:1991:art:361,2018-04-04,,http://www.secretariasenado.gov.co/senado/basedoc/constitucion_politica_1991.html
co:cc:c-478:1992,interpreta,co:constitucion:1991:art:361,,,http://www.secretariasenado.gov.co/senado/basedoc/constitucion_politica_1991.html
co:cc:c-590:1992,interpreta,co:constitucion:1991:art:361,,,http://www.secretariasenado.gov.co/senado/basedoc/constitucion_politica_1991.html
co:cc:c-004:1993,interpreta,co:constitucion:1991:art:361,,,http://www.secretariasenado.gov.co/senado/basedoc/constitucion_politica_1991.html
co:cc:c-075:1993,interpreta,co:constitucion:1991:art:361,,,http://www.secretariasenado.gov.co/senado/basedoc/constitucion_politica_1991.html
co:cc:c-098:1993,interpreta,co:constitucion:1991:art:361,,,http://www.secretariasenado.gov.co/senado/basedoc/constitucion_politica_1991.html
co:cc:c-251:2003,interpreta,co:constitucion:1991:art:361,,,http://www.secretariasenado.gov.co/senado/basedoc/constitucion_politica_1991.html
co:cc:c-229:2003,interpreta,co:constitucion:1991:art:361,,,http://www.secretariasenado.gov.co/senado/basedoc/constitucion_politica_1991.html
co:cc:c-938:2003,interpreta,co:constitucion:1991:art:361,,,http://www.secretariasenado.gov.co/senado/basedoc/constitucion_politica_1991.html
co:cc:c-535:2008,interpreta,co:constitucion:1991:art:361,,,http://www.secretariasenado.gov.co/senado/basedoc/constitucion_politica_1991.html
co:cc:c-1055:2012,interpreta,co:constitucion:1991:art:361,,,http://www.secretariasenado.gov.co/senado/basedoc/constitucion_politica_1991.html
co:cc:c-624:2013,interpreta,co:constitucion:1991:art:361,,,http://www.secretariasenado.gov.co/senado/basedoc/constitucion_politica_1991.html
co:cc:c-417:2014,interpreta,co:constitucion:1991:art:361,,,http://www.secretariasenado.gov.co/senado/basedoc/constitucion_politica_1991.html
co:cc:c-383:2020,interpreta,co:constitucion:1991:art:361,,,http://www.secretariasenado.gov.co/senado/basedoc/constitucion_politica_1991.html
co:cc:c-590:1992,interpreta,co:constitucion:1991:art:362,,,http://www.secretariasenado.gov.co/senado/basedoc/constitucion_politica_1991.html
co:cc:c-004:1993,interpreta,co:constitucion:1991:art:362,,,http://www.secretariasenado.gov.co/senado/basedoc/constitucion_politica_1991.html
co:cc:c-040:1993,interpreta,co:constitucion:1991:art:362,,,http://www.secretariasenado.gov.co/senado/basedoc/constitucion_politica_1991.html
co:cc:c-075:1993,interpreta,co:constitucion:1991:art:362,,,http://www.secretariasenado.gov.co/senado/basedoc/constitucion_politica_1991.html
co:cc:c-216:1993,interpreta,co:constitucion:1991:art:362,,,http://www.secretariasenado.gov.co/senado/basedoc/constitucion_politica_1991.html
co:cc:c-427:1993,interpreta,co:constitucion:1991:art:362,,,http://www.secretariasenado.gov.co/senado/basedoc/constitucion_politica_1991.html
co:cc:c-467:1993,interpreta,co:constitucion:1991:art:362,,,http://www.secretariasenado.gov.co/senado/basedoc/constitucion_politica_1991.html
co:cc:c-545:1993,interpreta,co:constitucion:1991:art:362,,,http://www.secretariasenado.gov.co/senado/basedoc/constitucion_politica_1991.html
co:cc:c-385:2003,interpreta,co:constitucion:1991:art:362,,,http://www.secretariasenado.gov.co/senado/basedoc/constitucion_politica_1991.html
co:cc:c-484:2003,interpreta,co:constitucion:1991:art:362,,,http://www.secretariasenado.gov.co/senado/basedoc/constitucion_politica_1991.html
co:cc:c-038:2004,interpreta,co:constitucion:1991:art:362,,,http://www.secretariasenado.gov.co/senado/basedoc/constitucion_politica_1991.html
co:cc:c-615:2013,interpreta,co:constitucion:1991:art:362,,,http://www.secretariasenado.gov.co/senado/basedoc/constitucion_politica_1991.html
co:cc:c-346:2017,interpreta,co:constitucion:1991:art:362,,,http://www.secretariasenado.gov.co/senado/basedoc/constitucion_politica_1991.html
co:cc:c-608:1992,interpreta,co:constitucion:1991:art:363,,,http://www.secretariasenado.gov.co/senado/basedoc/constitucion_politica_1991.html
co:cc:c-015:1993,interpreta,co:constitucion:1991:art:363,,,http://www.secretariasenado.gov.co/senado/basedoc/constitucion_politica_1991.html
co:cc:c-027:1993,interpreta,co:constitucion:1991:art:363,,,http://www.secretariasenado.gov.co/senado/basedoc/constitucion_politica_1991.html
co:cc:c-083:1993,interpreta,co:constitucion:1991:art:363,,,http://www.secretariasenado.gov.co/senado/basedoc/constitucion_politica_1991.html
co:cc:c-094:1993,interpreta,co:constitucion:1991:art:363,,,http://www.secretariasenado.gov.co/senado/basedoc/constitucion_politica_1991.html
co:cc:c-103:1993,interpreta,co:constitucion:1991:art:363,,,http://www.secretariasenado.gov.co/senado/basedoc/constitucion_politica_1991.html
co:cc:c-115:1993,interpreta,co:constitucion:1991:art:363,,,http://www.secretariasenado.gov.co/senado/basedoc/constitucion_politica_1991.html
co:cc:c-144:1993,interpreta,co:constitucion:1991:art:363,,,http://www.secretariasenado.gov.co/senado/basedoc/constitucion_politica_1991.html
co:cc:c-149:1993,interpreta,co:constitucion:1991:art:363,,,http://www.secretariasenado.gov.co/senado/basedoc/constitucion_politica_1991.html
co:cc:c-155:1993,interpreta,co:constitucion:1991:art:363,,,http://www.secretariasenado.gov.co/senado/basedoc/constitucion_politica_1991.html
co:cc:c-205:1993,interpreta,co:constitucion:1991:art:363,,,http://www.secretariasenado.gov.co/senado/basedoc/constitucion_politica_1991.html
co:cc:c-209:1993,interpreta,co:constitucion:1991:art:363,,,http://www.secretariasenado.gov.co/senado/basedoc/constitucion_politica_1991.html
co:cc:c-228:1993,interpreta,co:constitucion:1991:art:363,,,http://www.secretariasenado.gov.co/senado/basedoc/constitucion_politica_1991.html
co:cc:c-527:1996,interpreta,co:constitucion:1991:art:363,,,http://www.secretariasenado.gov.co/senado/basedoc/constitucion_politica_1991.html
co:cc:c-007:2002,interpreta,co:constitucion:1991:art:363,,,http://www.secretariasenado.gov.co/senado/basedoc/constitucion_politica_1991.html
co:cc:c-010:2003,interpreta,co:constitucion:1991:art:363,,,http://www.secretariasenado.gov.co/senado/basedoc/constitucion_politica_1991.html
co:cc:c-231:2003,interpreta,co:constitucion:1991:art:363,,,http://www.secretariasenado.gov.co/senado/basedoc/constitucion_politica_1991.html
co:cc:c-250:2003,interpreta,co:constitucion:1991:art:363,,,http://www.secretariasenado.gov.co/senado/basedoc/constitucion_politica_1991.html
co:cc:c-480:2003,interpreta,co:constitucion:1991:art:363,,,http://www.secretariasenado.gov.co/senado/basedoc/constitucion_politica_1991.html
co:cc:c-363:2003,interpreta,co:constitucion:1991:art:363,,,http://www.secretariasenado.gov.co/senado/basedoc/constitucion_politica_1991.html
co:cc:c-571:2003,interpreta,co:constitucion:1991:art:363,,,http://www.secretariasenado.gov.co/senado/basedoc/constitucion_politica_1991.html
co:cc:c-572:2003,interpreta,co:constitucion:1991:art:363,,,http://www.secretariasenado.gov.co/senado/basedoc/constitucion_politica_1991.html
co:cc:c-776:2003,interpreta,co:constitucion:1991:art:363,,,http://www.secretariasenado.gov.co/senado/basedoc/constitucion_politica_1991.html
co:cc:c-913:2003,interpreta,co:constitucion:1991:art:363,,,http://www.secretariasenado.gov.co/senado/basedoc/constitucion_politica_1991.html
co:cc:c-1006:2003,interpreta,co:constitucion:1991:art:363,,,http://www.secretariasenado.gov.co/senado/basedoc/constitucion_politica_1991.html
co:cc:c-226:2004,interpreta,co:constitucion:1991:art:363,,,http://www.secretariasenado.gov.co/senado/basedoc/constitucion_politica_1991.html
co:cc:c-229:2004,interpreta,co:constitucion:1991:art:363,,,http://www.secretariasenado.gov.co/senado/basedoc/constitucion_politica_1991.html
co:cc:c-374:2004,interpreta,co:constitucion:1991:art:363,,,http://www.secretariasenado.gov.co/senado/basedoc/constitucion_politica_1991.html
co:cc:c-461:2004,interpreta,co:constitucion:1991:art:363,,,http://www.secretariasenado.gov.co/senado/basedoc/constitucion_politica_1991.html
co:cc:c-517:2004,interpreta,co:constitucion:1991:art:363,,,http://www.secretariasenado.gov.co/senado/basedoc/constitucion_politica_1991.html
co:cc:c-245:2006,interpreta,co:constitucion:1991:art:363,,,http://www.secretariasenado.gov.co/senado/basedoc/constitucion_politica_1991.html
co:cc:c-536:2006,interpreta,co:constitucion:1991:art:363,,,http://www.secretariasenado.gov.co/senado/basedoc/constitucion_politica_1991.html
co:cc:c-952:2007,interpreta,co:constitucion:1991:art:363,,,http://www.secretariasenado.gov.co/senado/basedoc/constitucion_politica_1991.html
co:cc:c-430:2009,interpreta,co:constitucion:1991:art:363,,,http://www.secretariasenado.gov.co/senado/basedoc/constitucion_politica_1991.html
co:cc:c-397:2011,interpreta,co:constitucion:1991:art:363,,,http://www.secretariasenado.gov.co/senado/basedoc/constitucion_politica_1991.html
co:cc:c-913:2011,interpreta,co:constitucion:1991:art:363,,,http://www.secretariasenado.gov.co/senado/basedoc/constitucion_politica_1991.html
co:cc:c-076:2012,interpreta,co:constitucion:1991:art:363,,,http://www.secretariasenado.gov.co/senado/basedoc/constitucion_politica_1991.html
co:cc:c-785:2012,interpreta,co:constitucion:1991:art:363,,,http://www.secretariasenado.gov.co/senado/basedoc/constitucion_politica_1991.html
co:cc:c-1021:2012,interpreta,co:constitucion:1991:art:363,,,http://www.secretariasenado.gov.co/senado/basedoc/constitucion_politica_1991.html
co:cc:c-766:2013,interpreta,co:constitucion:1991:art:363,,,http://www.secretariasenado.gov.co/senado/basedoc/constitucion_politica_1991.html
co:cc:c-833:2013,interpreta,co:constitucion:1991:art:363,,,http://www.secretariasenado.gov.co/senado/basedoc/constitucion_politica_1991.html
co:cc:c-100:2014,interpreta,co:constitucion:1991:art:363,,,http://www.secretariasenado.gov.co/senado/basedoc/constitucion_politica_1991.html
co:cc:c-168:2014,interpreta,co:constitucion:1991:art:363,,,http://www.secretariasenado.gov.co/senado/basedoc/constitucion_politica_1991.html
co:cc:c-743:2015,interpreta,co:constitucion:1991:art:363,,,http://www.secretariasenado.gov.co/senado/basedoc/constitucion_politica_1991.html
co:cc:c-668:2015,interpreta,co:constitucion:1991:art:363,,,http://www.secretariasenado.gov.co/senado/basedoc/constitucion_politica_1991.html
co:cc:c-209:2016,interpreta,co:constitucion:1991:art:363,,,http://www.secretariasenado.gov.co/senado/basedoc/constitucion_politica_1991.html
co:cc:c-388:2016,interpreta,co:constitucion:1991:art:363,,,http://www.secretariasenado.gov.co/senado/basedoc/constitucion_politica_1991.html
co:cc:c-393:2016,interpreta,co:constitucion:1991:art:363,,,http://www.secretariasenado.gov.co/senado/basedoc/constitucion_politica_1991.html
co:cc:c-060:2018,interpreta,co:constitucion:1991:art:363,,,http://www.secretariasenado.gov.co/senado/basedoc/constitucion_politica_1991.html
co:cc:c-117:2018,interpreta,co:constitucion:1991:art:363,,,http://www.secretariasenado.gov.co/senado/basedoc/constitucion_politica_1991.html
co:cc:c-120:2018,interpreta,co:constitucion:1991:art:363,,,http://www.secretariasenado.gov.co/senado/basedoc/constitucion_politica_1991.html
co:cc:c-129:2018,interpreta,co:constitucion:1991:art:363,,,http://www.secretariasenado.gov.co/senado/basedoc/constitucion_politica_1991.html
co:cc:c-087:2019,interpreta,co:constitucion:1991:art:363,,,http://www.secretariasenado.gov.co/senado/basedoc/constitucion_politica_1991.html
co:cc:c-221:2019,interpreta,co:constitucion:1991:art:363,,,http://www.secretariasenado.gov.co/senado/basedoc/constitucion_politica_1991.html
co:cc:c-514:2019,interpreta,co:constitucion:1991:art:363,,,http://www.secretariasenado.gov.co/senado/basedoc/constitucion_politica_1991.html
co:cc:c-606:2019,interpreta,co:constitucion:1991:art:363,,,http://www.secretariasenado.gov.co/senado/basedoc/constitucion_politica_1991.html
co:cc:c-057:2021,interpreta,co:constitucion:1991:art:363,,,http://www.secretariasenado.gov.co/senado/basedoc/constitucion_politica_1991.html
co:cc:c-059:2021,interpreta,co:constitucion:1991:art:363,,,http://www.secretariasenado.gov.co/senado/basedoc/constitucion_politica_1991.html
co:cc:c-061:2021,interpreta,co:constitucion:1991:art:363,,,http://www.secretariasenado.gov.co/senado/basedoc/constitucion_politica_1991.html
co:cc:c-389:2023,interpreta,co:constitucion:1991:art:363,,,http://www.secretariasenado.gov.co/senado/basedoc/constitucion_politica_1991.html
co:cc:c-517:1992,interpreta,co:constitucion:1991:art:364,,,http://www.secretariasenado.gov.co/senado/basedoc/constitucion_politica_1991.html
co:cc:c-004:1993,interpreta,co:constitucion:1991:art:364,,,http://www.secretariasenado.gov.co/senado/basedoc/constitucion_politica_1991.html
co:cc:c-112:1993,interpreta,co:constitucion:1991:art:364,,,http://www.secretariasenado.gov.co/senado/basedoc/constitucion_politica_1991.html
co:cc:c-149:1993,interpreta,co:constitucion:1991:art:364,,,http://www.secretariasenado.gov.co/senado/basedoc/constitucion_politica_1991.html
co:cc:c-449:1992,interpreta,co:constitucion:1991:art:365,,,http://www.secretariasenado.gov.co/senado/basedoc/constitucion_politica_1991.html
co:cc:c-478:1992,interpreta,co:constitucion:1991:art:365,,,http://www.secretariasenado.gov.co/senado/basedoc/constitucion_politica_1991.html
co:cc:c-479:1992,interpreta,co:constitucion:1991:art:365,,,http://www.secretariasenado.gov.co/senado/basedoc/constitucion_politica_1991.html
co:cc:c-517:1992,interpreta,co:constitucion:1991:art:365,,,http://www.secretariasenado.gov.co/senado/basedoc/constitucion_politica_1991.html
co:cc:c-590:1992,interpreta,co:constitucion:1991:art:365,,,http://www.secretariasenado.gov.co/senado/basedoc/constitucion_politica_1991.html
co:cc:c-074:1993,interpreta,co:constitucion:1991:art:365,,,http://www.secretariasenado.gov.co/senado/basedoc/constitucion_politica_1991.html
co:cc:c-075:1993,interpreta,co:constitucion:1991:art:365,,,http://www.secretariasenado.gov.co/senado/basedoc/constitucion_politica_1991.html
co:cc:c-082:1993,interpreta,co:constitucion:1991:art:365,,,http://www.secretariasenado.gov.co/senado/basedoc/constitucion_politica_1991.html
co:cc:c-144:1993,interpreta,co:constitucion:1991:art:365,,,http://www.secretariasenado.gov.co/senado/basedoc/constitucion_politica_1991.html
co:cc:c-153:1993,interpreta,co:constitucion:1991:art:365,,,http://www.secretariasenado.gov.co/senado/basedoc/constitucion_politica_1991.html
co:cc:c-169:1993,interpreta,co:constitucion:1991:art:365,,,http://www.secretariasenado.gov.co/senado/basedoc/constitucion_politica_1991.html
co:cc:c-170:1993,interpreta,co:constitucion:1991:art:365,,,http://www.secretariasenado.gov.co/senado/basedoc/constitucion_politica_1991.html
co:cc:c-209:1993,interpreta,co:constitucion:1991:art:365,,,http://www.secretariasenado.gov.co/senado/basedoc/constitucion_politica_1991.html
co:cc:c-267:1993,interpreta,co:constitucion:1991:art:365,,,http://www.secretariasenado.gov.co/senado/basedoc/constitucion_politica_1991.html
co:cc:c-268:1993,interpreta,co:constitucion:1991:art:365,,,http://www.secretariasenado.gov.co/senado/basedoc/constitucion_politica_1991.html
co:cc:c-337:1993,interpreta,co:constitucion:1991:art:365,,,http://www.secretariasenado.gov.co/senado/basedoc/constitucion_politica_1991.html
co:cc:c-181:1997,interpreta,co:constitucion:1991:art:365,,,http://www.secretariasenado.gov.co/senado/basedoc/constitucion_politica_1991.html
co:cc:c-579:1999,interpreta,co:constitucion:1991:art:365,,,http://www.secretariasenado.gov.co/senado/basedoc/constitucion_politica_1991.html
co:cc:c-035:2003,interpreta,co:constitucion:1991:art:365,,,http://www.secretariasenado.gov.co/senado/basedoc/constitucion_politica_1991.html
co:cc:c-041:2003,interpreta,co:constitucion:1991:art:365,,,http://www.secretariasenado.gov.co/senado/basedoc/constitucion_politica_1991.html
co:cc:c-272:2003,interpreta,co:constitucion:1991:art:365,,,http://www.secretariasenado.gov.co/senado/basedoc/constitucion_politica_1991.html
co:cc:c-481:2003,interpreta,co:constitucion:1991:art:365,,,http://www.secretariasenado.gov.co/senado/basedoc/constitucion_politica_1991.html
co:cc:c-1064:2003,interpreta,co:constitucion:1991:art:365,,,http://www.secretariasenado.gov.co/senado/basedoc/constitucion_politica_1991.html
co:cc:c-124:2004,interpreta,co:constitucion:1991:art:365,,,http://www.secretariasenado.gov.co/senado/basedoc/constitucion_politica_1991.html
co:cc:c-408:2004,interpreta,co:constitucion:1991:art:365,,,http://www.secretariasenado.gov.co/senado/basedoc/constitucion_politica_1991.html
co:cc:c-060:2005,interpreta,co:constitucion:1991:art:365,,,http://www.secretariasenado.gov.co/senado/basedoc/constitucion_politica_1991.html
co:cc:c-042:2006,interpreta,co:constitucion:1991:art:365,,,http://www.secretariasenado.gov.co/senado/basedoc/constitucion_politica_1991.html
co:cc:c-736:2007,interpreta,co:constitucion:1991:art:365,,,http://www.secretariasenado.gov.co/senado/basedoc/constitucion_politica_1991.html
co:cc:c-782:2007,interpreta,co:constitucion:1991:art:365,,,http://www.secretariasenado.gov.co/senado/basedoc/constitucion_politica_1991.html
co:cc:c-955:2007,interpreta,co:constitucion:1991:art:365,,,http://www.secretariasenado.gov.co/senado/basedoc/constitucion_politica_1991.html
co:cc:c-068:2009,interpreta,co:constitucion:1991:art:365,,,http://www.secretariasenado.gov.co/senado/basedoc/constitucion_politica_1991.html
co:cc:c-263:2013,interpreta,co:constitucion:1991:art:365,,,http://www.secretariasenado.gov.co/senado/basedoc/constitucion_politica_1991.html
co:cc:c-172:2014,interpreta,co:constitucion:1991:art:365,,,http://www.secretariasenado.gov.co/senado/basedoc/constitucion_politica_1991.html
co:cc:c-272:2016,interpreta,co:constitucion:1991:art:365,,,http://www.secretariasenado.gov.co/senado/basedoc/constitucion_politica_1991.html
co:cc:c-185:2019,interpreta,co:constitucion:1991:art:365,,,http://www.secretariasenado.gov.co/senado/basedoc/constitucion_politica_1991.html
co:cc:c-042:2021,interpreta,co:constitucion:1991:art:365,,,http://www.secretariasenado.gov.co/senado/basedoc/constitucion_politica_1991.html
co:cc:c-063:2021,interpreta,co:constitucion:1991:art:365,,,http://www.secretariasenado.gov.co/senado/basedoc/constitucion_politica_1991.html
co:cc:c-449:1992,interpreta,co:constitucion:1991:art:366,,,http://www.secretariasenado.gov.co/senado/basedoc/constitucion_politica_1991.html
co:cc:c-478:1992,interpreta,co:constitucion:1991:art:366,,,http://www.secretariasenado.gov.co/senado/basedoc/constitucion_politica_1991.html
co:cc:c-073:1993,interpreta,co:constitucion:1991:art:366,,,http://www.secretariasenado.gov.co/senado/basedoc/constitucion_politica_1991.html
co:cc:c-075:1993,interpreta,co:constitucion:1991:art:366,,,http://www.secretariasenado.gov.co/senado/basedoc/constitucion_politica_1991.html
co:cc:c-176:1993,interpreta,co:constitucion:1991:art:366,,,http://www.secretariasenado.gov.co/senado/basedoc/constitucion_politica_1991.html
co:cc:c-337:1993,interpreta,co:constitucion:1991:art:366,,,http://www.secretariasenado.gov.co/senado/basedoc/constitucion_politica_1991.html
co:cc:c-427:1993,interpreta,co:constitucion:1991:art:366,,,http://www.secretariasenado.gov.co/senado/basedoc/constitucion_politica_1991.html
co:cc:c-035:2003,interpreta,co:constitucion:1991:art:366,,,http://www.secretariasenado.gov.co/senado/basedoc/constitucion_politica_1991.html
co:cc:c-040:2004,interpreta,co:constitucion:1991:art:366,,,http://www.secretariasenado.gov.co/senado/basedoc/constitucion_politica_1991.html
co:cc:c-173:2004,interpreta,co:constitucion:1991:art:366,,,http://www.secretariasenado.gov.co/senado/basedoc/constitucion_politica_1991.html
co:cc:c-408:2004,interpreta,co:constitucion:1991:art:366,,,http://www.secretariasenado.gov.co/senado/basedoc/constitucion_politica_1991.html
co:cc:c-375:2010,interpreta,co:constitucion:1991:art:366,,,http://www.secretariasenado.gov.co/senado/basedoc/constitucion_politica_1991.html
co:cc:c-753:2013,interpreta,co:constitucion:1991:art:366,,,http://www.secretariasenado.gov.co/senado/basedoc/constitucion_politica_1991.html
co:cc:c-313:2014,interpreta,co:constitucion:1991:art:366,,,http://www.secretariasenado.gov.co/senado/basedoc/constitucion_politica_1991.html
co:cc:c-211:2017,interpreta,co:constitucion:1991:art:366,,,http://www.secretariasenado.gov.co/senado/basedoc/constitucion_politica_1991.html
co:cc:c-478:1992,interpreta,co:constitucion:1991:art:367,,,http://www.secretariasenado.gov.co/senado/basedoc/constitucion_politica_1991.html
co:cc:c-517:1992,interpreta,co:constitucion:1991:art:367,,,http://www.secretariasenado.gov.co/senado/basedoc/constitucion_politica_1991.html
co:cc:c-580:1992,interpreta,co:constitucion:1991:art:367,,,http://www.secretariasenado.gov.co/senado/basedoc/constitucion_politica_1991.html
co:cc:c-075:1993,interpreta,co:constitucion:1991:art:367,,,http://www.secretariasenado.gov.co/senado/basedoc/constitucion_politica_1991.html
co:cc:c-082:1993,interpreta,co:constitucion:1991:art:367,,,http://www.secretariasenado.gov.co/senado/basedoc/constitucion_politica_1991.html
co:cc:c-144:1993,interpreta,co:constitucion:1991:art:367,,,http://www.secretariasenado.gov.co/senado/basedoc/constitucion_politica_1991.html
co:cc:c-153:1993,interpreta,co:constitucion:1991:art:367,,,http://www.secretariasenado.gov.co/senado/basedoc/constitucion_politica_1991.html
co:cc:c-169:1993,interpreta,co:constitucion:1991:art:367,,,http://www.secretariasenado.gov.co/senado/basedoc/constitucion_politica_1991.html
co:cc:c-266:1993,interpreta,co:constitucion:1991:art:367,,,http://www.secretariasenado.gov.co/senado/basedoc/constitucion_politica_1991.html
co:cc:c-267:1993,interpreta,co:constitucion:1991:art:367,,,http://www.secretariasenado.gov.co/senado/basedoc/constitucion_politica_1991.html
co:cc:c-268:1993,interpreta,co:constitucion:1991:art:367,,,http://www.secretariasenado.gov.co/senado/basedoc/constitucion_politica_1991.html
co:cc:c-458:2004,interpreta,co:constitucion:1991:art:367,,,http://www.secretariasenado.gov.co/senado/basedoc/constitucion_politica_1991.html
co:cc:c-186:2022,interpreta,co:constitucion:1991:art:367,,,http://www.secretariasenado.gov.co/senado/basedoc/constitucion_politica_1991.html
co:cc:c-478:1992,interpreta,co:constitucion:1991:art:368,,,http://www.secretariasenado.gov.co/senado/basedoc/constitucion_politica_1991.html
co:cc:c-517:1992,interpreta,co:constitucion:1991:art:368,,,http://www.secretariasenado.gov.co/senado/basedoc/constitucion_politica_1991.html
co:cc:c-580:1992,interpreta,co:constitucion:1991:art:368,,,http://www.secretariasenado.gov.co/senado/basedoc/constitucion_politica_1991.html
co:cc:c-372:1994,interpreta,co:constitucion:1991:art:368,,,http://www.secretariasenado.gov.co/senado/basedoc/constitucion_politica_1991.html
co:cc:c-254:1996,interpreta,co:constitucion:1991:art:368,,,http://www.secretariasenado.gov.co/senado/basedoc/constitucion_politica_1991.html
co:cc:c-543:2001,interpreta,co:constitucion:1991:art:368,,,http://www.secretariasenado.gov.co/senado/basedoc/constitucion_politica_1991.html
co:cc:c-558:2001,interpreta,co:constitucion:1991:art:368,,,http://www.secretariasenado.gov.co/senado/basedoc/constitucion_politica_1991.html
co:cc:c-739:2008,interpreta,co:constitucion:1991:art:368,,,http://www.secretariasenado.gov.co/senado/basedoc/constitucion_politica_1991.html
co:cc:c-042:2021,interpreta,co:constitucion:1991:art:368,,,http://www.secretariasenado.gov.co/senado/basedoc/constitucion_politica_1991.html
co:cc:c-082:1993,interpreta,co:constitucion:1991:art:368,,,http://www.secretariasenado.gov.co/senado/basedoc/constitucion_politica_1991.html
co:cc:c-153:1993,interpreta,co:constitucion:1991:art:368,,,http://www.secretariasenado.gov.co/senado/basedoc/constitucion_politica_1991.html
co:cc:c-169:1993,interpreta,co:constitucion:1991:art:368,,,http://www.secretariasenado.gov.co/senado/basedoc/constitucion_politica_1991.html
co:cc:c-266:1993,interpreta,co:constitucion:1991:art:368,,,http://www.secretariasenado.gov.co/senado/basedoc/constitucion_politica_1991.html
co:cc:c-267:1993,interpreta,co:constitucion:1991:art:368,,,http://www.secretariasenado.gov.co/senado/basedoc/constitucion_politica_1991.html
co:cc:c-268:1993,interpreta,co:constitucion:1991:art:368,,,http://www.secretariasenado.gov.co/senado/basedoc/constitucion_politica_1991.html
co:cc:c-075:2006,interpreta,co:constitucion:1991:art:368,,,http://www.secretariasenado.gov.co/senado/basedoc/constitucion_politica_1991.html
co:cc:c-082:1993,interpreta,co:constitucion:1991:art:370,,,http://www.secretariasenado.gov.co/senado/basedoc/constitucion_politica_1991.html
co:cc:c-153:1993,interpreta,co:constitucion:1991:art:370,,,http://www.secretariasenado.gov.co/senado/basedoc/constitucion_politica_1991.html
co:cc:c-169:1993,interpreta,co:constitucion:1991:art:370,,,http://www.secretariasenado.gov.co/senado/basedoc/constitucion_politica_1991.html
co:cc:c-266:1993,interpreta,co:constitucion:1991:art:370,,,http://www.secretariasenado.gov.co/senado/basedoc/constitucion_politica_1991.html
co:cc:c-267:1993,interpreta,co:constitucion:1991:art:370,,,http://www.secretariasenado.gov.co/senado/basedoc/constitucion_politica_1991.html
co:cc:c-268:1993,interpreta,co:constitucion:1991:art:370,,,http://www.secretariasenado.gov.co/senado/basedoc/constitucion_politica_1991.html
co:cc:c-305:2004,interpreta,co:constitucion:1991:art:370,,,http://www.secretariasenado.gov.co/senado/basedoc/constitucion_politica_1991.html
co:cc:c-107:2013,interpreta,co:constitucion:1991:art:370,,,http://www.secretariasenado.gov.co/senado/basedoc/constitucion_politica_1991.html
co:cc:c-478:1992,interpreta,co:constitucion:1991:art:371,,,http://www.secretariasenado.gov.co/senado/basedoc/constitucion_politica_1991.html
co:cc:c-599:1992,interpreta,co:constitucion:1991:art:371,,,http://www.secretariasenado.gov.co/senado/basedoc/constitucion_politica_1991.html
co:cc:c-014:1993,interpreta,co:constitucion:1991:art:371,,,http://www.secretariasenado.gov.co/senado/basedoc/constitucion_politica_1991.html
co:cc:c-021:1993,interpreta,co:constitucion:1991:art:371,,,http://www.secretariasenado.gov.co/senado/basedoc/constitucion_politica_1991.html
co:cc:c-455:1993,interpreta,co:constitucion:1991:art:371,,,http://www.secretariasenado.gov.co/senado/basedoc/constitucion_politica_1991.html
co:cc:c-468:1993,interpreta,co:constitucion:1991:art:371,,,http://www.secretariasenado.gov.co/senado/basedoc/constitucion_politica_1991.html
co:cc:c-529:1993,interpreta,co:constitucion:1991:art:371,,,http://www.secretariasenado.gov.co/senado/basedoc/constitucion_politica_1991.html
co:cc:c-354:2006,interpreta,co:constitucion:1991:art:371,,,http://www.secretariasenado.gov.co/senado/basedoc/constitucion_politica_1991.html
co:cc:c-532:2006,interpreta,co:constitucion:1991:art:371,,,http://www.secretariasenado.gov.co/senado/basedoc/constitucion_politica_1991.html
co:cc:c-823:2011,interpreta,co:constitucion:1991:art:371,,,http://www.secretariasenado.gov.co/senado/basedoc/constitucion_politica_1991.html
co:cc:c-866:2014,interpreta,co:constitucion:1991:art:371,,,http://www.secretariasenado.gov.co/senado/basedoc/constitucion_politica_1991.html
co:cc:c-478:1992,interpreta,co:constitucion:1991:art:372,,,http://www.secretariasenado.gov.co/senado/basedoc/constitucion_politica_1991.html
co:cc:c-599:1992,interpreta,co:constitucion:1991:art:372,,,http://www.secretariasenado.gov.co/senado/basedoc/constitucion_politica_1991.html
co:cc:c-014:1993,interpreta,co:constitucion:1991:art:372,,,http://www.secretariasenado.gov.co/senado/basedoc/constitucion_politica_1991.html
co:cc:c-021:1993,interpreta,co:constitucion:1991:art:372,,,http://www.secretariasenado.gov.co/senado/basedoc/constitucion_politica_1991.html
co:cc:c-455:1993,interpreta,co:constitucion:1991:art:372,,,http://www.secretariasenado.gov.co/senado/basedoc/constitucion_politica_1991.html
co:cc:c-468:1993,interpreta,co:constitucion:1991:art:372,,,http://www.secretariasenado.gov.co/senado/basedoc/constitucion_politica_1991.html
co:cc:c-529:1993,interpreta,co:constitucion:1991:art:372,,,http://www.secretariasenado.gov.co/senado/basedoc/constitucion_politica_1991.html
co:cc:c-354:2006,interpreta,co:constitucion:1991:art:372,,,http://www.secretariasenado.gov.co/senado/basedoc/constitucion_politica_1991.html
co:cc:c-426:2020,interpreta,co:constitucion:1991:art:372,,,http://www.secretariasenado.gov.co/senado/basedoc/constitucion_politica_1991.html
co:cc:c-021:1993,interpreta,co:constitucion:1991:art:373,,,http://www.secretariasenado.gov.co/senado/basedoc/constitucion_politica_1991.html
co:cc:c-024:1993,interpreta,co:constitucion:1991:art:373,,,http://www.secretariasenado.gov.co/senado/basedoc/constitucion_politica_1991.html
co:cc:c-149:1993,interpreta,co:constitucion:1991:art:373,,,http://www.secretariasenado.gov.co/senado/basedoc/constitucion_politica_1991.html
co:cc:c-455:1993,interpreta,co:constitucion:1991:art:373,,,http://www.secretariasenado.gov.co/senado/basedoc/constitucion_politica_1991.html
co:cc:c-468:1993,interpreta,co:constitucion:1991:art:373,,,http://www.secretariasenado.gov.co/senado/basedoc/constitucion_politica_1991.html
co:cc:c-529:1993,interpreta,co:constitucion:1991:art:373,,,http://www.secretariasenado.gov.co/senado/basedoc/constitucion_politica_1991.html
co:cc:c-454:1993,interpreta,co:constitucion:1991:art:374,,,http://www.secretariasenado.gov.co/senado/basedoc/constitucion_politica_1991.html
co:cc:c-1052:2001,interpreta,co:constitucion:1991:art:374,,,http://www.secretariasenado.gov.co/senado/basedoc/constitucion_politica_1991.html
co:cc:c-551:2003,interpreta,co:constitucion:1991:art:374,,,http://www.secretariasenado.gov.co/senado/basedoc/constitucion_politica_1991.html
co:cc:c-141:2010,interpreta,co:constitucion:1991:art:374,,,http://www.secretariasenado.gov.co/senado/basedoc/constitucion_politica_1991.html
co:cc:c-140:2020,interpreta,co:constitucion:1991:art:374,,,http://www.secretariasenado.gov.co/senado/basedoc/constitucion_politica_1991.html
co:cc:c-294:2021,interpreta,co:constitucion:1991:art:374,,,http://www.secretariasenado.gov.co/senado/basedoc/constitucion_politica_1991.html
co:cc:c-428:1993,interpreta,co:constitucion:1991:art:375,,,http://www.secretariasenado.gov.co/senado/basedoc/constitucion_politica_1991.html
co:cc:c-454:1993,interpreta,co:constitucion:1991:art:375,,,http://www.secretariasenado.gov.co/senado/basedoc/constitucion_politica_1991.html
co:cc:c-531:1993,interpreta,co:constitucion:1991:art:375,,,http://www.secretariasenado.gov.co/senado/basedoc/constitucion_politica_1991.html
co:cc:c-966:2003,interpreta,co:constitucion:1991:art:375,,,http://www.secretariasenado.gov.co/senado/basedoc/constitucion_politica_1991.html
co:cc:c-013:2004,interpreta,co:constitucion:1991:art:375,,,http://www.secretariasenado.gov.co/senado/basedoc/constitucion_politica_1991.html
co:cc:c-463:2004,interpreta,co:constitucion:1991:art:375,,,http://www.secretariasenado.gov.co/senado/basedoc/constitucion_politica_1991.html
co:cc:c-472:2004,interpreta,co:constitucion:1991:art:375,,,http://www.secretariasenado.gov.co/senado/basedoc/constitucion_politica_1991.html
co:cc:c-208:2005,interpreta,co:constitucion:1991:art:375,,,http://www.secretariasenado.gov.co/senado/basedoc/constitucion_politica_1991.html
co:cc:c-317:2012,interpreta,co:constitucion:1991:art:375,,,http://www.secretariasenado.gov.co/senado/basedoc/constitucion_politica_1991.html
co:cc:c-535:2012,interpreta,co:constitucion:1991:art:375,,,http://www.secretariasenado.gov.co/senado/basedoc/constitucion_politica_1991.html
co:cc:c-094:2017,interpreta,co:constitucion:1991:art:375,,,http://www.secretariasenado.gov.co/senado/basedoc/constitucion_politica_1991.html
co:cc:c-454:1993,interpreta,co:constitucion:1991:art:376,,,http://www.secretariasenado.gov.co/senado/basedoc/constitucion_politica_1991.html
co:cc:c-531:1993,interpreta,co:constitucion:1991:art:376,,,http://www.secretariasenado.gov.co/senado/basedoc/constitucion_politica_1991.html
co:cc:c-041:2004,interpreta,co:constitucion:1991:art:376,,,http://www.secretariasenado.gov.co/senado/basedoc/constitucion_politica_1991.html
co:cc:c-352:2004,interpreta,co:constitucion:1991:art:376,,,http://www.secretariasenado.gov.co/senado/basedoc/constitucion_politica_1991.html
co:cc:c-301:1993,interpreta,co:constitucion:1991:art:377,,,http://www.secretariasenado.gov.co/senado/basedoc/constitucion_politica_1991.html
co:cc:c-454:1993,interpreta,co:constitucion:1991:art:377,,,http://www.secretariasenado.gov.co/senado/basedoc/constitucion_politica_1991.html
co:cc:c-531:1993,interpreta,co:constitucion:1991:art:377,,,http://www.secretariasenado.gov.co/senado/basedoc/constitucion_politica_1991.html
co:cc:c-352:2004,interpreta,co:constitucion:1991:art:377,,,http://www.secretariasenado.gov.co/senado/basedoc/constitucion_politica_1991.html
co:cc:c-454:1993,interpreta,co:constitucion:1991:art:378,,,http://www.secretariasenado.gov.co/senado/basedoc/constitucion_politica_1991.html
co:cc:c-531:1993,interpreta,co:constitucion:1991:art:378,,,http://www.secretariasenado.gov.co/senado/basedoc/constitucion_politica_1991.html
co:cc:c-041:2004,interpreta,co:constitucion:1991:art:378,,,http://www.secretariasenado.gov.co/senado/basedoc/constitucion_politica_1991.html
co:cc:c-352:2004,interpreta,co:constitucion:1991:art:378,,,http://www.secretariasenado.gov.co/senado/basedoc/constitucion_politica_1991.html
co:cc:c-113:2006,interpreta,co:constitucion:1991:art:378,,,http://www.secretariasenado.gov.co/senado/basedoc/constitucion_politica_1991.html
co:cc:c-784:2014,interpreta,co:constitucion:1991:art:378,,,http://www.secretariasenado.gov.co/senado/basedoc/constitucion_politica_1991.html
co:cc:c-454:1993,interpreta,co:constitucion:1991:art:379,,,http://www.secretariasenado.gov.co/senado/basedoc/constitucion_politica_1991.html
co:cc:c-387:1997,interpreta,co:constitucion:1991:art:379,,,http://www.secretariasenado.gov.co/senado/basedoc/constitucion_politica_1991.html
co:cc:c-551:2003,interpreta,co:constitucion:1991:art:379,,,http://www.secretariasenado.gov.co/senado/basedoc/constitucion_politica_1991.html
co:cc:c-1200:2003,interpreta,co:constitucion:1991:art:379,,,http://www.secretariasenado.gov.co/senado/basedoc/constitucion_politica_1991.html
co:cc:c-1092:2003,interpreta,co:constitucion:1991:art:379,,,http://www.secretariasenado.gov.co/senado/basedoc/constitucion_politica_1991.html
co:cc:c-514:2004,interpreta,co:constitucion:1991:art:379,,,http://www.secretariasenado.gov.co/senado/basedoc/constitucion_politica_1991.html
co:cc:c-816:2004,interpreta,co:constitucion:1991:art:379,,,http://www.secretariasenado.gov.co/senado/basedoc/constitucion_politica_1991.html
co:cc:c-970:2004,interpreta,co:constitucion:1991:art:379,,,http://www.secretariasenado.gov.co/senado/basedoc/constitucion_politica_1991.html
co:cc:c-971:2004,interpreta,co:constitucion:1991:art:379,,,http://www.secretariasenado.gov.co/senado/basedoc/constitucion_politica_1991.html
co:cc:c-1040:2005,interpreta,co:constitucion:1991:art:379,,,http://www.secretariasenado.gov.co/senado/basedoc/constitucion_politica_1991.html
co:cc:c-141:2010,interpreta,co:constitucion:1991:art:379,,,http://www.secretariasenado.gov.co/senado/basedoc/constitucion_politica_1991.html
co:cc:c-397:2010,interpreta,co:constitucion:1991:art:379,,,http://www.secretariasenado.gov.co/senado/basedoc/constitucion_politica_1991.html
co:cc:c-317:2012,interpreta,co:constitucion:1991:art:379,,,http://www.secretariasenado.gov.co/senado/basedoc/constitucion_politica_1991.html
co:cc:c-474:2013,interpreta,co:constitucion:1991:art:379,,,http://www.secretariasenado.gov.co/senado/basedoc/constitucion_politica_1991.html
co:cc:c-013:2014,interpreta,co:constitucion:1991:art:379,,,http://www.secretariasenado.gov.co/senado/basedoc/constitucion_politica_1991.html
co:cc:c-416:1992,interpreta,co:constitucion:1991:art:380,,,http://www.secretariasenado.gov.co/senado/basedoc/constitucion_politica_1991.html
co:cc:c-434:1992,interpreta,co:constitucion:1991:art:380,,,http://www.secretariasenado.gov.co/senado/basedoc/constitucion_politica_1991.html
co:cc:c-435:1992,interpreta,co:constitucion:1991:art:380,,,http://www.secretariasenado.gov.co/senado/basedoc/constitucion_politica_1991.html
co:cc:c-465:1992,interpreta,co:constitucion:1991:art:380,,,http://www.secretariasenado.gov.co/senado/basedoc/constitucion_politica_1991.html
co:cc:c-479:1992,interpreta,co:constitucion:1991:art:380,,,http://www.secretariasenado.gov.co/senado/basedoc/constitucion_politica_1991.html
co:cc:c-511:1992,interpreta,co:constitucion:1991:art:380,,,http://www.secretariasenado.gov.co/senado/basedoc/constitucion_politica_1991.html
co:cc:c-543:1992,interpreta,co:constitucion:1991:art:380,,,http://www.secretariasenado.gov.co/senado/basedoc/constitucion_politica_1991.html
co:cc:c-553:1992,interpreta,co:constitucion:1991:art:380,,,http://www.secretariasenado.gov.co/senado/basedoc/constitucion_politica_1991.html
co:cc:c-590:1992,interpreta,co:constitucion:1991:art:380,,,http://www.secretariasenado.gov.co/senado/basedoc/constitucion_politica_1991.html
co:cc:c-014:1993,interpreta,co:constitucion:1991:art:380,,,http://www.secretariasenado.gov.co/senado/basedoc/constitucion_politica_1991.html
co:cc:c-055:1993,interpreta,co:constitucion:1991:art:380,,,http://www.secretariasenado.gov.co/senado/basedoc/constitucion_politica_1991.html
co:cc:c-260:1993,interpreta,co:constitucion:1991:art:380,,,http://www.secretariasenado.gov.co/senado/basedoc/constitucion_politica_1991.html
co:cc:c-455:1993,interpreta,co:constitucion:1991:art:380,,,http://www.secretariasenado.gov.co/senado/basedoc/constitucion_politica_1991.html
co:cc:c-486:1993,interpreta,co:constitucion:1991:art:380,,,http://www.secretariasenado.gov.co/senado/basedoc/constitucion_politica_1991.html
co:cc:c-932:2006,interpreta,co:constitucion:1991:art:380,,,http://www.secretariasenado.gov.co/senado/basedoc/constitucion_politica_1991.html
co:cc:c-1126:2008,interpreta,co:constitucion:1991:art:transitorio-20,,,http://www.secretariasenado.gov.co/senado/basedoc/constitucion_politica_1991.html
co:cc:c-364:1996,interpreta,co:constitucion:1991:art:transitorio-28,,,http://www.secretariasenado.gov.co/senado/basedoc/constitucion_politica_1991.html
co:cc:c-253:2013,interpreta,co:constitucion:1991:art:transitorio-55,,,http://www.secretariasenado.gov.co/senado/basedoc/constitucion_politica_1991.html
co:cc:c-361:2024,interpreta,co:constitucion:1991:art:transitorio-55,,,http://www.secretariasenado.gov.co/senado/basedoc/constitucion_politica_1991.html
co:cc:c-544:1992,interpreta,co:constitucion:1991:art:transitorio-56,,,http://www.secretariasenado.gov.co/senado/basedoc/constitucion_politica_1991.html
co:cc:c-370:2000,interpreta,co:constitucion:1991:art:transitorio-56,,,http://www.secretariasenado.gov.co/senado/basedoc/constitucion_politica_1991.html
co:cc:c-617:2015,interpreta,co:constitucion:1991:art:transitorio-56,,,http://www.secretariasenado.gov.co/senado/basedoc/constitucion_politica_1991.html
co:cc:c-254:2025,interpreta,co:constitucion:1991:art:transitorio-56,,,http://www.secretariasenado.gov.co/senado/basedoc/constitucion_politica_1991.html
co:acto-legislativo:2:1993:art:1,adiciona,co:constitucion:1991:art:transitorio-60,1993-12-31,fecha aproximada: la fuente solo da el año,http://www.secretariasenado.gov.co/senado/basedoc/constitucion_politica_1991.html
co:acto-legislativo:2:2002:art:7,adiciona,co:constitucion:1991:art:transitorio-60,2002-08-07,,http://www.secretariasenado.gov.co/senado/basedoc/constitucion_politica_1991.html
co:acto-legislativo:1:2009:art:14,adiciona,co:constitucion:1991:art:transitorio-62,2009-07-14,,http://www.secretariasenado.gov.co/senado/basedoc/constitucion_politica_1991.html
co:acto-legislativo:2:2011:art:3,adiciona,co:constitucion:1991:art:transitorio-63,2011-06-21,,http://www.secretariasenado.gov.co/senado/basedoc/constitucion_politica_1991.html
co:cc:c-294:2012,declara_exequible,co:constitucion:1991:art:transitorio-63,2012-04-18,,http://www.secretariasenado.gov.co/senado/basedoc/constitucion_politica_1991.html
co:cc:c-593:2012,interpreta,co:constitucion:1991:art:transitorio-63,,,http://www.secretariasenado.gov.co/senado/basedoc/constitucion_politica_1991.html
co:acto-legislativo:4:2011:art:1,adiciona,co:constitucion:1991:art:transitorio-64,2011-07-07,,http://www.secretariasenado.gov.co/senado/basedoc/constitucion_politica_1991.html
co:cc:c-588:2009,interpreta,co:constitucion:1991:art:transitorio-64,,,http://www.secretariasenado.gov.co/senado/basedoc/constitucion_politica_1991.html
co:cc:c-733:2005,interpreta,co:constitucion:1991:art:transitorio-64,,,http://www.secretariasenado.gov.co/senado/basedoc/constitucion_politica_1991.html
co:acto-legislativo:1:2017:art:3,modifica,co:constitucion:1991:art:transitorio-66,2017-04-04,,http://www.secretariasenado.gov.co/senado/basedoc/constitucion_politica_1991.html
co:cc:c-674:2017,declara_exequible,co:constitucion:1991:art:transitorio-66,2017-11-14,,http://www.secretariasenado.gov.co/senado/basedoc/constitucion_politica_1991.html
co:acto-legislativo:1:2012:art:1,adiciona,co:constitucion:1991:art:transitorio-66,2012-07-31,,http://www.secretariasenado.gov.co/senado/basedoc/constitucion_politica_1991.html
co:acto-legislativo:1:2017:art:4,deroga,co:constitucion:1991:art:transitorio-67,2017-04-04,,http://www.secretariasenado.gov.co/senado/basedoc/constitucion_politica_1991.html
co:acto-legislativo:1:2012:art:3,adiciona,co:constitucion:1991:art:transitorio-67,2012-07-31,,http://www.secretariasenado.gov.co/senado/basedoc/constitucion_politica_1991.html
co:cc:c-577:2014,declara_exequible,co:constitucion:1991:art:transitorio-67,2014-08-06,,http://www.secretariasenado.gov.co/senado/basedoc/constitucion_politica_1991.html
co:cc:c-699:2016,declara_exequible,co:constitucion:1991:art:transitorio-acl01016-1,2016-12-13,,http://www.secretariasenado.gov.co/senado/basedoc/constitucion_politica_1991.html
co:cc:c-332:2017,declara_inexequible,co:constitucion:1991:art:transitorio-acl01016-1,2017-05-17,,http://www.secretariasenado.gov.co/senado/basedoc/constitucion_politica_1991.html
co:acto-legislativo:1:2016:art:1,adiciona,co:constitucion:1991:art:transitorio-acl01016-1,2016-07-07,,http://www.secretariasenado.gov.co/senado/basedoc/constitucion_politica_1991.html
co:acto-legislativo:1:2016:art:2,adiciona,co:constitucion:1991:art:transitorio-acl01016-2,2016-07-07,,http://www.secretariasenado.gov.co/senado/basedoc/constitucion_politica_1991.html
co:cc:c-331:2017,interpreta,co:constitucion:1991:art:transitorio-acl01016-2,,,http://www.secretariasenado.gov.co/senado/basedoc/constitucion_politica_1991.html
co:cc:c-289:2017,interpreta,co:constitucion:1991:art:transitorio-acl01016-2,,,http://www.secretariasenado.gov.co/senado/basedoc/constitucion_politica_1991.html
co:cc:c-253:2017,interpreta,co:constitucion:1991:art:transitorio-acl01016-2,,,http://www.secretariasenado.gov.co/senado/basedoc/constitucion_politica_1991.html
co:cc:c-160:2017,interpreta,co:constitucion:1991:art:transitorio-acl01016-2,,,http://www.secretariasenado.gov.co/senado/basedoc/constitucion_politica_1991.html
co:acto-legislativo:1:2016:art:3,adiciona,co:constitucion:1991:art:transitorio-acl01016-2,2016-07-07,,http://www.secretariasenado.gov.co/senado/basedoc/constitucion_politica_1991.html
co:acto-legislativo:2:2017:art:2,deroga,co:constitucion:1991:art:transitorio-acl01016-4,2017-05-11,,http://www.secretariasenado.gov.co/senado/basedoc/constitucion_politica_1991.html
co:acto-legislativo:1:2016:art:4,adiciona,co:constitucion:1991:art:transitorio-acl01016-4,2016-07-07,,http://www.secretariasenado.gov.co/senado/basedoc/constitucion_politica_1991.html
co:acto-legislativo:1:2017:art:1,adiciona,co:constitucion:1991:art:transitorio-acl01017-20,2017-04-04,,http://www.secretariasenado.gov.co/senado/basedoc/constitucion_politica_1991.html
co:cc:c-674:2017,declara_exequible,co:constitucion:1991:art:transitorio-acl01017-20,2017-11-14,,http://www.secretariasenado.gov.co/senado/basedoc/constitucion_politica_1991.html
co:acto-legislativo:1:2017:art:1,adiciona,co:constitucion:1991:art:transitorio-acl01017-23,2017-04-04,,http://www.secretariasenado.gov.co/senado/basedoc/constitucion_politica_1991.html
co:cc:c-674:2017,declara_exequible,co:constitucion:1991:art:transitorio-acl01017-23,2017-11-14,,http://www.secretariasenado.gov.co/senado/basedoc/constitucion_politica_1991.html
co:acto-legislativo:2:2017:art:1,adiciona,co:constitucion:1991:art:transitorio-acl02017-1,2017-05-11,,http://www.secretariasenado.gov.co/senado/basedoc/constitucion_politica_1991.html
co:cc:c-630:2017,declara_exequible,co:constitucion:1991:art:transitorio-acl02017-1,2017-10-11,,http://www.secretariasenado.gov.co/senado/basedoc/constitucion_politica_1991.html
co:acto-legislativo:3:2017:art:1,adiciona,co:constitucion:1991:art:transitorio-acl02017-1,2017-05-23,,http://www.secretariasenado.gov.co/senado/basedoc/constitucion_politica_1991.html
co:cc:c-027:2018,declara_exequible,co:constitucion:1991:art:transitorio-acl02017-1,2018-04-18,,http://www.secretariasenado.gov.co/senado/basedoc/constitucion_politica_1991.html
co:acto-legislativo:2:2021:art:1,adiciona,co:constitucion:1991:art:transitorio-acl02021-3,2021-08-25,,http://www.secretariasenado.gov.co/senado/basedoc/constitucion_politica_1991.html
co:cc:c-089:2022,declara_exequible,co:constitucion:1991:art:transitorio-acl02021-3,2022-03-10,,http://www.secretariasenado.gov.co/senado/basedoc/constitucion_politica_1991.html
co:acto-legislativo:2:2021:art:1,adiciona,co:constitucion:1991:art:transitorio-acl02021-4,2021-08-25,,http://www.secretariasenado.gov.co/senado/basedoc/constitucion_politica_1991.html
co:cc:c-089:2022,declara_exequible,co:constitucion:1991:art:transitorio-acl02021-4,2022-03-10,,http://www.secretariasenado.gov.co/senado/basedoc/constitucion_politica_1991.html
co:acto-legislativo:2:2021:art:1,adiciona,co:constitucion:1991:art:transitorio-acl02021-5,2021-08-25,,http://www.secretariasenado.gov.co/senado/basedoc/constitucion_politica_1991.html
co:cc:c-089:2022,declara_exequible,co:constitucion:1991:art:transitorio-acl02021-5,2022-03-10,,http://www.secretariasenado.gov.co/senado/basedoc/constitucion_politica_1991.html
co:acto-legislativo:2:2021:art:1,adiciona,co:constitucion:1991:art:transitorio-acl02021-6,2021-08-25,,http://www.secretariasenado.gov.co/senado/basedoc/constitucion_politica_1991.html
co:cc:c-089:2022,declara_exequible,co:constitucion:1991:art:transitorio-acl02021-6,2022-03-10,,http://www.secretariasenado.gov.co/senado/basedoc/constitucion_politica_1991.html
co:acto-legislativo:2:2021:art:1,adiciona,co:constitucion:1991:art:transitorio-acl02021-7,2021-08-25,,http://www.secretariasenado.gov.co/senado/basedoc/constitucion_politica_1991.html
co:cc:c-089:2022,declara_exequible,co:constitucion:1991:art:transitorio-acl02021-7,2022-03-10,,http://www.secretariasenado.gov.co/senado/basedoc/constitucion_politica_1991.html
co:acto-legislativo:2:2021:art:1,adiciona,co:constitucion:1991:art:transitorio-acl02021-8,2021-08-25,,http://www.secretariasenado.gov.co/senado/basedoc/constitucion_politica_1991.html
co:cc:c-089:2022,declara_exequible,co:constitucion:1991:art:transitorio-acl02021-8,2022-03-10,,http://www.secretariasenado.gov.co/senado/basedoc/constitucion_politica_1991.html
co:acto-legislativo:2:2021:art:1,adiciona,co:constitucion:1991:art:transitorio-acl02021-9,2021-08-25,,http://www.secretariasenado.gov.co/senado/basedoc/constitucion_politica_1991.html
co:cc:c-089:2022,declara_exequible,co:constitucion:1991:art:transitorio-acl02021-9,2022-03-10,,http://www.secretariasenado.gov.co/senado/basedoc/constitucion_politica_1991.html
co:acto-legislativo:2:2021:art:1,adiciona,co:constitucion:1991:art:transitorio-acl02021-10,2021-08-25,,http://www.secretariasenado.gov.co/senado/basedoc/constitucion_politica_1991.html
co:cc:c-089:2022,declara_exequible,co:constitucion:1991:art:transitorio-acl02021-10,2022-03-10,,http://www.secretariasenado.gov.co/senado/basedoc/constitucion_politica_1991.html
